pdb_id,asym_id,entity_id,seq_id,mon_id,ndb_seq_num,pdb_seq_num,auth_seq_num,pdb_mon_id,auth_mon_id,pdb_strand_id,pdb_ins_code,hetero,atom_site_record_count,positive_occupancy_heavy_record_count,altlocs_raw,declared_missing_atom_ids,declared_zero_occupancy_atom_ids,residue_observation_status,completeness_scope
8RIY,A,1,1,SER,1,0,?,?,?,AAA,.,n,0,0,,,,unobserved,deposition_flags_not_independent_density_assessment
8RIY,A,1,2,MET,2,1,?,?,?,AAA,.,n,0,0,,,,unobserved,deposition_flags_not_independent_density_assessment
8RIY,A,1,3,GLU,3,2,?,?,?,AAA,.,n,0,0,,,,unobserved,deposition_flags_not_independent_density_assessment
8RIY,A,1,4,SER,4,3,?,?,?,AAA,.,n,0,0,,,,unobserved,deposition_flags_not_independent_density_assessment
8RIY,A,1,5,GLN,5,4,?,?,?,AAA,.,n,0,0,,,,unobserved,deposition_flags_not_independent_density_assessment
8RIY,A,1,6,GLU,6,5,?,?,?,AAA,.,n,0,0,,,,unobserved,deposition_flags_not_independent_density_assessment
8RIY,A,1,7,PRO,7,6,?,?,?,AAA,.,n,0,0,,,,unobserved,deposition_flags_not_independent_density_assessment
8RIY,A,1,8,THR,8,7,?,?,?,AAA,.,n,0,0,,,,unobserved,deposition_flags_not_independent_density_assessment
8RIY,A,1,9,GLU,9,8,?,?,?,AAA,.,n,0,0,,,,unobserved,deposition_flags_not_independent_density_assessment
8RIY,A,1,10,SER,10,9,?,?,?,AAA,.,n,0,0,,,,unobserved,deposition_flags_not_independent_density_assessment
8RIY,A,1,11,SER,11,10,?,?,?,AAA,.,n,0,0,,,,unobserved,deposition_flags_not_independent_density_assessment
8RIY,A,1,12,GLN,12,11,?,?,?,AAA,.,n,0,0,,,,unobserved,deposition_flags_not_independent_density_assessment
8RIY,A,1,13,ASN,13,12,?,?,?,AAA,.,n,0,0,,,,unobserved,deposition_flags_not_independent_density_assessment
8RIY,A,1,14,GLY,14,13,?,?,?,AAA,.,n,0,0,,,,unobserved,deposition_flags_not_independent_density_assessment
8RIY,A,1,15,LYS,15,14,14,LYS,LYS,AAA,.,n,9,9,.,,,no_deposited_missingness_flag,deposition_flags_not_independent_density_assessment
8RIY,A,1,16,GLN,16,15,15,GLN,GLN,AAA,.,n,9,9,.,,,no_deposited_missingness_flag,deposition_flags_not_independent_density_assessment
8RIY,A,1,17,TYR,17,16,16,TYR,TYR,AAA,.,n,12,12,.,,,no_deposited_missingness_flag,deposition_flags_not_independent_density_assessment
8RIY,A,1,18,ILE,18,17,17,ILE,ILE,AAA,.,n,8,8,.,,,no_deposited_missingness_flag,deposition_flags_not_independent_density_assessment
8RIY,A,1,19,ILE,19,18,18,ILE,ILE,AAA,.,n,8,8,.,,,no_deposited_missingness_flag,deposition_flags_not_independent_density_assessment
8RIY,A,1,20,SER,20,19,19,SER,SER,AAA,.,n,6,6,.,,,no_deposited_missingness_flag,deposition_flags_not_independent_density_assessment
8RIY,A,1,21,GLU,21,20,20,GLU,GLU,AAA,.,n,9,9,.,,,no_deposited_missingness_flag,deposition_flags_not_independent_density_assessment
8RIY,A,1,22,GLU,22,21,21,GLU,GLU,AAA,.,n,5,5,.,CG;CD;OE1;OE2,,partial_atom_set,deposition_flags_not_independent_density_assessment
8RIY,A,1,23,LEU,23,22,22,LEU,LEU,AAA,.,n,8,8,.,,,no_deposited_missingness_flag,deposition_flags_not_independent_density_assessment
8RIY,A,1,24,ILE,24,23,23,ILE,ILE,AAA,.,n,8,8,.,,,no_deposited_missingness_flag,deposition_flags_not_independent_density_assessment
8RIY,A,1,25,SER,25,24,24,SER,SER,AAA,.,n,6,6,.,,,no_deposited_missingness_flag,deposition_flags_not_independent_density_assessment
8RIY,A,1,26,GLU,26,25,25,GLU,GLU,AAA,.,n,9,9,.,,,no_deposited_missingness_flag,deposition_flags_not_independent_density_assessment
8RIY,A,1,27,GLY,27,26,26,GLY,GLY,AAA,.,n,4,4,.,,,no_deposited_missingness_flag,deposition_flags_not_independent_density_assessment
8RIY,A,1,28,LYS,28,27,27,LYS,LYS,AAA,.,n,9,9,.,,,no_deposited_missingness_flag,deposition_flags_not_independent_density_assessment
8RIY,A,1,29,TRP,29,28,28,TRP,TRP,AAA,.,n,14,14,.,,,no_deposited_missingness_flag,deposition_flags_not_independent_density_assessment
8RIY,A,1,30,VAL,30,29,29,VAL,VAL,AAA,.,n,7,7,.,,,no_deposited_missingness_flag,deposition_flags_not_independent_density_assessment
8RIY,A,1,31,LYS,31,30,30,LYS,LYS,AAA,.,n,9,9,.,,,no_deposited_missingness_flag,deposition_flags_not_independent_density_assessment
8RIY,A,1,32,LEU,32,31,31,LEU,LEU,AAA,.,n,8,8,.,,,no_deposited_missingness_flag,deposition_flags_not_independent_density_assessment
8RIY,A,1,33,GLU,33,32,32,GLU,GLU,AAA,.,n,9,9,.,,,no_deposited_missingness_flag,deposition_flags_not_independent_density_assessment
8RIY,A,1,34,LYS,34,33,33,LYS,LYS,AAA,.,n,9,9,.,,,no_deposited_missingness_flag,deposition_flags_not_independent_density_assessment
8RIY,A,1,35,THR,35,34,34,THR,THR,AAA,.,n,7,7,.,,,no_deposited_missingness_flag,deposition_flags_not_independent_density_assessment
8RIY,A,1,36,THR,36,35,35,THR,THR,AAA,.,n,7,7,.,,,no_deposited_missingness_flag,deposition_flags_not_independent_density_assessment
8RIY,A,1,37,TYR,37,36,36,TYR,TYR,AAA,.,n,12,12,.,,,no_deposited_missingness_flag,deposition_flags_not_independent_density_assessment
8RIY,A,1,38,MET,38,37,37,MET,MET,AAA,.,n,8,8,.,,,no_deposited_missingness_flag,deposition_flags_not_independent_density_assessment
8RIY,A,1,39,ASP,39,38,38,ASP,ASP,AAA,.,n,8,8,.,,,no_deposited_missingness_flag,deposition_flags_not_independent_density_assessment
8RIY,A,1,40,PRO,40,39,39,PRO,PRO,AAA,.,n,7,7,.,,,no_deposited_missingness_flag,deposition_flags_not_independent_density_assessment
8RIY,A,1,41,THR,41,40,40,THR,THR,AAA,.,n,7,7,.,,,no_deposited_missingness_flag,deposition_flags_not_independent_density_assessment
8RIY,A,1,42,GLY,42,41,41,GLY,GLY,AAA,.,n,4,4,.,,,no_deposited_missingness_flag,deposition_flags_not_independent_density_assessment
8RIY,A,1,43,LYS,43,42,42,LYS,LYS,AAA,.,n,9,9,.,,,no_deposited_missingness_flag,deposition_flags_not_independent_density_assessment
8RIY,A,1,44,THR,44,43,43,THR,THR,AAA,.,n,7,7,.,,,no_deposited_missingness_flag,deposition_flags_not_independent_density_assessment
8RIY,A,1,45,ARG,45,44,44,ARG,ARG,AAA,.,n,11,11,.,,,no_deposited_missingness_flag,deposition_flags_not_independent_density_assessment
8RIY,A,1,46,THR,46,45,45,THR,THR,AAA,.,n,7,7,.,,,no_deposited_missingness_flag,deposition_flags_not_independent_density_assessment
8RIY,A,1,47,TRP,47,46,46,TRP,TRP,AAA,.,n,14,14,.,,,no_deposited_missingness_flag,deposition_flags_not_independent_density_assessment
8RIY,A,1,48,GLU,48,47,47,GLU,GLU,AAA,.,n,9,9,.,,,no_deposited_missingness_flag,deposition_flags_not_independent_density_assessment
8RIY,A,1,49,SER,49,48,48,SER,SER,AAA,.,n,6,6,.,,,no_deposited_missingness_flag,deposition_flags_not_independent_density_assessment
8RIY,A,1,50,VAL,50,49,49,VAL,VAL,AAA,.,n,7,7,.,,,no_deposited_missingness_flag,deposition_flags_not_independent_density_assessment
8RIY,A,1,51,LYS,51,50,50,LYS,LYS,AAA,.,n,9,9,.,,,no_deposited_missingness_flag,deposition_flags_not_independent_density_assessment
8RIY,A,1,52,ARG,52,51,51,ARG,ARG,AAA,.,n,11,10,.,,CZ,partial_atom_set,deposition_flags_not_independent_density_assessment
8RIY,A,1,53,THR,53,52,52,THR,THR,AAA,.,n,7,7,.,,,no_deposited_missingness_flag,deposition_flags_not_independent_density_assessment
8RIY,A,1,54,THR,54,53,53,THR,THR,AAA,.,n,7,7,.,,,no_deposited_missingness_flag,deposition_flags_not_independent_density_assessment
8RIY,A,1,55,ARG,55,54,54,ARG,ARG,AAA,.,n,6,6,.,CD;NE;CZ;NH1;NH2,,partial_atom_set,deposition_flags_not_independent_density_assessment
8RIY,A,1,56,LYS,56,55,55,LYS,LYS,AAA,.,n,5,5,.,CG;CD;CE;NZ,,partial_atom_set,deposition_flags_not_independent_density_assessment
8RIY,A,1,57,GLU,57,56,56,GLU,GLU,AAA,.,n,5,5,.,CG;CD;OE1;OE2,,partial_atom_set,deposition_flags_not_independent_density_assessment
8RIY,A,1,58,GLN,58,57,57,GLN,GLN,AAA,.,n,5,5,.,CG;CD;OE1;NE2,,partial_atom_set,deposition_flags_not_independent_density_assessment
8RIY,A,1,59,THR,59,58,58,THR,THR,AAA,.,n,7,7,.,,,no_deposited_missingness_flag,deposition_flags_not_independent_density_assessment
8RIY,A,1,60,ALA,60,59,59,ALA,ALA,AAA,.,n,5,5,.,,,no_deposited_missingness_flag,deposition_flags_not_independent_density_assessment
8RIY,A,1,61,ASP,61,60,60,ASP,ASP,AAA,.,n,8,8,.,,,no_deposited_missingness_flag,deposition_flags_not_independent_density_assessment
8RIY,A,1,62,GLY,62,61,61,GLY,GLY,AAA,.,n,4,4,.,,,no_deposited_missingness_flag,deposition_flags_not_independent_density_assessment
8RIY,A,1,63,VAL,63,62,62,VAL,VAL,AAA,.,n,7,7,.,,,no_deposited_missingness_flag,deposition_flags_not_independent_density_assessment
8RIY,A,1,64,ALA,64,63,63,ALA,ALA,AAA,.,n,5,5,.,,,no_deposited_missingness_flag,deposition_flags_not_independent_density_assessment
8RIY,A,1,65,VAL,65,64,64,VAL,VAL,AAA,.,n,7,7,.,,,no_deposited_missingness_flag,deposition_flags_not_independent_density_assessment
8RIY,A,1,66,ILE,66,65,65,ILE,ILE,AAA,.,n,8,8,.,,,no_deposited_missingness_flag,deposition_flags_not_independent_density_assessment
8RIY,A,1,67,PRO,67,66,66,PRO,PRO,AAA,.,n,7,7,.,,,no_deposited_missingness_flag,deposition_flags_not_independent_density_assessment
8RIY,A,1,68,VAL,68,67,67,VAL,VAL,AAA,.,n,7,7,.,,,no_deposited_missingness_flag,deposition_flags_not_independent_density_assessment
8RIY,A,1,69,LEU,69,68,68,LEU,LEU,AAA,.,n,8,8,.,,,no_deposited_missingness_flag,deposition_flags_not_independent_density_assessment
8RIY,A,1,70,GLN,70,69,69,GLN,GLN,AAA,.,n,9,9,.,,,no_deposited_missingness_flag,deposition_flags_not_independent_density_assessment
8RIY,A,1,71,ARG,71,70,70,ARG,ARG,AAA,.,n,11,11,.,,,no_deposited_missingness_flag,deposition_flags_not_independent_density_assessment
8RIY,A,1,72,THR,72,71,71,THR,THR,AAA,.,n,7,7,.,,,no_deposited_missingness_flag,deposition_flags_not_independent_density_assessment
8RIY,A,1,73,LEU,73,72,72,LEU,LEU,AAA,.,n,5,5,.,CG;CD1;CD2,,partial_atom_set,deposition_flags_not_independent_density_assessment
8RIY,A,1,74,HIS,74,73,73,HIS,HIS,AAA,.,n,10,10,.,,,no_deposited_missingness_flag,deposition_flags_not_independent_density_assessment
8RIY,A,1,75,TYR,75,74,74,TYR,TYR,AAA,.,n,12,12,.,,,no_deposited_missingness_flag,deposition_flags_not_independent_density_assessment
8RIY,A,1,76,GLU,76,75,75,GLU,GLU,AAA,.,n,9,9,.,,,no_deposited_missingness_flag,deposition_flags_not_independent_density_assessment
8RIY,A,1,77,CYS,77,76,76,CYS,CYS,AAA,.,n,6,6,.,,,no_deposited_missingness_flag,deposition_flags_not_independent_density_assessment
8RIY,A,1,78,ILE,78,77,77,ILE,ILE,AAA,.,n,8,8,.,,,no_deposited_missingness_flag,deposition_flags_not_independent_density_assessment
8RIY,A,1,79,VAL,79,78,78,VAL,VAL,AAA,.,n,7,7,.,,,no_deposited_missingness_flag,deposition_flags_not_independent_density_assessment
8RIY,A,1,80,LEU,80,79,79,LEU,LEU,AAA,.,n,8,8,.,,,no_deposited_missingness_flag,deposition_flags_not_independent_density_assessment
8RIY,A,1,81,VAL,81,80,80,VAL,VAL,AAA,.,n,7,7,.,,,no_deposited_missingness_flag,deposition_flags_not_independent_density_assessment
8RIY,A,1,82,LYS,82,81,81,LYS,LYS,AAA,.,n,8,8,.,NZ,,partial_atom_set,deposition_flags_not_independent_density_assessment
8RIY,A,1,83,GLN,83,82,82,GLN,GLN,AAA,.,n,9,9,.,,,no_deposited_missingness_flag,deposition_flags_not_independent_density_assessment
8RIY,A,1,84,PHE,84,83,83,PHE,PHE,AAA,.,n,11,11,.,,,no_deposited_missingness_flag,deposition_flags_not_independent_density_assessment
8RIY,A,1,85,ARG,85,84,84,ARG,ARG,AAA,.,n,11,11,.,,,no_deposited_missingness_flag,deposition_flags_not_independent_density_assessment
8RIY,A,1,86,PRO,86,85,85,PRO,PRO,AAA,.,n,7,7,.,,,no_deposited_missingness_flag,deposition_flags_not_independent_density_assessment
8RIY,A,1,87,PRO,87,86,86,PRO,PRO,AAA,.,n,7,7,.,,,no_deposited_missingness_flag,deposition_flags_not_independent_density_assessment
8RIY,A,1,88,MET,88,87,87,MET,MET,AAA,.,n,8,8,.,,,no_deposited_missingness_flag,deposition_flags_not_independent_density_assessment
8RIY,A,1,89,GLY,89,88,88,GLY,GLY,AAA,.,n,4,4,.,,,no_deposited_missingness_flag,deposition_flags_not_independent_density_assessment
8RIY,A,1,90,GLY,90,89,89,GLY,GLY,AAA,.,n,4,4,.,,,no_deposited_missingness_flag,deposition_flags_not_independent_density_assessment
8RIY,A,1,91,TYR,91,90,90,TYR,TYR,AAA,.,n,12,12,.,,,no_deposited_missingness_flag,deposition_flags_not_independent_density_assessment
8RIY,A,1,92,CYS,92,91,91,CYS,CYS,AAA,.,n,6,6,.,,,no_deposited_missingness_flag,deposition_flags_not_independent_density_assessment
8RIY,A,1,93,ILE,93,92,92,ILE,ILE,AAA,.,n,8,8,.,,,no_deposited_missingness_flag,deposition_flags_not_independent_density_assessment
8RIY,A,1,94,GLU,94,93,93,GLU,GLU,AAA,.,n,9,9,.,,,no_deposited_missingness_flag,deposition_flags_not_independent_density_assessment
8RIY,A,1,95,PHE,95,94,94,PHE,PHE,AAA,.,n,11,11,.,,,no_deposited_missingness_flag,deposition_flags_not_independent_density_assessment
8RIY,A,1,96,PRO,96,95,95,PRO,PRO,AAA,.,n,7,7,.,,,no_deposited_missingness_flag,deposition_flags_not_independent_density_assessment
8RIY,A,1,97,ALA,97,96,96,ALA,ALA,AAA,.,n,5,5,.,,,no_deposited_missingness_flag,deposition_flags_not_independent_density_assessment
8RIY,A,1,98,GLY,98,97,97,GLY,GLY,AAA,.,n,4,4,.,,,no_deposited_missingness_flag,deposition_flags_not_independent_density_assessment
8RIY,A,1,99,LEU,99,98,98,LEU,LEU,AAA,.,n,8,8,.,,,no_deposited_missingness_flag,deposition_flags_not_independent_density_assessment
8RIY,A,1,100,ILE,100,99,99,ILE,ILE,AAA,.,n,8,8,.,,,no_deposited_missingness_flag,deposition_flags_not_independent_density_assessment
8RIY,A,1,101,ASP,101,100,100,ASP,ASP,AAA,.,n,8,8,.,,,no_deposited_missingness_flag,deposition_flags_not_independent_density_assessment
8RIY,A,1,102,ASP,102,101,101,ASP,ASP,AAA,.,n,8,8,.,,,no_deposited_missingness_flag,deposition_flags_not_independent_density_assessment
8RIY,A,1,103,GLY,103,102,102,GLY,GLY,AAA,.,n,4,4,.,,,no_deposited_missingness_flag,deposition_flags_not_independent_density_assessment
8RIY,A,1,104,GLU,104,103,103,GLU,GLU,AAA,.,n,9,9,.,,,no_deposited_missingness_flag,deposition_flags_not_independent_density_assessment
8RIY,A,1,105,THR,105,104,104,THR,THR,AAA,.,n,7,7,.,,,no_deposited_missingness_flag,deposition_flags_not_independent_density_assessment
8RIY,A,1,106,PRO,106,105,105,PRO,PRO,AAA,.,n,7,7,.,,,no_deposited_missingness_flag,deposition_flags_not_independent_density_assessment
8RIY,A,1,107,GLU,107,106,106,GLU,GLU,AAA,.,n,9,9,.,,,no_deposited_missingness_flag,deposition_flags_not_independent_density_assessment
8RIY,A,1,108,ALA,108,107,107,ALA,ALA,AAA,.,n,5,5,.,,,no_deposited_missingness_flag,deposition_flags_not_independent_density_assessment
8RIY,A,1,109,ALA,109,108,108,ALA,ALA,AAA,.,n,5,5,.,,,no_deposited_missingness_flag,deposition_flags_not_independent_density_assessment
8RIY,A,1,110,ALA,110,109,109,ALA,ALA,AAA,.,n,5,5,.,,,no_deposited_missingness_flag,deposition_flags_not_independent_density_assessment
8RIY,A,1,111,LEU,111,110,110,LEU,LEU,AAA,.,n,8,8,.,,,no_deposited_missingness_flag,deposition_flags_not_independent_density_assessment
8RIY,A,1,112,ARG,112,111,111,ARG,ARG,AAA,.,n,11,11,.,,,no_deposited_missingness_flag,deposition_flags_not_independent_density_assessment
8RIY,A,1,113,GLU,113,112,112,GLU,GLU,AAA,.,n,9,9,.,,,no_deposited_missingness_flag,deposition_flags_not_independent_density_assessment
8RIY,A,1,114,LEU,114,113,113,LEU,LEU,AAA,.,n,8,8,.,,,no_deposited_missingness_flag,deposition_flags_not_independent_density_assessment
8RIY,A,1,115,GLU,115,114,114,GLU,GLU,AAA,.,n,9,9,.,,,no_deposited_missingness_flag,deposition_flags_not_independent_density_assessment
8RIY,A,1,116,GLU,116,115,115,GLU,GLU,AAA,.,n,9,9,.,,,no_deposited_missingness_flag,deposition_flags_not_independent_density_assessment
8RIY,A,1,117,GLU,117,116,116,GLU,GLU,AAA,.,n,9,9,.,,,no_deposited_missingness_flag,deposition_flags_not_independent_density_assessment
8RIY,A,1,118,THR,118,117,117,THR,THR,AAA,.,n,7,7,.,,,no_deposited_missingness_flag,deposition_flags_not_independent_density_assessment
8RIY,A,1,119,GLY,119,118,118,GLY,GLY,AAA,.,n,4,4,.,,,no_deposited_missingness_flag,deposition_flags_not_independent_density_assessment
8RIY,A,1,120,TYR,120,119,119,TYR,TYR,AAA,.,n,12,12,.,,,no_deposited_missingness_flag,deposition_flags_not_independent_density_assessment
8RIY,A,1,121,LYS,121,120,120,LYS,LYS,AAA,.,n,9,9,.,,,no_deposited_missingness_flag,deposition_flags_not_independent_density_assessment
8RIY,A,1,122,GLY,122,121,121,GLY,GLY,AAA,.,n,4,4,.,,,no_deposited_missingness_flag,deposition_flags_not_independent_density_assessment
8RIY,A,1,123,ASP,123,122,122,ASP,ASP,AAA,.,n,8,8,.,,,no_deposited_missingness_flag,deposition_flags_not_independent_density_assessment
8RIY,A,1,124,ILE,124,123,123,ILE,ILE,AAA,.,n,8,8,.,,,no_deposited_missingness_flag,deposition_flags_not_independent_density_assessment
8RIY,A,1,125,ALA,125,124,124,ALA,ALA,AAA,.,n,5,5,.,,,no_deposited_missingness_flag,deposition_flags_not_independent_density_assessment
8RIY,A,1,126,GLU,126,125,125,GLU,GLU,AAA,.,n,9,9,.,,,no_deposited_missingness_flag,deposition_flags_not_independent_density_assessment
8RIY,A,1,127,CYS,127,126,126,CYS,CYS,AAA,.,n,6,6,.,,,no_deposited_missingness_flag,deposition_flags_not_independent_density_assessment
8RIY,A,1,128,SER,128,127,127,SER,SER,AAA,.,n,6,6,.,,,no_deposited_missingness_flag,deposition_flags_not_independent_density_assessment
8RIY,A,1,129,PRO,129,128,128,PRO,PRO,AAA,.,n,7,7,.,,,no_deposited_missingness_flag,deposition_flags_not_independent_density_assessment
8RIY,A,1,130,ALA,130,129,129,ALA,ALA,AAA,.,n,5,5,.,,,no_deposited_missingness_flag,deposition_flags_not_independent_density_assessment
8RIY,A,1,131,VAL,131,130,130,VAL,VAL,AAA,.,n,7,7,.,,,no_deposited_missingness_flag,deposition_flags_not_independent_density_assessment
8RIY,A,1,132,CYS,132,131,131,CYS,CYS,AAA,.,n,6,6,.,,,no_deposited_missingness_flag,deposition_flags_not_independent_density_assessment
8RIY,A,1,133,MET,133,132,132,MET,MET,AAA,.,n,8,8,.,,,no_deposited_missingness_flag,deposition_flags_not_independent_density_assessment
8RIY,A,1,134,ASP,134,133,133,ASP,ASP,AAA,.,n,8,8,.,,,no_deposited_missingness_flag,deposition_flags_not_independent_density_assessment
8RIY,A,1,135,PRO,135,134,134,PRO,PRO,AAA,.,n,7,7,.,,,no_deposited_missingness_flag,deposition_flags_not_independent_density_assessment
8RIY,A,1,136,GLY,136,135,135,GLY,GLY,AAA,.,n,4,4,.,,,no_deposited_missingness_flag,deposition_flags_not_independent_density_assessment
8RIY,A,1,137,LEU,137,136,136,LEU,LEU,AAA,.,n,8,8,.,,,no_deposited_missingness_flag,deposition_flags_not_independent_density_assessment
8RIY,A,1,138,SER,138,137,137,SER,SER,AAA,.,n,6,6,.,,,no_deposited_missingness_flag,deposition_flags_not_independent_density_assessment
8RIY,A,1,139,ASN,139,138,138,ASN,ASN,AAA,.,n,8,8,.,,,no_deposited_missingness_flag,deposition_flags_not_independent_density_assessment
8RIY,A,1,140,CYS,140,139,139,CYS,CYS,AAA,.,n,6,6,.,,,no_deposited_missingness_flag,deposition_flags_not_independent_density_assessment
8RIY,A,1,141,THR,141,140,140,THR,THR,AAA,.,n,7,7,.,,,no_deposited_missingness_flag,deposition_flags_not_independent_density_assessment
8RIY,A,1,142,ILE,142,141,141,ILE,ILE,AAA,.,n,8,8,.,,,no_deposited_missingness_flag,deposition_flags_not_independent_density_assessment
8RIY,A,1,143,HIS,143,142,142,HIS,HIS,AAA,.,n,10,10,.,,,no_deposited_missingness_flag,deposition_flags_not_independent_density_assessment
8RIY,A,1,144,ILE,144,143,143,ILE,ILE,AAA,.,n,8,8,.,,,no_deposited_missingness_flag,deposition_flags_not_independent_density_assessment
8RIY,A,1,145,VAL,145,144,144,VAL,VAL,AAA,.,n,7,7,.,,,no_deposited_missingness_flag,deposition_flags_not_independent_density_assessment
8RIY,A,1,146,THR,146,145,145,THR,THR,AAA,.,n,7,7,.,,,no_deposited_missingness_flag,deposition_flags_not_independent_density_assessment
8RIY,A,1,147,VAL,147,146,146,VAL,VAL,AAA,.,n,7,7,.,,,no_deposited_missingness_flag,deposition_flags_not_independent_density_assessment
8RIY,A,1,148,THR,148,147,147,THR,THR,AAA,.,n,7,7,.,,,no_deposited_missingness_flag,deposition_flags_not_independent_density_assessment
8RIY,A,1,149,ILE,149,148,148,ILE,ILE,AAA,.,n,8,8,.,,,no_deposited_missingness_flag,deposition_flags_not_independent_density_assessment
8RIY,A,1,150,ASN,150,149,149,ASN,ASN,AAA,.,n,8,8,.,,,no_deposited_missingness_flag,deposition_flags_not_independent_density_assessment
8RIY,A,1,151,GLY,151,150,150,GLY,GLY,AAA,.,n,4,4,.,,,no_deposited_missingness_flag,deposition_flags_not_independent_density_assessment
8RIY,A,1,152,ASP,152,151,151,ASP,ASP,AAA,.,n,8,8,.,,,no_deposited_missingness_flag,deposition_flags_not_independent_density_assessment
8RIY,A,1,153,ASP,153,152,152,ASP,ASP,AAA,.,n,8,8,.,,,no_deposited_missingness_flag,deposition_flags_not_independent_density_assessment
8RIY,A,1,154,ALA,154,153,153,ALA,ALA,AAA,.,n,5,5,.,,,no_deposited_missingness_flag,deposition_flags_not_independent_density_assessment
8RIY,A,1,155,GLU,155,154,154,GLU,GLU,AAA,.,n,9,9,.,,,no_deposited_missingness_flag,deposition_flags_not_independent_density_assessment
8RIY,A,1,156,ASN,156,155,155,ASN,ASN,AAA,.,n,8,8,.,,,no_deposited_missingness_flag,deposition_flags_not_independent_density_assessment
8RIY,A,1,157,ALA,157,156,156,ALA,ALA,AAA,.,n,5,5,.,,,no_deposited_missingness_flag,deposition_flags_not_independent_density_assessment
8RIY,A,1,158,ARG,158,157,157,ARG,ARG,AAA,.,n,5,5,.,CG;CD;NE;CZ;NH1;NH2,,partial_atom_set,deposition_flags_not_independent_density_assessment
8RIY,A,1,159,PRO,159,158,158,PRO,PRO,AAA,.,n,7,7,.,,,no_deposited_missingness_flag,deposition_flags_not_independent_density_assessment
8RIY,A,1,160,LYS,160,159,159,LYS,LYS,AAA,.,n,5,5,.,CG;CD;CE;NZ,,partial_atom_set,deposition_flags_not_independent_density_assessment
8RIY,A,1,161,PRO,161,160,160,PRO,PRO,AAA,.,n,7,7,.,,,no_deposited_missingness_flag,deposition_flags_not_independent_density_assessment
8RIY,A,1,162,LYS,162,161,161,LYS,LYS,AAA,.,n,5,5,.,CG;CD;CE;NZ,,partial_atom_set,deposition_flags_not_independent_density_assessment
8RIY,A,1,163,PRO,163,162,162,PRO,PRO,AAA,.,n,7,7,.,,,no_deposited_missingness_flag,deposition_flags_not_independent_density_assessment
8RIY,A,1,164,GLY,164,163,163,GLY,GLY,AAA,.,n,4,4,.,,,no_deposited_missingness_flag,deposition_flags_not_independent_density_assessment
8RIY,A,1,165,ASP,165,164,164,ASP,ASP,AAA,.,n,8,8,.,,,no_deposited_missingness_flag,deposition_flags_not_independent_density_assessment
8RIY,A,1,166,GLY,166,165,165,GLY,GLY,AAA,.,n,4,4,.,,,no_deposited_missingness_flag,deposition_flags_not_independent_density_assessment
8RIY,A,1,167,GLU,167,166,166,GLU,GLU,AAA,.,n,9,9,.,,,no_deposited_missingness_flag,deposition_flags_not_independent_density_assessment
8RIY,A,1,168,PHE,168,167,167,PHE,PHE,AAA,.,n,11,11,.,,,no_deposited_missingness_flag,deposition_flags_not_independent_density_assessment
8RIY,A,1,169,VAL,169,168,168,VAL,VAL,AAA,.,n,7,7,.,,,no_deposited_missingness_flag,deposition_flags_not_independent_density_assessment
8RIY,A,1,170,GLU,170,169,169,GLU,GLU,AAA,.,n,9,9,.,,,no_deposited_missingness_flag,deposition_flags_not_independent_density_assessment
8RIY,A,1,171,VAL,171,170,170,VAL,VAL,AAA,.,n,7,7,.,,,no_deposited_missingness_flag,deposition_flags_not_independent_density_assessment
8RIY,A,1,172,ILE,172,171,171,ILE,ILE,AAA,.,n,8,8,.,,,no_deposited_missingness_flag,deposition_flags_not_independent_density_assessment
8RIY,A,1,173,SER,173,172,172,SER,SER,AAA,.,n,6,6,.,,,no_deposited_missingness_flag,deposition_flags_not_independent_density_assessment
8RIY,A,1,174,LEU,174,173,173,LEU,LEU,AAA,.,n,8,8,.,,,no_deposited_missingness_flag,deposition_flags_not_independent_density_assessment
8RIY,A,1,175,PRO,175,174,174,PRO,PRO,AAA,.,n,7,7,.,,,no_deposited_missingness_flag,deposition_flags_not_independent_density_assessment
8RIY,A,1,176,LYS,176,175,175,LYS,LYS,AAA,.,n,9,9,.,,,no_deposited_missingness_flag,deposition_flags_not_independent_density_assessment
8RIY,A,1,177,ASN,177,176,176,ASN,ASN,AAA,.,n,8,8,.,,,no_deposited_missingness_flag,deposition_flags_not_independent_density_assessment
8RIY,A,1,178,ASP,178,177,177,ASP,ASP,AAA,.,n,8,8,.,,,no_deposited_missingness_flag,deposition_flags_not_independent_density_assessment
8RIY,A,1,179,LEU,179,178,178,LEU,LEU,AAA,.,n,8,8,.,,,no_deposited_missingness_flag,deposition_flags_not_independent_density_assessment
8RIY,A,1,180,LEU,180,179,179,LEU,LEU,AAA,.,n,8,8,.,,,no_deposited_missingness_flag,deposition_flags_not_independent_density_assessment
8RIY,A,1,181,GLN,181,180,180,GLN,GLN,AAA,.,n,9,9,.,,,no_deposited_missingness_flag,deposition_flags_not_independent_density_assessment
8RIY,A,1,182,ARG,182,181,181,ARG,ARG,AAA,.,n,11,11,.,,,no_deposited_missingness_flag,deposition_flags_not_independent_density_assessment
8RIY,A,1,183,LEU,183,182,182,LEU,LEU,AAA,.,n,8,8,.,,,no_deposited_missingness_flag,deposition_flags_not_independent_density_assessment
8RIY,A,1,184,ASP,184,183,183,ASP,ASP,AAA,.,n,8,8,.,,,no_deposited_missingness_flag,deposition_flags_not_independent_density_assessment
8RIY,A,1,185,ALA,185,184,184,ALA,ALA,AAA,.,n,5,5,.,,,no_deposited_missingness_flag,deposition_flags_not_independent_density_assessment
8RIY,A,1,186,LEU,186,185,185,LEU,LEU,AAA,.,n,8,8,.,,,no_deposited_missingness_flag,deposition_flags_not_independent_density_assessment
8RIY,A,1,187,VAL,187,186,186,VAL,VAL,AAA,.,n,7,7,.,,,no_deposited_missingness_flag,deposition_flags_not_independent_density_assessment
8RIY,A,1,188,ALA,188,187,187,ALA,ALA,AAA,.,n,5,5,.,,,no_deposited_missingness_flag,deposition_flags_not_independent_density_assessment
8RIY,A,1,189,GLU,189,188,188,GLU,GLU,AAA,.,n,5,5,.,CG;CD;OE1;OE2,,partial_atom_set,deposition_flags_not_independent_density_assessment
8RIY,A,1,190,GLU,190,189,189,GLU,GLU,AAA,.,n,6,6,.,CD;OE1;OE2,,partial_atom_set,deposition_flags_not_independent_density_assessment
8RIY,A,1,191,HIS,191,190,190,HIS,HIS,AAA,.,n,5,5,.,CG;ND1;CD2;CE1;NE2,,partial_atom_set,deposition_flags_not_independent_density_assessment
8RIY,A,1,192,LEU,192,191,191,LEU,LEU,AAA,.,n,8,8,.,,,no_deposited_missingness_flag,deposition_flags_not_independent_density_assessment
8RIY,A,1,193,THR,193,192,192,THR,THR,AAA,.,n,7,7,.,,,no_deposited_missingness_flag,deposition_flags_not_independent_density_assessment
8RIY,A,1,194,VAL,194,193,193,VAL,VAL,AAA,.,n,7,7,.,,,no_deposited_missingness_flag,deposition_flags_not_independent_density_assessment
8RIY,A,1,195,ASP,195,194,194,ASP,ASP,AAA,.,n,8,8,.,,,no_deposited_missingness_flag,deposition_flags_not_independent_density_assessment
8RIY,A,1,196,ALA,196,195,195,ALA,ALA,AAA,.,n,5,5,.,,,no_deposited_missingness_flag,deposition_flags_not_independent_density_assessment
8RIY,A,1,197,ARG,197,196,196,ARG,ARG,AAA,.,n,11,11,.,,,no_deposited_missingness_flag,deposition_flags_not_independent_density_assessment
8RIY,A,1,198,VAL,198,197,197,VAL,VAL,AAA,.,n,7,7,.,,,no_deposited_missingness_flag,deposition_flags_not_independent_density_assessment
8RIY,A,1,199,TYR,199,198,198,TYR,TYR,AAA,.,n,12,12,.,,,no_deposited_missingness_flag,deposition_flags_not_independent_density_assessment
8RIY,A,1,200,SER,200,199,199,SER,SER,AAA,.,n,6,6,.,,,no_deposited_missingness_flag,deposition_flags_not_independent_density_assessment
8RIY,A,1,201,TYR,201,200,200,TYR,TYR,AAA,.,n,12,12,.,,,no_deposited_missingness_flag,deposition_flags_not_independent_density_assessment
8RIY,A,1,202,ALA,202,201,201,ALA,ALA,AAA,.,n,5,5,.,,,no_deposited_missingness_flag,deposition_flags_not_independent_density_assessment
8RIY,A,1,203,LEU,203,202,202,LEU,LEU,AAA,.,n,8,8,.,,,no_deposited_missingness_flag,deposition_flags_not_independent_density_assessment
8RIY,A,1,204,ALA,204,203,203,ALA,ALA,AAA,.,n,5,5,.,,,no_deposited_missingness_flag,deposition_flags_not_independent_density_assessment
8RIY,A,1,205,LEU,205,204,204,LEU,LEU,AAA,.,n,8,8,.,,,no_deposited_missingness_flag,deposition_flags_not_independent_density_assessment
8RIY,A,1,206,LYS,206,205,205,LYS,LYS,AAA,.,n,9,9,.,,,no_deposited_missingness_flag,deposition_flags_not_independent_density_assessment
8RIY,A,1,207,HIS,207,206,206,HIS,HIS,AAA,.,n,10,10,.,,,no_deposited_missingness_flag,deposition_flags_not_independent_density_assessment
8RIY,A,1,208,ALA,208,207,207,ALA,ALA,AAA,.,n,5,5,.,,,no_deposited_missingness_flag,deposition_flags_not_independent_density_assessment
8RIY,A,1,209,ASN,209,208,208,ASN,ASN,AAA,.,n,9,9,.,,,no_deposited_missingness_flag,deposition_flags_not_independent_density_assessment
8RIY,B,1,1,SER,1,0,?,?,?,BBB,.,n,0,0,,,,unobserved,deposition_flags_not_independent_density_assessment
8RIY,B,1,2,MET,2,1,?,?,?,BBB,.,n,0,0,,,,unobserved,deposition_flags_not_independent_density_assessment
8RIY,B,1,3,GLU,3,2,?,?,?,BBB,.,n,0,0,,,,unobserved,deposition_flags_not_independent_density_assessment
8RIY,B,1,4,SER,4,3,?,?,?,BBB,.,n,0,0,,,,unobserved,deposition_flags_not_independent_density_assessment
8RIY,B,1,5,GLN,5,4,?,?,?,BBB,.,n,0,0,,,,unobserved,deposition_flags_not_independent_density_assessment
8RIY,B,1,6,GLU,6,5,?,?,?,BBB,.,n,0,0,,,,unobserved,deposition_flags_not_independent_density_assessment
8RIY,B,1,7,PRO,7,6,?,?,?,BBB,.,n,0,0,,,,unobserved,deposition_flags_not_independent_density_assessment
8RIY,B,1,8,THR,8,7,?,?,?,BBB,.,n,0,0,,,,unobserved,deposition_flags_not_independent_density_assessment
8RIY,B,1,9,GLU,9,8,?,?,?,BBB,.,n,0,0,,,,unobserved,deposition_flags_not_independent_density_assessment
8RIY,B,1,10,SER,10,9,?,?,?,BBB,.,n,0,0,,,,unobserved,deposition_flags_not_independent_density_assessment
8RIY,B,1,11,SER,11,10,?,?,?,BBB,.,n,0,0,,,,unobserved,deposition_flags_not_independent_density_assessment
8RIY,B,1,12,GLN,12,11,?,?,?,BBB,.,n,0,0,,,,unobserved,deposition_flags_not_independent_density_assessment
8RIY,B,1,13,ASN,13,12,?,?,?,BBB,.,n,0,0,,,,unobserved,deposition_flags_not_independent_density_assessment
8RIY,B,1,14,GLY,14,13,?,?,?,BBB,.,n,0,0,,,,unobserved,deposition_flags_not_independent_density_assessment
8RIY,B,1,15,LYS,15,14,14,LYS,LYS,BBB,.,n,9,9,.,,,no_deposited_missingness_flag,deposition_flags_not_independent_density_assessment
8RIY,B,1,16,GLN,16,15,15,GLN,GLN,BBB,.,n,9,9,.,,,no_deposited_missingness_flag,deposition_flags_not_independent_density_assessment
8RIY,B,1,17,TYR,17,16,16,TYR,TYR,BBB,.,n,12,12,.,,,no_deposited_missingness_flag,deposition_flags_not_independent_density_assessment
8RIY,B,1,18,ILE,18,17,17,ILE,ILE,BBB,.,n,8,8,.,,,no_deposited_missingness_flag,deposition_flags_not_independent_density_assessment
8RIY,B,1,19,ILE,19,18,18,ILE,ILE,BBB,.,n,8,8,.,,,no_deposited_missingness_flag,deposition_flags_not_independent_density_assessment
8RIY,B,1,20,SER,20,19,19,SER,SER,BBB,.,n,6,6,.,,,no_deposited_missingness_flag,deposition_flags_not_independent_density_assessment
8RIY,B,1,21,GLU,21,20,20,GLU,GLU,BBB,.,n,9,9,.,,,no_deposited_missingness_flag,deposition_flags_not_independent_density_assessment
8RIY,B,1,22,GLU,22,21,21,GLU,GLU,BBB,.,n,9,9,.,,,no_deposited_missingness_flag,deposition_flags_not_independent_density_assessment
8RIY,B,1,23,LEU,23,22,22,LEU,LEU,BBB,.,n,8,8,.,,,no_deposited_missingness_flag,deposition_flags_not_independent_density_assessment
8RIY,B,1,24,ILE,24,23,23,ILE,ILE,BBB,.,n,8,8,.,,,no_deposited_missingness_flag,deposition_flags_not_independent_density_assessment
8RIY,B,1,25,SER,25,24,24,SER,SER,BBB,.,n,6,6,.,,,no_deposited_missingness_flag,deposition_flags_not_independent_density_assessment
8RIY,B,1,26,GLU,26,25,25,GLU,GLU,BBB,.,n,9,9,.,,,no_deposited_missingness_flag,deposition_flags_not_independent_density_assessment
8RIY,B,1,27,GLY,27,26,26,GLY,GLY,BBB,.,n,4,4,.,,,no_deposited_missingness_flag,deposition_flags_not_independent_density_assessment
8RIY,B,1,28,LYS,28,27,27,LYS,LYS,BBB,.,n,5,5,.,CG;CD;CE;NZ,,partial_atom_set,deposition_flags_not_independent_density_assessment
8RIY,B,1,29,TRP,29,28,28,TRP,TRP,BBB,.,n,14,14,.,,,no_deposited_missingness_flag,deposition_flags_not_independent_density_assessment
8RIY,B,1,30,VAL,30,29,29,VAL,VAL,BBB,.,n,7,7,.,,,no_deposited_missingness_flag,deposition_flags_not_independent_density_assessment
8RIY,B,1,31,LYS,31,30,30,LYS,LYS,BBB,.,n,9,9,.,,,no_deposited_missingness_flag,deposition_flags_not_independent_density_assessment
8RIY,B,1,32,LEU,32,31,31,LEU,LEU,BBB,.,n,8,8,.,,,no_deposited_missingness_flag,deposition_flags_not_independent_density_assessment
8RIY,B,1,33,GLU,33,32,32,GLU,GLU,BBB,.,n,9,9,.,,,no_deposited_missingness_flag,deposition_flags_not_independent_density_assessment
8RIY,B,1,34,LYS,34,33,33,LYS,LYS,BBB,.,n,6,6,.,CD;CE;NZ,,partial_atom_set,deposition_flags_not_independent_density_assessment
8RIY,B,1,35,THR,35,34,34,THR,THR,BBB,.,n,7,7,.,,,no_deposited_missingness_flag,deposition_flags_not_independent_density_assessment
8RIY,B,1,36,THR,36,35,35,THR,THR,BBB,.,n,7,7,.,,,no_deposited_missingness_flag,deposition_flags_not_independent_density_assessment
8RIY,B,1,37,TYR,37,36,36,TYR,TYR,BBB,.,n,12,12,.,,,no_deposited_missingness_flag,deposition_flags_not_independent_density_assessment
8RIY,B,1,38,MET,38,37,37,MET,MET,BBB,.,n,8,8,.,,,no_deposited_missingness_flag,deposition_flags_not_independent_density_assessment
8RIY,B,1,39,ASP,39,38,38,ASP,ASP,BBB,.,n,8,8,.,,,no_deposited_missingness_flag,deposition_flags_not_independent_density_assessment
8RIY,B,1,40,PRO,40,39,39,PRO,PRO,BBB,.,n,7,7,.,,,no_deposited_missingness_flag,deposition_flags_not_independent_density_assessment
8RIY,B,1,41,THR,41,40,40,THR,THR,BBB,.,n,7,7,.,,,no_deposited_missingness_flag,deposition_flags_not_independent_density_assessment
8RIY,B,1,42,GLY,42,41,41,GLY,GLY,BBB,.,n,4,4,.,,,no_deposited_missingness_flag,deposition_flags_not_independent_density_assessment
8RIY,B,1,43,LYS,43,42,42,LYS,LYS,BBB,.,n,9,9,.,,,no_deposited_missingness_flag,deposition_flags_not_independent_density_assessment
8RIY,B,1,44,THR,44,43,43,THR,THR,BBB,.,n,7,7,.,,,no_deposited_missingness_flag,deposition_flags_not_independent_density_assessment
8RIY,B,1,45,ARG,45,44,44,ARG,ARG,BBB,.,n,11,11,.,,,no_deposited_missingness_flag,deposition_flags_not_independent_density_assessment
8RIY,B,1,46,THR,46,45,45,THR,THR,BBB,.,n,7,7,.,,,no_deposited_missingness_flag,deposition_flags_not_independent_density_assessment
8RIY,B,1,47,TRP,47,46,46,TRP,TRP,BBB,.,n,14,14,.,,,no_deposited_missingness_flag,deposition_flags_not_independent_density_assessment
8RIY,B,1,48,GLU,48,47,47,GLU,GLU,BBB,.,n,9,9,.,,,no_deposited_missingness_flag,deposition_flags_not_independent_density_assessment
8RIY,B,1,49,SER,49,48,48,SER,SER,BBB,.,n,6,6,.,,,no_deposited_missingness_flag,deposition_flags_not_independent_density_assessment
8RIY,B,1,50,VAL,50,49,49,VAL,VAL,BBB,.,n,7,7,.,,,no_deposited_missingness_flag,deposition_flags_not_independent_density_assessment
8RIY,B,1,51,LYS,51,50,50,LYS,LYS,BBB,.,n,9,9,.,,,no_deposited_missingness_flag,deposition_flags_not_independent_density_assessment
8RIY,B,1,52,ARG,52,51,51,ARG,ARG,BBB,.,n,11,11,.,,,no_deposited_missingness_flag,deposition_flags_not_independent_density_assessment
8RIY,B,1,53,THR,53,52,52,THR,THR,BBB,.,n,7,7,.,,,no_deposited_missingness_flag,deposition_flags_not_independent_density_assessment
8RIY,B,1,54,THR,54,53,53,THR,THR,BBB,.,n,7,7,.,,,no_deposited_missingness_flag,deposition_flags_not_independent_density_assessment
8RIY,B,1,55,ARG,55,54,?,?,?,BBB,.,n,0,0,,,,unobserved,deposition_flags_not_independent_density_assessment
8RIY,B,1,56,LYS,56,55,?,?,?,BBB,.,n,0,0,,,,unobserved,deposition_flags_not_independent_density_assessment
8RIY,B,1,57,GLU,57,56,?,?,?,BBB,.,n,0,0,,,,unobserved,deposition_flags_not_independent_density_assessment
8RIY,B,1,58,GLN,58,57,57,GLN,GLN,BBB,.,n,5,5,.,CG;CD;OE1;NE2,,partial_atom_set,deposition_flags_not_independent_density_assessment
8RIY,B,1,59,THR,59,58,58,THR,THR,BBB,.,n,7,7,.,,,no_deposited_missingness_flag,deposition_flags_not_independent_density_assessment
8RIY,B,1,60,ALA,60,59,59,ALA,ALA,BBB,.,n,5,5,.,,,no_deposited_missingness_flag,deposition_flags_not_independent_density_assessment
8RIY,B,1,61,ASP,61,60,60,ASP,ASP,BBB,.,n,8,8,.,,,no_deposited_missingness_flag,deposition_flags_not_independent_density_assessment
8RIY,B,1,62,GLY,62,61,61,GLY,GLY,BBB,.,n,4,4,.,,,no_deposited_missingness_flag,deposition_flags_not_independent_density_assessment
8RIY,B,1,63,VAL,63,62,62,VAL,VAL,BBB,.,n,7,7,.,,,no_deposited_missingness_flag,deposition_flags_not_independent_density_assessment
8RIY,B,1,64,ALA,64,63,63,ALA,ALA,BBB,.,n,5,5,.,,,no_deposited_missingness_flag,deposition_flags_not_independent_density_assessment
8RIY,B,1,65,VAL,65,64,64,VAL,VAL,BBB,.,n,7,7,.,,,no_deposited_missingness_flag,deposition_flags_not_independent_density_assessment
8RIY,B,1,66,ILE,66,65,65,ILE,ILE,BBB,.,n,8,8,.,,,no_deposited_missingness_flag,deposition_flags_not_independent_density_assessment
8RIY,B,1,67,PRO,67,66,66,PRO,PRO,BBB,.,n,7,7,.,,,no_deposited_missingness_flag,deposition_flags_not_independent_density_assessment
8RIY,B,1,68,VAL,68,67,67,VAL,VAL,BBB,.,n,7,7,.,,,no_deposited_missingness_flag,deposition_flags_not_independent_density_assessment
8RIY,B,1,69,LEU,69,68,68,LEU,LEU,BBB,.,n,8,8,.,,,no_deposited_missingness_flag,deposition_flags_not_independent_density_assessment
8RIY,B,1,70,GLN,70,69,69,GLN,GLN,BBB,.,n,9,9,.,,,no_deposited_missingness_flag,deposition_flags_not_independent_density_assessment
8RIY,B,1,71,ARG,71,70,70,ARG,ARG,BBB,.,n,11,11,.,,,no_deposited_missingness_flag,deposition_flags_not_independent_density_assessment
8RIY,B,1,72,THR,72,71,71,THR,THR,BBB,.,n,7,7,.,,,no_deposited_missingness_flag,deposition_flags_not_independent_density_assessment
8RIY,B,1,73,LEU,73,72,72,LEU,LEU,BBB,.,n,8,8,.,,,no_deposited_missingness_flag,deposition_flags_not_independent_density_assessment
8RIY,B,1,74,HIS,74,73,73,HIS,HIS,BBB,.,n,10,10,.,,,no_deposited_missingness_flag,deposition_flags_not_independent_density_assessment
8RIY,B,1,75,TYR,75,74,74,TYR,TYR,BBB,.,n,12,12,.,,,no_deposited_missingness_flag,deposition_flags_not_independent_density_assessment
8RIY,B,1,76,GLU,76,75,75,GLU,GLU,BBB,.,n,9,9,.,,,no_deposited_missingness_flag,deposition_flags_not_independent_density_assessment
8RIY,B,1,77,CYS,77,76,76,CYS,CYS,BBB,.,n,6,6,.,,,no_deposited_missingness_flag,deposition_flags_not_independent_density_assessment
8RIY,B,1,78,ILE,78,77,77,ILE,ILE,BBB,.,n,8,8,.,,,no_deposited_missingness_flag,deposition_flags_not_independent_density_assessment
8RIY,B,1,79,VAL,79,78,78,VAL,VAL,BBB,.,n,7,7,.,,,no_deposited_missingness_flag,deposition_flags_not_independent_density_assessment
8RIY,B,1,80,LEU,80,79,79,LEU,LEU,BBB,.,n,8,8,.,,,no_deposited_missingness_flag,deposition_flags_not_independent_density_assessment
8RIY,B,1,81,VAL,81,80,80,VAL,VAL,BBB,.,n,7,7,.,,,no_deposited_missingness_flag,deposition_flags_not_independent_density_assessment
8RIY,B,1,82,LYS,82,81,81,LYS,LYS,BBB,.,n,9,9,.,,,no_deposited_missingness_flag,deposition_flags_not_independent_density_assessment
8RIY,B,1,83,GLN,83,82,82,GLN,GLN,BBB,.,n,9,9,.,,,no_deposited_missingness_flag,deposition_flags_not_independent_density_assessment
8RIY,B,1,84,PHE,84,83,83,PHE,PHE,BBB,.,n,11,11,.,,,no_deposited_missingness_flag,deposition_flags_not_independent_density_assessment
8RIY,B,1,85,ARG,85,84,84,ARG,ARG,BBB,.,n,11,11,.,,,no_deposited_missingness_flag,deposition_flags_not_independent_density_assessment
8RIY,B,1,86,PRO,86,85,85,PRO,PRO,BBB,.,n,7,7,.,,,no_deposited_missingness_flag,deposition_flags_not_independent_density_assessment
8RIY,B,1,87,PRO,87,86,86,PRO,PRO,BBB,.,n,7,7,.,,,no_deposited_missingness_flag,deposition_flags_not_independent_density_assessment
8RIY,B,1,88,MET,88,87,87,MET,MET,BBB,.,n,8,8,.,,,no_deposited_missingness_flag,deposition_flags_not_independent_density_assessment
8RIY,B,1,89,GLY,89,88,88,GLY,GLY,BBB,.,n,4,4,.,,,no_deposited_missingness_flag,deposition_flags_not_independent_density_assessment
8RIY,B,1,90,GLY,90,89,89,GLY,GLY,BBB,.,n,4,4,.,,,no_deposited_missingness_flag,deposition_flags_not_independent_density_assessment
8RIY,B,1,91,TYR,91,90,90,TYR,TYR,BBB,.,n,12,12,.,,,no_deposited_missingness_flag,deposition_flags_not_independent_density_assessment
8RIY,B,1,92,CYS,92,91,91,CYS,CYS,BBB,.,n,6,6,.,,,no_deposited_missingness_flag,deposition_flags_not_independent_density_assessment
8RIY,B,1,93,ILE,93,92,92,ILE,ILE,BBB,.,n,8,8,.,,,no_deposited_missingness_flag,deposition_flags_not_independent_density_assessment
8RIY,B,1,94,GLU,94,93,93,GLU,GLU,BBB,.,n,9,9,.,,,no_deposited_missingness_flag,deposition_flags_not_independent_density_assessment
8RIY,B,1,95,PHE,95,94,94,PHE,PHE,BBB,.,n,11,11,.,,,no_deposited_missingness_flag,deposition_flags_not_independent_density_assessment
8RIY,B,1,96,PRO,96,95,95,PRO,PRO,BBB,.,n,7,7,.,,,no_deposited_missingness_flag,deposition_flags_not_independent_density_assessment
8RIY,B,1,97,ALA,97,96,96,ALA,ALA,BBB,.,n,5,5,.,,,no_deposited_missingness_flag,deposition_flags_not_independent_density_assessment
8RIY,B,1,98,GLY,98,97,97,GLY,GLY,BBB,.,n,4,4,.,,,no_deposited_missingness_flag,deposition_flags_not_independent_density_assessment
8RIY,B,1,99,LEU,99,98,98,LEU,LEU,BBB,.,n,8,8,.,,,no_deposited_missingness_flag,deposition_flags_not_independent_density_assessment
8RIY,B,1,100,ILE,100,99,99,ILE,ILE,BBB,.,n,8,8,.,,,no_deposited_missingness_flag,deposition_flags_not_independent_density_assessment
8RIY,B,1,101,ASP,101,100,100,ASP,ASP,BBB,.,n,8,8,.,,,no_deposited_missingness_flag,deposition_flags_not_independent_density_assessment
8RIY,B,1,102,ASP,102,101,101,ASP,ASP,BBB,.,n,8,8,.,,,no_deposited_missingness_flag,deposition_flags_not_independent_density_assessment
8RIY,B,1,103,GLY,103,102,102,GLY,GLY,BBB,.,n,4,4,.,,,no_deposited_missingness_flag,deposition_flags_not_independent_density_assessment
8RIY,B,1,104,GLU,104,103,103,GLU,GLU,BBB,.,n,9,9,.,,,no_deposited_missingness_flag,deposition_flags_not_independent_density_assessment
8RIY,B,1,105,THR,105,104,104,THR,THR,BBB,.,n,7,7,.,,,no_deposited_missingness_flag,deposition_flags_not_independent_density_assessment
8RIY,B,1,106,PRO,106,105,105,PRO,PRO,BBB,.,n,7,7,.,,,no_deposited_missingness_flag,deposition_flags_not_independent_density_assessment
8RIY,B,1,107,GLU,107,106,106,GLU,GLU,BBB,.,n,9,9,.,,,no_deposited_missingness_flag,deposition_flags_not_independent_density_assessment
8RIY,B,1,108,ALA,108,107,107,ALA,ALA,BBB,.,n,5,5,.,,,no_deposited_missingness_flag,deposition_flags_not_independent_density_assessment
8RIY,B,1,109,ALA,109,108,108,ALA,ALA,BBB,.,n,5,5,.,,,no_deposited_missingness_flag,deposition_flags_not_independent_density_assessment
8RIY,B,1,110,ALA,110,109,109,ALA,ALA,BBB,.,n,5,5,.,,,no_deposited_missingness_flag,deposition_flags_not_independent_density_assessment
8RIY,B,1,111,LEU,111,110,110,LEU,LEU,BBB,.,n,8,8,.,,,no_deposited_missingness_flag,deposition_flags_not_independent_density_assessment
8RIY,B,1,112,ARG,112,111,111,ARG,ARG,BBB,.,n,11,11,.,,,no_deposited_missingness_flag,deposition_flags_not_independent_density_assessment
8RIY,B,1,113,GLU,113,112,112,GLU,GLU,BBB,.,n,9,9,.,,,no_deposited_missingness_flag,deposition_flags_not_independent_density_assessment
8RIY,B,1,114,LEU,114,113,113,LEU,LEU,BBB,.,n,8,8,.,,,no_deposited_missingness_flag,deposition_flags_not_independent_density_assessment
8RIY,B,1,115,GLU,115,114,114,GLU,GLU,BBB,.,n,9,9,.,,,no_deposited_missingness_flag,deposition_flags_not_independent_density_assessment
8RIY,B,1,116,GLU,116,115,115,GLU,GLU,BBB,.,n,9,9,.,,,no_deposited_missingness_flag,deposition_flags_not_independent_density_assessment
8RIY,B,1,117,GLU,117,116,116,GLU,GLU,BBB,.,n,9,9,.,,,no_deposited_missingness_flag,deposition_flags_not_independent_density_assessment
8RIY,B,1,118,THR,118,117,117,THR,THR,BBB,.,n,7,7,.,,,no_deposited_missingness_flag,deposition_flags_not_independent_density_assessment
8RIY,B,1,119,GLY,119,118,118,GLY,GLY,BBB,.,n,4,4,.,,,no_deposited_missingness_flag,deposition_flags_not_independent_density_assessment
8RIY,B,1,120,TYR,120,119,119,TYR,TYR,BBB,.,n,12,12,.,,,no_deposited_missingness_flag,deposition_flags_not_independent_density_assessment
8RIY,B,1,121,LYS,121,120,120,LYS,LYS,BBB,.,n,9,9,.,,,no_deposited_missingness_flag,deposition_flags_not_independent_density_assessment
8RIY,B,1,122,GLY,122,121,121,GLY,GLY,BBB,.,n,4,4,.,,,no_deposited_missingness_flag,deposition_flags_not_independent_density_assessment
8RIY,B,1,123,ASP,123,122,122,ASP,ASP,BBB,.,n,8,8,.,,,no_deposited_missingness_flag,deposition_flags_not_independent_density_assessment
8RIY,B,1,124,ILE,124,123,123,ILE,ILE,BBB,.,n,8,8,.,,,no_deposited_missingness_flag,deposition_flags_not_independent_density_assessment
8RIY,B,1,125,ALA,125,124,124,ALA,ALA,BBB,.,n,5,5,.,,,no_deposited_missingness_flag,deposition_flags_not_independent_density_assessment
8RIY,B,1,126,GLU,126,125,125,GLU,GLU,BBB,.,n,9,9,.,,,no_deposited_missingness_flag,deposition_flags_not_independent_density_assessment
8RIY,B,1,127,CYS,127,126,126,CYS,CYS,BBB,.,n,6,6,.,,,no_deposited_missingness_flag,deposition_flags_not_independent_density_assessment
8RIY,B,1,128,SER,128,127,127,SER,SER,BBB,.,n,6,6,.,,,no_deposited_missingness_flag,deposition_flags_not_independent_density_assessment
8RIY,B,1,129,PRO,129,128,128,PRO,PRO,BBB,.,n,7,7,.,,,no_deposited_missingness_flag,deposition_flags_not_independent_density_assessment
8RIY,B,1,130,ALA,130,129,129,ALA,ALA,BBB,.,n,5,5,.,,,no_deposited_missingness_flag,deposition_flags_not_independent_density_assessment
8RIY,B,1,131,VAL,131,130,130,VAL,VAL,BBB,.,n,7,7,.,,,no_deposited_missingness_flag,deposition_flags_not_independent_density_assessment
8RIY,B,1,132,CYS,132,131,131,CYS,CYS,BBB,.,n,6,6,.,,,no_deposited_missingness_flag,deposition_flags_not_independent_density_assessment
8RIY,B,1,133,MET,133,132,132,MET,MET,BBB,.,n,8,8,.,,,no_deposited_missingness_flag,deposition_flags_not_independent_density_assessment
8RIY,B,1,134,ASP,134,133,133,ASP,ASP,BBB,.,n,8,8,.,,,no_deposited_missingness_flag,deposition_flags_not_independent_density_assessment
8RIY,B,1,135,PRO,135,134,134,PRO,PRO,BBB,.,n,7,7,.,,,no_deposited_missingness_flag,deposition_flags_not_independent_density_assessment
8RIY,B,1,136,GLY,136,135,135,GLY,GLY,BBB,.,n,4,4,.,,,no_deposited_missingness_flag,deposition_flags_not_independent_density_assessment
8RIY,B,1,137,LEU,137,136,136,LEU,LEU,BBB,.,n,8,8,.,,,no_deposited_missingness_flag,deposition_flags_not_independent_density_assessment
8RIY,B,1,138,SER,138,137,137,SER,SER,BBB,.,n,6,6,.,,,no_deposited_missingness_flag,deposition_flags_not_independent_density_assessment
8RIY,B,1,139,ASN,139,138,138,ASN,ASN,BBB,.,n,8,8,.,,,no_deposited_missingness_flag,deposition_flags_not_independent_density_assessment
8RIY,B,1,140,CYS,140,139,139,CYS,CYS,BBB,.,n,6,6,.,,,no_deposited_missingness_flag,deposition_flags_not_independent_density_assessment
8RIY,B,1,141,THR,141,140,140,THR,THR,BBB,.,n,7,7,.,,,no_deposited_missingness_flag,deposition_flags_not_independent_density_assessment
8RIY,B,1,142,ILE,142,141,141,ILE,ILE,BBB,.,n,8,8,.,,,no_deposited_missingness_flag,deposition_flags_not_independent_density_assessment
8RIY,B,1,143,HIS,143,142,142,HIS,HIS,BBB,.,n,10,10,.,,,no_deposited_missingness_flag,deposition_flags_not_independent_density_assessment
8RIY,B,1,144,ILE,144,143,143,ILE,ILE,BBB,.,n,8,8,.,,,no_deposited_missingness_flag,deposition_flags_not_independent_density_assessment
8RIY,B,1,145,VAL,145,144,144,VAL,VAL,BBB,.,n,7,7,.,,,no_deposited_missingness_flag,deposition_flags_not_independent_density_assessment
8RIY,B,1,146,THR,146,145,145,THR,THR,BBB,.,n,7,7,.,,,no_deposited_missingness_flag,deposition_flags_not_independent_density_assessment
8RIY,B,1,147,VAL,147,146,146,VAL,VAL,BBB,.,n,7,7,.,,,no_deposited_missingness_flag,deposition_flags_not_independent_density_assessment
8RIY,B,1,148,THR,148,147,147,THR,THR,BBB,.,n,7,7,.,,,no_deposited_missingness_flag,deposition_flags_not_independent_density_assessment
8RIY,B,1,149,ILE,149,148,148,ILE,ILE,BBB,.,n,8,8,.,,,no_deposited_missingness_flag,deposition_flags_not_independent_density_assessment
8RIY,B,1,150,ASN,150,149,149,ASN,ASN,BBB,.,n,8,8,.,,,no_deposited_missingness_flag,deposition_flags_not_independent_density_assessment
8RIY,B,1,151,GLY,151,150,150,GLY,GLY,BBB,.,n,4,4,.,,,no_deposited_missingness_flag,deposition_flags_not_independent_density_assessment
8RIY,B,1,152,ASP,152,151,151,ASP,ASP,BBB,.,n,8,8,.,,,no_deposited_missingness_flag,deposition_flags_not_independent_density_assessment
8RIY,B,1,153,ASP,153,152,152,ASP,ASP,BBB,.,n,8,8,.,,,no_deposited_missingness_flag,deposition_flags_not_independent_density_assessment
8RIY,B,1,154,ALA,154,153,153,ALA,ALA,BBB,.,n,5,5,.,,,no_deposited_missingness_flag,deposition_flags_not_independent_density_assessment
8RIY,B,1,155,GLU,155,154,154,GLU,GLU,BBB,.,n,9,9,.,,,no_deposited_missingness_flag,deposition_flags_not_independent_density_assessment
8RIY,B,1,156,ASN,156,155,155,ASN,ASN,BBB,.,n,8,8,.,,,no_deposited_missingness_flag,deposition_flags_not_independent_density_assessment
8RIY,B,1,157,ALA,157,156,156,ALA,ALA,BBB,.,n,5,5,.,,,no_deposited_missingness_flag,deposition_flags_not_independent_density_assessment
8RIY,B,1,158,ARG,158,157,157,ARG,ARG,BBB,.,n,5,5,.,CG;CD;NE;CZ;NH1;NH2,,partial_atom_set,deposition_flags_not_independent_density_assessment
8RIY,B,1,159,PRO,159,158,158,PRO,PRO,BBB,.,n,7,7,.,,,no_deposited_missingness_flag,deposition_flags_not_independent_density_assessment
8RIY,B,1,160,LYS,160,159,159,LYS,LYS,BBB,.,n,5,5,.,CG;CD;CE;NZ,,partial_atom_set,deposition_flags_not_independent_density_assessment
8RIY,B,1,161,PRO,161,160,160,PRO,PRO,BBB,.,n,7,7,.,,,no_deposited_missingness_flag,deposition_flags_not_independent_density_assessment
8RIY,B,1,162,LYS,162,161,161,LYS,LYS,BBB,.,n,5,5,.,CG;CD;CE;NZ,,partial_atom_set,deposition_flags_not_independent_density_assessment
8RIY,B,1,163,PRO,163,162,162,PRO,PRO,BBB,.,n,7,7,.,,,no_deposited_missingness_flag,deposition_flags_not_independent_density_assessment
8RIY,B,1,164,GLY,164,163,163,GLY,GLY,BBB,.,n,4,4,.,,,no_deposited_missingness_flag,deposition_flags_not_independent_density_assessment
8RIY,B,1,165,ASP,165,164,164,ASP,ASP,BBB,.,n,8,8,.,,,no_deposited_missingness_flag,deposition_flags_not_independent_density_assessment
8RIY,B,1,166,GLY,166,165,165,GLY,GLY,BBB,.,n,4,4,.,,,no_deposited_missingness_flag,deposition_flags_not_independent_density_assessment
8RIY,B,1,167,GLU,167,166,166,GLU,GLU,BBB,.,n,9,9,.,,,no_deposited_missingness_flag,deposition_flags_not_independent_density_assessment
8RIY,B,1,168,PHE,168,167,167,PHE,PHE,BBB,.,n,11,11,.,,,no_deposited_missingness_flag,deposition_flags_not_independent_density_assessment
8RIY,B,1,169,VAL,169,168,168,VAL,VAL,BBB,.,n,7,7,.,,,no_deposited_missingness_flag,deposition_flags_not_independent_density_assessment
8RIY,B,1,170,GLU,170,169,169,GLU,GLU,BBB,.,n,9,9,.,,,no_deposited_missingness_flag,deposition_flags_not_independent_density_assessment
8RIY,B,1,171,VAL,171,170,170,VAL,VAL,BBB,.,n,7,7,.,,,no_deposited_missingness_flag,deposition_flags_not_independent_density_assessment
8RIY,B,1,172,ILE,172,171,171,ILE,ILE,BBB,.,n,8,8,.,,,no_deposited_missingness_flag,deposition_flags_not_independent_density_assessment
8RIY,B,1,173,SER,173,172,172,SER,SER,BBB,.,n,6,6,.,,,no_deposited_missingness_flag,deposition_flags_not_independent_density_assessment
8RIY,B,1,174,LEU,174,173,173,LEU,LEU,BBB,.,n,8,8,.,,,no_deposited_missingness_flag,deposition_flags_not_independent_density_assessment
8RIY,B,1,175,PRO,175,174,174,PRO,PRO,BBB,.,n,7,7,.,,,no_deposited_missingness_flag,deposition_flags_not_independent_density_assessment
8RIY,B,1,176,LYS,176,175,175,LYS,LYS,BBB,.,n,6,6,.,CD;CE;NZ,,partial_atom_set,deposition_flags_not_independent_density_assessment
8RIY,B,1,177,ASN,177,176,176,ASN,ASN,BBB,.,n,8,8,.,,,no_deposited_missingness_flag,deposition_flags_not_independent_density_assessment
8RIY,B,1,178,ASP,178,177,177,ASP,ASP,BBB,.,n,8,8,.,,,no_deposited_missingness_flag,deposition_flags_not_independent_density_assessment
8RIY,B,1,179,LEU,179,178,178,LEU,LEU,BBB,.,n,8,8,.,,,no_deposited_missingness_flag,deposition_flags_not_independent_density_assessment
8RIY,B,1,180,LEU,180,179,179,LEU,LEU,BBB,.,n,8,8,.,,,no_deposited_missingness_flag,deposition_flags_not_independent_density_assessment
8RIY,B,1,181,GLN,181,180,180,GLN,GLN,BBB,.,n,9,9,.,,,no_deposited_missingness_flag,deposition_flags_not_independent_density_assessment
8RIY,B,1,182,ARG,182,181,181,ARG,ARG,BBB,.,n,11,11,.,,,no_deposited_missingness_flag,deposition_flags_not_independent_density_assessment
8RIY,B,1,183,LEU,183,182,182,LEU,LEU,BBB,.,n,8,8,.,,,no_deposited_missingness_flag,deposition_flags_not_independent_density_assessment
8RIY,B,1,184,ASP,184,183,183,ASP,ASP,BBB,.,n,8,8,.,,,no_deposited_missingness_flag,deposition_flags_not_independent_density_assessment
8RIY,B,1,185,ALA,185,184,184,ALA,ALA,BBB,.,n,5,5,.,,,no_deposited_missingness_flag,deposition_flags_not_independent_density_assessment
8RIY,B,1,186,LEU,186,185,185,LEU,LEU,BBB,.,n,8,8,.,,,no_deposited_missingness_flag,deposition_flags_not_independent_density_assessment
8RIY,B,1,187,VAL,187,186,186,VAL,VAL,BBB,.,n,7,7,.,,,no_deposited_missingness_flag,deposition_flags_not_independent_density_assessment
8RIY,B,1,188,ALA,188,187,187,ALA,ALA,BBB,.,n,5,5,.,,,no_deposited_missingness_flag,deposition_flags_not_independent_density_assessment
8RIY,B,1,189,GLU,189,188,188,GLU,GLU,BBB,.,n,5,5,.,CG;CD;OE1;OE2,,partial_atom_set,deposition_flags_not_independent_density_assessment
8RIY,B,1,190,GLU,190,189,189,GLU,GLU,BBB,.,n,9,9,.,,,no_deposited_missingness_flag,deposition_flags_not_independent_density_assessment
8RIY,B,1,191,HIS,191,190,190,HIS,HIS,BBB,.,n,10,10,.,,,no_deposited_missingness_flag,deposition_flags_not_independent_density_assessment
8RIY,B,1,192,LEU,192,191,191,LEU,LEU,BBB,.,n,8,8,.,,,no_deposited_missingness_flag,deposition_flags_not_independent_density_assessment
8RIY,B,1,193,THR,193,192,192,THR,THR,BBB,.,n,7,7,.,,,no_deposited_missingness_flag,deposition_flags_not_independent_density_assessment
8RIY,B,1,194,VAL,194,193,193,VAL,VAL,BBB,.,n,7,7,.,,,no_deposited_missingness_flag,deposition_flags_not_independent_density_assessment
8RIY,B,1,195,ASP,195,194,194,ASP,ASP,BBB,.,n,8,8,.,,,no_deposited_missingness_flag,deposition_flags_not_independent_density_assessment
8RIY,B,1,196,ALA,196,195,195,ALA,ALA,BBB,.,n,5,5,.,,,no_deposited_missingness_flag,deposition_flags_not_independent_density_assessment
8RIY,B,1,197,ARG,197,196,196,ARG,ARG,BBB,.,n,11,11,.,,,no_deposited_missingness_flag,deposition_flags_not_independent_density_assessment
8RIY,B,1,198,VAL,198,197,197,VAL,VAL,BBB,.,n,7,7,.,,,no_deposited_missingness_flag,deposition_flags_not_independent_density_assessment
8RIY,B,1,199,TYR,199,198,198,TYR,TYR,BBB,.,n,12,12,.,,,no_deposited_missingness_flag,deposition_flags_not_independent_density_assessment
8RIY,B,1,200,SER,200,199,199,SER,SER,BBB,.,n,6,6,.,,,no_deposited_missingness_flag,deposition_flags_not_independent_density_assessment
8RIY,B,1,201,TYR,201,200,200,TYR,TYR,BBB,.,n,12,12,.,,,no_deposited_missingness_flag,deposition_flags_not_independent_density_assessment
8RIY,B,1,202,ALA,202,201,201,ALA,ALA,BBB,.,n,5,5,.,,,no_deposited_missingness_flag,deposition_flags_not_independent_density_assessment
8RIY,B,1,203,LEU,203,202,202,LEU,LEU,BBB,.,n,8,8,.,,,no_deposited_missingness_flag,deposition_flags_not_independent_density_assessment
8RIY,B,1,204,ALA,204,203,203,ALA,ALA,BBB,.,n,5,5,.,,,no_deposited_missingness_flag,deposition_flags_not_independent_density_assessment
8RIY,B,1,205,LEU,205,204,204,LEU,LEU,BBB,.,n,8,8,.,,,no_deposited_missingness_flag,deposition_flags_not_independent_density_assessment
8RIY,B,1,206,LYS,206,205,205,LYS,LYS,BBB,.,n,9,9,.,,,no_deposited_missingness_flag,deposition_flags_not_independent_density_assessment
8RIY,B,1,207,HIS,207,206,206,HIS,HIS,BBB,.,n,10,10,.,,,no_deposited_missingness_flag,deposition_flags_not_independent_density_assessment
8RIY,B,1,208,ALA,208,207,207,ALA,ALA,BBB,.,n,5,5,.,,,no_deposited_missingness_flag,deposition_flags_not_independent_density_assessment
8RIY,B,1,209,ASN,209,208,208,ASN,ASN,BBB,.,n,9,9,.,,,no_deposited_missingness_flag,deposition_flags_not_independent_density_assessment
8OTV,A,1,1,SER,1,0,0,SER,SER,A,.,n,6,6,.,,,no_deposited_missingness_flag,deposition_flags_not_independent_density_assessment
8OTV,A,1,2,MET,2,1,1,MET,MET,A,.,n,8,8,.,,,no_deposited_missingness_flag,deposition_flags_not_independent_density_assessment
8OTV,A,1,3,GLU,3,2,2,GLU,GLU,A,.,n,9,9,.,,,no_deposited_missingness_flag,deposition_flags_not_independent_density_assessment
8OTV,A,1,4,ARG,4,3,3,ARG,ARG,A,.,n,5,5,.,CG;CD;NE;CZ;NH1;NH2,,partial_atom_set,deposition_flags_not_independent_density_assessment
8OTV,A,1,5,ILE,5,4,4,ILE,ILE,A,.,n,8,8,.,,,no_deposited_missingness_flag,deposition_flags_not_independent_density_assessment
8OTV,A,1,6,GLU,6,5,5,GLU,GLU,A,.,n,9,9,.,,,no_deposited_missingness_flag,deposition_flags_not_independent_density_assessment
8OTV,A,1,7,GLY,7,6,6,GLY,GLY,A,.,n,4,4,.,,,no_deposited_missingness_flag,deposition_flags_not_independent_density_assessment
8OTV,A,1,8,ALA,8,7,7,ALA,ALA,A,.,n,5,5,.,,,no_deposited_missingness_flag,deposition_flags_not_independent_density_assessment
8OTV,A,1,9,SER,9,8,8,SER,SER,A,.,n,6,6,.,,,no_deposited_missingness_flag,deposition_flags_not_independent_density_assessment
8OTV,A,1,10,VAL,10,9,9,VAL,VAL,A,.,n,7,7,.,,,no_deposited_missingness_flag,deposition_flags_not_independent_density_assessment
8OTV,A,1,11,GLY,11,10,10,GLY,GLY,A,.,n,4,4,.,,,no_deposited_missingness_flag,deposition_flags_not_independent_density_assessment
8OTV,A,1,12,ARG,12,11,11,ARG,ARG,A,.,n,11,11,.,,,no_deposited_missingness_flag,deposition_flags_not_independent_density_assessment
8OTV,A,1,13,CYS,13,12,12,CYS,CYS,A,.,n,6,6,.,,,no_deposited_missingness_flag,deposition_flags_not_independent_density_assessment
8OTV,A,1,14,ALA,14,13,13,ALA,ALA,A,.,n,5,5,.,,,no_deposited_missingness_flag,deposition_flags_not_independent_density_assessment
8OTV,A,1,15,ALA,15,14,14,ALA,ALA,A,.,n,5,5,.,,,no_deposited_missingness_flag,deposition_flags_not_independent_density_assessment
8OTV,A,1,16,SER,16,15,15,SER,SER,A,.,n,6,6,.,,,no_deposited_missingness_flag,deposition_flags_not_independent_density_assessment
8OTV,A,1,17,PRO,17,16,16,PRO,PRO,A,.,n,7,7,.,,,no_deposited_missingness_flag,deposition_flags_not_independent_density_assessment
8OTV,A,1,18,TYR,18,17,17,TYR,TYR,A,.,n,12,12,.,,,no_deposited_missingness_flag,deposition_flags_not_independent_density_assessment
8OTV,A,1,19,LEU,19,18,18,LEU,LEU,A,.,n,8,8,.,,,no_deposited_missingness_flag,deposition_flags_not_independent_density_assessment
8OTV,A,1,20,ARG,20,19,19,ARG,ARG,A,.,n,11,11,.,,,no_deposited_missingness_flag,deposition_flags_not_independent_density_assessment
8OTV,A,1,21,PRO,21,20,20,PRO,PRO,A,.,n,7,7,.,,,no_deposited_missingness_flag,deposition_flags_not_independent_density_assessment
8OTV,A,1,22,LEU,22,21,21,LEU,LEU,A,.,n,8,8,.,,,no_deposited_missingness_flag,deposition_flags_not_independent_density_assessment
8OTV,A,1,23,THR,23,22,22,THR,THR,A,.,n,7,7,.,,,no_deposited_missingness_flag,deposition_flags_not_independent_density_assessment
8OTV,A,1,24,LEU,24,23,23,LEU,LEU,A,.,n,8,8,.,,,no_deposited_missingness_flag,deposition_flags_not_independent_density_assessment
8OTV,A,1,25,HIS,25,24,24,HIS,HIS,A,.,n,10,10,.,,,no_deposited_missingness_flag,deposition_flags_not_independent_density_assessment
8OTV,A,1,26,TYR,26,25,25,TYR,TYR,A,.,n,12,12,.,,,no_deposited_missingness_flag,deposition_flags_not_independent_density_assessment
8OTV,A,1,27,ARG,27,26,26,ARG,ARG,A,.,n,11,11,.,,,no_deposited_missingness_flag,deposition_flags_not_independent_density_assessment
8OTV,A,1,28,GLN,28,27,27,GLN,GLN,A,.,n,9,9,.,,,no_deposited_missingness_flag,deposition_flags_not_independent_density_assessment
8OTV,A,1,29,ASN,29,28,28,ASN,ASN,A,.,n,8,8,.,,,no_deposited_missingness_flag,deposition_flags_not_independent_density_assessment
8OTV,A,1,30,GLY,30,29,29,GLY,GLY,A,.,n,4,4,.,,,no_deposited_missingness_flag,deposition_flags_not_independent_density_assessment
8OTV,A,1,31,ALA,31,30,30,ALA,ALA,A,.,n,5,5,.,,,no_deposited_missingness_flag,deposition_flags_not_independent_density_assessment
8OTV,A,1,32,GLN,32,31,31,GLN,GLN,A,.,n,9,9,.,,,no_deposited_missingness_flag,deposition_flags_not_independent_density_assessment
8OTV,A,1,33,LYS,33,32,32,LYS,LYS,A,.,n,9,9,.,,,no_deposited_missingness_flag,deposition_flags_not_independent_density_assessment
8OTV,A,1,34,SER,34,33,33,SER,SER,A,.,n,6,6,.,,,no_deposited_missingness_flag,deposition_flags_not_independent_density_assessment
8OTV,A,1,35,TRP,35,34,34,TRP,TRP,A,.,n,14,14,.,,,no_deposited_missingness_flag,deposition_flags_not_independent_density_assessment
8OTV,A,1,36,ASP,36,35,35,ASP,ASP,A,.,n,8,8,.,,,no_deposited_missingness_flag,deposition_flags_not_independent_density_assessment
8OTV,A,1,37,PHE,37,36,36,PHE,PHE,A,.,n,11,11,.,,,no_deposited_missingness_flag,deposition_flags_not_independent_density_assessment
8OTV,A,1,38,MET,38,37,37,MET,MET,A,.,n,8,8,.,,,no_deposited_missingness_flag,deposition_flags_not_independent_density_assessment
8OTV,A,1,39,LYS,39,38,38,LYS,LYS,A,.,n,9,9,.,,,no_deposited_missingness_flag,deposition_flags_not_independent_density_assessment
8OTV,A,1,40,THR,40,39,39,THR,THR,A,.,n,7,7,.,,,no_deposited_missingness_flag,deposition_flags_not_independent_density_assessment
8OTV,A,1,41,HIS,41,40,40,HIS,HIS,A,.,n,10,10,.,,,no_deposited_missingness_flag,deposition_flags_not_independent_density_assessment
8OTV,A,1,42,ASP,42,41,41,ASP,ASP,A,.,n,8,8,.,,,no_deposited_missingness_flag,deposition_flags_not_independent_density_assessment
8OTV,A,1,43,SER,43,42,42,SER,SER,A,.,n,6,6,.,,,no_deposited_missingness_flag,deposition_flags_not_independent_density_assessment
8OTV,A,1,44,VAL,44,43,43,VAL,VAL,A,.,n,7,7,.,,,no_deposited_missingness_flag,deposition_flags_not_independent_density_assessment
8OTV,A,1,45,THR,45,44,44,THR,THR,A,.,n,7,7,.,,,no_deposited_missingness_flag,deposition_flags_not_independent_density_assessment
8OTV,A,1,46,VAL,46,45,45,VAL,VAL,A,.,n,7,7,.,,,no_deposited_missingness_flag,deposition_flags_not_independent_density_assessment
8OTV,A,1,47,LEU,47,46,46,LEU,LEU,A,.,n,8,8,.,,,no_deposited_missingness_flag,deposition_flags_not_independent_density_assessment
8OTV,A,1,48,LEU,48,47,47,LEU,LEU,A,.,n,8,8,.,,,no_deposited_missingness_flag,deposition_flags_not_independent_density_assessment
8OTV,A,1,49,PHE,49,48,48,PHE,PHE,A,.,n,11,11,.,,,no_deposited_missingness_flag,deposition_flags_not_independent_density_assessment
8OTV,A,1,50,ASN,50,49,49,ASN,ASN,A,.,n,8,8,.,,,no_deposited_missingness_flag,deposition_flags_not_independent_density_assessment
8OTV,A,1,51,SER,51,50,50,SER,SER,A,.,n,6,6,.,,,no_deposited_missingness_flag,deposition_flags_not_independent_density_assessment
8OTV,A,1,52,SER,52,51,51,SER,SER,A,.,n,6,6,.,,,no_deposited_missingness_flag,deposition_flags_not_independent_density_assessment
8OTV,A,1,53,ARG,53,52,52,ARG,ARG,A,.,n,11,11,.,,,no_deposited_missingness_flag,deposition_flags_not_independent_density_assessment
8OTV,A,1,54,ARG,54,53,53,ARG,ARG,A,.,n,11,11,.,,,no_deposited_missingness_flag,deposition_flags_not_independent_density_assessment
8OTV,A,1,55,SER,55,54,54,SER,SER,A,.,n,6,6,.,,,no_deposited_missingness_flag,deposition_flags_not_independent_density_assessment
8OTV,A,1,56,LEU,56,55,55,LEU,LEU,A,.,n,8,8,.,,,no_deposited_missingness_flag,deposition_flags_not_independent_density_assessment
8OTV,A,1,57,VAL,57,56,56,VAL,VAL,A,.,n,7,7,.,,,no_deposited_missingness_flag,deposition_flags_not_independent_density_assessment
8OTV,A,1,58,LEU,58,57,57,LEU,LEU,A,.,n,8,8,.,,,no_deposited_missingness_flag,deposition_flags_not_independent_density_assessment
8OTV,A,1,59,VAL,59,58,58,VAL,VAL,A,.,n,7,7,.,,,no_deposited_missingness_flag,deposition_flags_not_independent_density_assessment
8OTV,A,1,60,LYS,60,59,59,LYS,LYS,A,.,n,9,9,.,,,no_deposited_missingness_flag,deposition_flags_not_independent_density_assessment
8OTV,A,1,61,GLN,61,60,60,GLN,GLN,A,.,n,9,9,.,,,no_deposited_missingness_flag,deposition_flags_not_independent_density_assessment
8OTV,A,1,62,PHE,62,61,61,PHE,PHE,A,.,n,11,11,.,,,no_deposited_missingness_flag,deposition_flags_not_independent_density_assessment
8OTV,A,1,63,ARG,63,62,62,ARG,ARG,A,.,n,11,11,.,,,no_deposited_missingness_flag,deposition_flags_not_independent_density_assessment
8OTV,A,1,64,PRO,64,63,63,PRO,PRO,A,.,n,7,7,.,,,no_deposited_missingness_flag,deposition_flags_not_independent_density_assessment
8OTV,A,1,65,ALA,65,64,64,ALA,ALA,A,.,n,5,5,.,,,no_deposited_missingness_flag,deposition_flags_not_independent_density_assessment
8OTV,A,1,66,VAL,66,65,65,VAL,VAL,A,.,n,7,7,.,,,no_deposited_missingness_flag,deposition_flags_not_independent_density_assessment
8OTV,A,1,67,TYR,67,66,66,TYR,TYR,A,.,n,12,12,.,,,no_deposited_missingness_flag,deposition_flags_not_independent_density_assessment
8OTV,A,1,68,ALA,68,67,67,ALA,ALA,A,.,n,5,5,.,,,no_deposited_missingness_flag,deposition_flags_not_independent_density_assessment
8OTV,A,1,69,GLY,69,68,68,GLY,GLY,A,.,n,4,4,.,,,no_deposited_missingness_flag,deposition_flags_not_independent_density_assessment
8OTV,A,1,70,GLU,70,69,69,GLU,GLU,A,.,n,9,9,.,,,no_deposited_missingness_flag,deposition_flags_not_independent_density_assessment
8OTV,A,1,71,VAL,71,70,70,VAL,VAL,A,.,n,7,7,.,,,no_deposited_missingness_flag,deposition_flags_not_independent_density_assessment
8OTV,A,1,72,GLU,72,71,71,GLU,GLU,A,.,n,9,9,.,,,no_deposited_missingness_flag,deposition_flags_not_independent_density_assessment
8OTV,A,1,73,ARG,73,72,72,ARG,ARG,A,.,n,11,11,.,,,no_deposited_missingness_flag,deposition_flags_not_independent_density_assessment
8OTV,A,1,74,ARG,74,73,73,ARG,ARG,A,.,n,11,11,.,,,no_deposited_missingness_flag,deposition_flags_not_independent_density_assessment
8OTV,A,1,75,PHE,75,74,74,PHE,PHE,A,.,n,11,11,.,,,no_deposited_missingness_flag,deposition_flags_not_independent_density_assessment
8OTV,A,1,76,PRO,76,75,75,PRO,PRO,A,.,n,7,7,.,,,no_deposited_missingness_flag,deposition_flags_not_independent_density_assessment
8OTV,A,1,77,GLY,77,76,76,GLY,GLY,A,.,n,4,4,.,,,no_deposited_missingness_flag,deposition_flags_not_independent_density_assessment
8OTV,A,1,78,SER,78,77,77,SER,SER,A,.,n,6,6,.,,,no_deposited_missingness_flag,deposition_flags_not_independent_density_assessment
8OTV,A,1,79,LEU,79,78,78,LEU,LEU,A,.,n,8,8,.,,,no_deposited_missingness_flag,deposition_flags_not_independent_density_assessment
8OTV,A,1,80,ALA,80,79,79,ALA,ALA,A,.,n,5,5,.,,,no_deposited_missingness_flag,deposition_flags_not_independent_density_assessment
8OTV,A,1,81,ALA,81,80,80,ALA,ALA,A,.,n,5,5,.,,,no_deposited_missingness_flag,deposition_flags_not_independent_density_assessment
8OTV,A,1,82,VAL,82,81,81,VAL,VAL,A,.,n,7,7,.,,,no_deposited_missingness_flag,deposition_flags_not_independent_density_assessment
8OTV,A,1,83,ASP,83,82,82,ASP,ASP,A,.,n,8,8,.,,,no_deposited_missingness_flag,deposition_flags_not_independent_density_assessment
8OTV,A,1,84,GLN,84,83,?,?,?,A,.,n,0,0,,,,unobserved,deposition_flags_not_independent_density_assessment
8OTV,A,1,85,ASP,85,84,?,?,?,A,.,n,0,0,,,,unobserved,deposition_flags_not_independent_density_assessment
8OTV,A,1,86,GLY,86,85,?,?,?,A,.,n,0,0,,,,unobserved,deposition_flags_not_independent_density_assessment
8OTV,A,1,87,PRO,87,86,86,PRO,PRO,A,.,n,7,7,.,,,no_deposited_missingness_flag,deposition_flags_not_independent_density_assessment
8OTV,A,1,88,ARG,88,87,87,ARG,ARG,A,.,n,11,11,.,,,no_deposited_missingness_flag,deposition_flags_not_independent_density_assessment
8OTV,A,1,89,GLU,89,88,88,GLU,GLU,A,.,n,9,9,.,,,no_deposited_missingness_flag,deposition_flags_not_independent_density_assessment
8OTV,A,1,90,LEU,90,89,89,LEU,LEU,A,.,n,8,8,.,,,no_deposited_missingness_flag,deposition_flags_not_independent_density_assessment
8OTV,A,1,91,GLN,91,90,90,GLN,GLN,A,.,n,5,5,.,CG;CD;OE1;NE2,,partial_atom_set,deposition_flags_not_independent_density_assessment
8OTV,A,1,92,PRO,92,91,91,PRO,PRO,A,.,n,7,7,.,,,no_deposited_missingness_flag,deposition_flags_not_independent_density_assessment
8OTV,A,1,93,ALA,93,92,92,ALA,ALA,A,.,n,5,5,.,,,no_deposited_missingness_flag,deposition_flags_not_independent_density_assessment
8OTV,A,1,94,LEU,94,93,93,LEU,LEU,A,.,n,8,8,.,,,no_deposited_missingness_flag,deposition_flags_not_independent_density_assessment
8OTV,A,1,95,PRO,95,94,94,PRO,PRO,A,.,n,7,7,.,,,no_deposited_missingness_flag,deposition_flags_not_independent_density_assessment
8OTV,A,1,96,GLY,96,95,95,GLY,GLY,A,.,n,4,4,.,,,no_deposited_missingness_flag,deposition_flags_not_independent_density_assessment
8OTV,A,1,97,SER,97,96,96,SER,SER,A,.,n,6,6,.,,,no_deposited_missingness_flag,deposition_flags_not_independent_density_assessment
8OTV,A,1,98,ALA,98,97,97,ALA,ALA,A,.,n,5,5,.,,,no_deposited_missingness_flag,deposition_flags_not_independent_density_assessment
8OTV,A,1,99,GLY,99,98,98,GLY,GLY,A,.,n,4,4,.,,,no_deposited_missingness_flag,deposition_flags_not_independent_density_assessment
8OTV,A,1,100,VAL,100,99,99,VAL,VAL,A,.,n,7,7,.,,,no_deposited_missingness_flag,deposition_flags_not_independent_density_assessment
8OTV,A,1,101,THR,101,100,100,THR,THR,A,.,n,7,7,.,,,no_deposited_missingness_flag,deposition_flags_not_independent_density_assessment
8OTV,A,1,102,VAL,102,101,101,VAL,VAL,A,.,n,7,7,.,,,no_deposited_missingness_flag,deposition_flags_not_independent_density_assessment
8OTV,A,1,103,GLU,103,102,102,GLU,GLU,A,.,n,9,9,.,,,no_deposited_missingness_flag,deposition_flags_not_independent_density_assessment
8OTV,A,1,104,LEU,104,103,103,LEU,LEU,A,.,n,8,8,.,,,no_deposited_missingness_flag,deposition_flags_not_independent_density_assessment
8OTV,A,1,105,CYS,105,104,104,CYS,CYS,A,.,n,6,6,.,,,no_deposited_missingness_flag,deposition_flags_not_independent_density_assessment
8OTV,A,1,106,ALA,106,105,105,ALA,ALA,A,.,n,5,5,.,,,no_deposited_missingness_flag,deposition_flags_not_independent_density_assessment
8OTV,A,1,107,GLY,107,106,106,GLY,GLY,A,.,n,4,4,.,,,no_deposited_missingness_flag,deposition_flags_not_independent_density_assessment
8OTV,A,1,108,LEU,108,107,107,LEU,LEU,A,.,n,8,8,.,,,no_deposited_missingness_flag,deposition_flags_not_independent_density_assessment
8OTV,A,1,109,VAL,109,108,108,VAL,VAL,A,.,n,7,7,.,,,no_deposited_missingness_flag,deposition_flags_not_independent_density_assessment
8OTV,A,1,110,ASP,110,109,109,ASP,ASP,A,.,n,8,8,.,,,no_deposited_missingness_flag,deposition_flags_not_independent_density_assessment
8OTV,A,1,111,GLN,111,110,110,GLN,GLN,A,.,n,5,5,.,CG;CD;OE1;NE2,,partial_atom_set,deposition_flags_not_independent_density_assessment
8OTV,A,1,112,PRO,112,111,111,PRO,PRO,A,.,n,7,7,.,,,no_deposited_missingness_flag,deposition_flags_not_independent_density_assessment
8OTV,A,1,113,GLY,113,112,112,GLY,GLY,A,.,n,4,4,.,,,no_deposited_missingness_flag,deposition_flags_not_independent_density_assessment
8OTV,A,1,114,LEU,114,113,113,LEU,LEU,A,.,n,8,8,.,,,no_deposited_missingness_flag,deposition_flags_not_independent_density_assessment
8OTV,A,1,115,SER,115,114,114,SER,SER,A,.,n,6,6,.,,,no_deposited_missingness_flag,deposition_flags_not_independent_density_assessment
8OTV,A,1,116,LEU,116,115,115,LEU,LEU,A,.,n,8,8,.,,,no_deposited_missingness_flag,deposition_flags_not_independent_density_assessment
8OTV,A,1,117,GLU,117,116,116,GLU,GLU,A,.,n,9,9,.,,,no_deposited_missingness_flag,deposition_flags_not_independent_density_assessment
8OTV,A,1,118,GLU,118,117,117,GLU,GLU,A,.,n,9,9,.,,,no_deposited_missingness_flag,deposition_flags_not_independent_density_assessment
8OTV,A,1,119,VAL,119,118,118,VAL,VAL,A,.,n,7,7,.,,,no_deposited_missingness_flag,deposition_flags_not_independent_density_assessment
8OTV,A,1,120,ALA,120,119,119,ALA,ALA,A,.,n,5,5,.,,,no_deposited_missingness_flag,deposition_flags_not_independent_density_assessment
8OTV,A,1,121,CYS,121,120,120,CYS,CYS,A,.,n,6,6,.,,,no_deposited_missingness_flag,deposition_flags_not_independent_density_assessment
8OTV,A,1,122,LYS,122,121,121,LYS,LYS,A,.,n,9,9,.,,,no_deposited_missingness_flag,deposition_flags_not_independent_density_assessment
8OTV,A,1,123,GLU,123,122,122,GLU,GLU,A,.,n,9,9,.,,,no_deposited_missingness_flag,deposition_flags_not_independent_density_assessment
8OTV,A,1,124,ALA,124,123,123,ALA,ALA,A,.,n,5,5,.,,,no_deposited_missingness_flag,deposition_flags_not_independent_density_assessment
8OTV,A,1,125,TRP,125,124,124,TRP,TRP,A,.,n,14,14,.,,,no_deposited_missingness_flag,deposition_flags_not_independent_density_assessment
8OTV,A,1,126,GLU,126,125,125,GLU,GLU,A,.,n,9,9,.,,,no_deposited_missingness_flag,deposition_flags_not_independent_density_assessment
8OTV,A,1,127,GLU,127,126,126,GLU,GLU,A,.,n,9,9,.,,,no_deposited_missingness_flag,deposition_flags_not_independent_density_assessment
8OTV,A,1,128,CYS,128,127,127,CYS,CYS,A,.,n,6,6,.,,,no_deposited_missingness_flag,deposition_flags_not_independent_density_assessment
8OTV,A,1,129,GLY,129,128,128,GLY,GLY,A,.,n,4,4,.,,,no_deposited_missingness_flag,deposition_flags_not_independent_density_assessment
8OTV,A,1,130,TYR,130,129,129,TYR,TYR,A,.,n,12,12,.,,,no_deposited_missingness_flag,deposition_flags_not_independent_density_assessment
8OTV,A,1,131,HIS,131,130,130,HIS,HIS,A,.,n,10,10,.,,,no_deposited_missingness_flag,deposition_flags_not_independent_density_assessment
8OTV,A,1,132,LEU,132,131,131,LEU,LEU,A,.,n,8,8,.,,,no_deposited_missingness_flag,deposition_flags_not_independent_density_assessment
8OTV,A,1,133,ALA,133,132,132,ALA,ALA,A,.,n,5,5,.,,,no_deposited_missingness_flag,deposition_flags_not_independent_density_assessment
8OTV,A,1,134,PRO,134,133,133,PRO,PRO,A,.,n,7,7,.,,,no_deposited_missingness_flag,deposition_flags_not_independent_density_assessment
8OTV,A,1,135,SER,135,134,134,SER,SER,A,.,n,6,6,.,,,no_deposited_missingness_flag,deposition_flags_not_independent_density_assessment
8OTV,A,1,136,ASP,136,135,135,ASP,ASP,A,.,n,8,8,.,,,no_deposited_missingness_flag,deposition_flags_not_independent_density_assessment
8OTV,A,1,137,LEU,137,136,136,LEU,LEU,A,.,n,8,8,.,,,no_deposited_missingness_flag,deposition_flags_not_independent_density_assessment
8OTV,A,1,138,ARG,138,137,137,ARG,ARG,A,.,n,11,11,.,,,no_deposited_missingness_flag,deposition_flags_not_independent_density_assessment
8OTV,A,1,139,ARG,139,138,138,ARG,ARG,A,.,n,11,11,.,,,no_deposited_missingness_flag,deposition_flags_not_independent_density_assessment
8OTV,A,1,140,VAL,140,139,139,VAL,VAL,A,.,n,7,7,.,,,no_deposited_missingness_flag,deposition_flags_not_independent_density_assessment
8OTV,A,1,141,ALA,141,140,140,ALA,ALA,A,.,n,5,5,.,,,no_deposited_missingness_flag,deposition_flags_not_independent_density_assessment
8OTV,A,1,142,THR,142,141,141,THR,THR,A,.,n,7,7,.,,,no_deposited_missingness_flag,deposition_flags_not_independent_density_assessment
8OTV,A,1,143,TYR,143,142,142,TYR,TYR,A,.,n,12,12,.,,,no_deposited_missingness_flag,deposition_flags_not_independent_density_assessment
8OTV,A,1,144,TRP,144,143,143,TRP,TRP,A,.,n,14,14,.,,,no_deposited_missingness_flag,deposition_flags_not_independent_density_assessment
8OTV,A,1,145,SER,145,144,144,SER,SER,A,.,n,6,6,.,,,no_deposited_missingness_flag,deposition_flags_not_independent_density_assessment
8OTV,A,1,146,GLY,146,145,145,GLY,GLY,A,.,n,4,4,.,,,no_deposited_missingness_flag,deposition_flags_not_independent_density_assessment
8OTV,A,1,147,VAL,147,146,146,VAL,VAL,A,.,n,7,7,.,,,no_deposited_missingness_flag,deposition_flags_not_independent_density_assessment
8OTV,A,1,148,GLY,148,147,147,GLY,GLY,A,.,n,4,4,.,,,no_deposited_missingness_flag,deposition_flags_not_independent_density_assessment
8OTV,A,1,149,LEU,149,148,148,LEU,LEU,A,.,n,8,8,.,,,no_deposited_missingness_flag,deposition_flags_not_independent_density_assessment
8OTV,A,1,150,THR,150,149,149,THR,THR,A,.,n,7,7,.,,,no_deposited_missingness_flag,deposition_flags_not_independent_density_assessment
8OTV,A,1,151,GLY,151,150,150,GLY,GLY,A,.,n,4,4,.,,,no_deposited_missingness_flag,deposition_flags_not_independent_density_assessment
8OTV,A,1,152,SER,152,151,151,SER,SER,A,.,n,6,6,.,,,no_deposited_missingness_flag,deposition_flags_not_independent_density_assessment
8OTV,A,1,153,ARG,153,152,152,ARG,ARG,A,.,n,11,11,.,,,no_deposited_missingness_flag,deposition_flags_not_independent_density_assessment
8OTV,A,1,154,GLN,154,153,153,GLN,GLN,A,.,n,9,9,.,,,no_deposited_missingness_flag,deposition_flags_not_independent_density_assessment
8OTV,A,1,155,THR,155,154,154,THR,THR,A,.,n,7,7,.,,,no_deposited_missingness_flag,deposition_flags_not_independent_density_assessment
8OTV,A,1,156,MET,156,155,155,MET,MET,A,.,n,8,8,.,,,no_deposited_missingness_flag,deposition_flags_not_independent_density_assessment
8OTV,A,1,157,PHE,157,156,156,PHE,PHE,A,.,n,11,11,.,,,no_deposited_missingness_flag,deposition_flags_not_independent_density_assessment
8OTV,A,1,158,TYR,158,157,157,TYR,TYR,A,.,n,12,12,.,,,no_deposited_missingness_flag,deposition_flags_not_independent_density_assessment
8OTV,A,1,159,THR,159,158,158,THR,THR,A,.,n,7,7,.,,,no_deposited_missingness_flag,deposition_flags_not_independent_density_assessment
8OTV,A,1,160,GLU,160,159,159,GLU,GLU,A,.,n,9,9,.,,,no_deposited_missingness_flag,deposition_flags_not_independent_density_assessment
8OTV,A,1,161,VAL,161,160,160,VAL,VAL,A,.,n,7,7,.,,,no_deposited_missingness_flag,deposition_flags_not_independent_density_assessment
8OTV,A,1,162,THR,162,161,161,THR,THR,A,.,n,7,7,.,,,no_deposited_missingness_flag,deposition_flags_not_independent_density_assessment
8OTV,A,1,163,ASP,163,162,162,ASP,ASP,A,.,n,8,8,.,,,no_deposited_missingness_flag,deposition_flags_not_independent_density_assessment
8OTV,A,1,164,ALA,164,163,163,ALA,ALA,A,.,n,5,5,.,,,no_deposited_missingness_flag,deposition_flags_not_independent_density_assessment
8OTV,A,1,165,GLN,165,164,164,GLN,GLN,A,.,n,9,9,.,,,no_deposited_missingness_flag,deposition_flags_not_independent_density_assessment
8OTV,A,1,166,ARG,166,165,165,ARG,ARG,A,.,n,7,7,.,NE;CZ;NH1;NH2,,partial_atom_set,deposition_flags_not_independent_density_assessment
8OTV,A,1,167,SER,167,166,166,SER,SER,A,.,n,6,6,.,,,no_deposited_missingness_flag,deposition_flags_not_independent_density_assessment
8OTV,A,1,168,GLY,168,167,167,GLY,GLY,A,.,n,4,4,.,,,no_deposited_missingness_flag,deposition_flags_not_independent_density_assessment
8OTV,A,1,169,PRO,169,168,168,PRO,PRO,A,.,n,7,7,.,,,no_deposited_missingness_flag,deposition_flags_not_independent_density_assessment
8OTV,A,1,170,GLY,170,169,169,GLY,GLY,A,.,n,4,4,.,,,no_deposited_missingness_flag,deposition_flags_not_independent_density_assessment
8OTV,A,1,171,GLY,171,170,170,GLY,GLY,A,.,n,4,4,.,,,no_deposited_missingness_flag,deposition_flags_not_independent_density_assessment
8OTV,A,1,172,GLY,172,171,171,GLY,GLY,A,.,n,4,4,.,,,no_deposited_missingness_flag,deposition_flags_not_independent_density_assessment
8OTV,A,1,173,LEU,173,172,172,LEU,LEU,A,.,n,8,8,.,,,no_deposited_missingness_flag,deposition_flags_not_independent_density_assessment
8OTV,A,1,174,VAL,174,173,?,?,?,A,.,n,0,0,,,,unobserved,deposition_flags_not_independent_density_assessment
8OTV,A,1,175,GLU,175,174,?,?,?,A,.,n,0,0,,,,unobserved,deposition_flags_not_independent_density_assessment
8OTV,A,1,176,GLU,176,175,?,?,?,A,.,n,0,0,,,,unobserved,deposition_flags_not_independent_density_assessment
8OTV,A,1,177,GLY,177,176,?,?,?,A,.,n,0,0,,,,unobserved,deposition_flags_not_independent_density_assessment
8OTV,A,1,178,GLU,178,177,?,?,?,A,.,n,0,0,,,,unobserved,deposition_flags_not_independent_density_assessment
8OTV,A,1,179,LEU,179,178,178,LEU,LEU,A,.,n,8,8,.,,,no_deposited_missingness_flag,deposition_flags_not_independent_density_assessment
8OTV,A,1,180,ILE,180,179,179,ILE,ILE,A,.,n,8,8,.,,,no_deposited_missingness_flag,deposition_flags_not_independent_density_assessment
8OTV,A,1,181,GLU,181,180,180,GLU,GLU,A,.,n,9,9,.,,,no_deposited_missingness_flag,deposition_flags_not_independent_density_assessment
8OTV,A,1,182,VAL,182,181,181,VAL,VAL,A,.,n,7,7,.,,,no_deposited_missingness_flag,deposition_flags_not_independent_density_assessment
8OTV,A,1,183,VAL,183,182,182,VAL,VAL,A,.,n,7,7,.,,,no_deposited_missingness_flag,deposition_flags_not_independent_density_assessment
8OTV,A,1,184,HIS,184,183,183,HIS,HIS,A,.,n,10,10,.,,,no_deposited_missingness_flag,deposition_flags_not_independent_density_assessment
8OTV,A,1,185,LEU,185,184,184,LEU,LEU,A,.,n,8,8,.,,,no_deposited_missingness_flag,deposition_flags_not_independent_density_assessment
8OTV,A,1,186,PRO,186,185,185,PRO,PRO,A,.,n,7,7,.,,,no_deposited_missingness_flag,deposition_flags_not_independent_density_assessment
8OTV,A,1,187,LEU,187,186,186,LEU,LEU,A,.,n,8,8,.,,,no_deposited_missingness_flag,deposition_flags_not_independent_density_assessment
8OTV,A,1,188,GLU,188,187,187,GLU,GLU,A,.,n,9,9,.,,,no_deposited_missingness_flag,deposition_flags_not_independent_density_assessment
8OTV,A,1,189,GLY,189,188,188,GLY,GLY,A,.,n,4,4,.,,,no_deposited_missingness_flag,deposition_flags_not_independent_density_assessment
8OTV,A,1,190,ALA,190,189,189,ALA,ALA,A,.,n,5,5,.,,,no_deposited_missingness_flag,deposition_flags_not_independent_density_assessment
8OTV,A,1,191,GLN,191,190,190,GLN,GLN,A,.,n,9,9,.,,,no_deposited_missingness_flag,deposition_flags_not_independent_density_assessment
8OTV,A,1,192,ALA,192,191,191,ALA,ALA,A,.,n,5,5,.,,,no_deposited_missingness_flag,deposition_flags_not_independent_density_assessment
8OTV,A,1,193,PHE,193,192,192,PHE,PHE,A,.,n,11,11,.,,,no_deposited_missingness_flag,deposition_flags_not_independent_density_assessment
8OTV,A,1,194,ALA,194,193,193,ALA,ALA,A,.,n,5,5,.,,,no_deposited_missingness_flag,deposition_flags_not_independent_density_assessment
8OTV,A,1,195,ASP,195,194,194,ASP,ASP,A,.,n,8,8,.,,,no_deposited_missingness_flag,deposition_flags_not_independent_density_assessment
8OTV,A,1,196,ASP,196,195,195,ASP,ASP,A,.,n,8,8,.,,,no_deposited_missingness_flag,deposition_flags_not_independent_density_assessment
8OTV,A,1,197,PRO,197,196,196,PRO,PRO,A,.,n,7,7,.,,,no_deposited_missingness_flag,deposition_flags_not_independent_density_assessment
8OTV,A,1,198,ASP,198,197,197,ASP,ASP,A,.,n,8,8,.,,,no_deposited_missingness_flag,deposition_flags_not_independent_density_assessment
8OTV,A,1,199,ILE,199,198,198,ILE,ILE,A,.,n,8,8,.,,,no_deposited_missingness_flag,deposition_flags_not_independent_density_assessment
8OTV,A,1,200,PRO,200,199,199,PRO,PRO,A,.,n,7,7,.,,,no_deposited_missingness_flag,deposition_flags_not_independent_density_assessment
8OTV,A,1,201,LYS,201,200,200,LYS,LYS,A,.,n,9,9,.,,,no_deposited_missingness_flag,deposition_flags_not_independent_density_assessment
8OTV,A,1,202,THR,202,201,201,THR,THR,A,.,n,7,7,.,,,no_deposited_missingness_flag,deposition_flags_not_independent_density_assessment
8OTV,A,1,203,LEU,203,202,202,LEU,LEU,A,.,n,8,8,.,,,no_deposited_missingness_flag,deposition_flags_not_independent_density_assessment
8OTV,A,1,204,GLY,204,203,203,GLY,GLY,A,.,n,4,4,.,,,no_deposited_missingness_flag,deposition_flags_not_independent_density_assessment
8OTV,A,1,205,VAL,205,204,204,VAL,VAL,A,.,n,7,7,.,,,no_deposited_missingness_flag,deposition_flags_not_independent_density_assessment
8OTV,A,1,206,ILE,206,205,205,ILE,ILE,A,.,n,8,8,.,,,no_deposited_missingness_flag,deposition_flags_not_independent_density_assessment
8OTV,A,1,207,PHE,207,206,206,PHE,PHE,A,.,n,11,11,.,,,no_deposited_missingness_flag,deposition_flags_not_independent_density_assessment
8OTV,A,1,208,GLY,208,207,207,GLY,GLY,A,.,n,4,4,.,,,no_deposited_missingness_flag,deposition_flags_not_independent_density_assessment
8OTV,A,1,209,VAL,209,208,208,VAL,VAL,A,.,n,7,7,.,,,no_deposited_missingness_flag,deposition_flags_not_independent_density_assessment
8OTV,A,1,210,SER,210,209,209,SER,SER,A,.,n,6,6,.,,,no_deposited_missingness_flag,deposition_flags_not_independent_density_assessment
8OTV,A,1,211,TRP,211,210,210,TRP,TRP,A,.,n,14,14,.,,,no_deposited_missingness_flag,deposition_flags_not_independent_density_assessment
8OTV,A,1,212,PHE,212,211,211,PHE,PHE,A,.,n,11,11,.,,,no_deposited_missingness_flag,deposition_flags_not_independent_density_assessment
8OTV,A,1,213,LEU,213,212,212,LEU,LEU,A,.,n,8,8,.,,,no_deposited_missingness_flag,deposition_flags_not_independent_density_assessment
8OTV,A,1,214,SER,214,213,213,SER,SER,A,.,n,6,6,.,,,no_deposited_missingness_flag,deposition_flags_not_independent_density_assessment
8OTV,A,1,215,GLN,215,214,214,GLN,GLN,A,.,n,9,9,.,,,no_deposited_missingness_flag,deposition_flags_not_independent_density_assessment
8OTV,A,1,216,VAL,216,215,215,VAL,VAL,A,.,n,7,7,.,,,no_deposited_missingness_flag,deposition_flags_not_independent_density_assessment
8OTV,A,1,217,ALA,217,216,216,ALA,ALA,A,.,n,5,5,.,,,no_deposited_missingness_flag,deposition_flags_not_independent_density_assessment
8OTV,A,1,218,PRO,218,217,217,PRO,PRO,A,.,n,7,7,.,,,no_deposited_missingness_flag,deposition_flags_not_independent_density_assessment
8OTV,A,1,219,ASN,219,218,218,ASN,ASN,A,.,n,8,8,.,,,no_deposited_missingness_flag,deposition_flags_not_independent_density_assessment
8OTV,A,1,220,LEU,220,219,219,LEU,LEU,A,.,n,8,8,.,,,no_deposited_missingness_flag,deposition_flags_not_independent_density_assessment
8OTV,A,1,221,ASP,221,220,?,?,?,A,.,n,0,0,,,,unobserved,deposition_flags_not_independent_density_assessment
8OTV,A,1,222,LEU,222,221,?,?,?,A,.,n,0,0,,,,unobserved,deposition_flags_not_independent_density_assessment
8OTV,A,1,223,GLN,223,222,?,?,?,A,.,n,0,0,,,,unobserved,deposition_flags_not_independent_density_assessment
8OTV,B,1,1,SER,1,0,?,?,?,B,.,n,0,0,,,,unobserved,deposition_flags_not_independent_density_assessment
8OTV,B,1,2,MET,2,1,1,MET,MET,B,.,n,8,8,.,,,no_deposited_missingness_flag,deposition_flags_not_independent_density_assessment
8OTV,B,1,3,GLU,3,2,2,GLU,GLU,B,.,n,9,9,.,,,no_deposited_missingness_flag,deposition_flags_not_independent_density_assessment
8OTV,B,1,4,ARG,4,3,3,ARG,ARG,B,.,n,11,11,.,,,no_deposited_missingness_flag,deposition_flags_not_independent_density_assessment
8OTV,B,1,5,ILE,5,4,4,ILE,ILE,B,.,n,8,8,.,,,no_deposited_missingness_flag,deposition_flags_not_independent_density_assessment
8OTV,B,1,6,GLU,6,5,5,GLU,GLU,B,.,n,9,9,.,,,no_deposited_missingness_flag,deposition_flags_not_independent_density_assessment
8OTV,B,1,7,GLY,7,6,6,GLY,GLY,B,.,n,4,4,.,,,no_deposited_missingness_flag,deposition_flags_not_independent_density_assessment
8OTV,B,1,8,ALA,8,7,7,ALA,ALA,B,.,n,5,5,.,,,no_deposited_missingness_flag,deposition_flags_not_independent_density_assessment
8OTV,B,1,9,SER,9,8,8,SER,SER,B,.,n,6,6,.,,,no_deposited_missingness_flag,deposition_flags_not_independent_density_assessment
8OTV,B,1,10,VAL,10,9,9,VAL,VAL,B,.,n,7,7,.,,,no_deposited_missingness_flag,deposition_flags_not_independent_density_assessment
8OTV,B,1,11,GLY,11,10,10,GLY,GLY,B,.,n,4,4,.,,,no_deposited_missingness_flag,deposition_flags_not_independent_density_assessment
8OTV,B,1,12,ARG,12,11,11,ARG,ARG,B,.,n,5,5,.,CG;CD;NE;CZ;NH1;NH2,,partial_atom_set,deposition_flags_not_independent_density_assessment
8OTV,B,1,13,CYS,13,12,12,CYS,CYS,B,.,n,6,6,.,,,no_deposited_missingness_flag,deposition_flags_not_independent_density_assessment
8OTV,B,1,14,ALA,14,13,13,ALA,ALA,B,.,n,5,5,.,,,no_deposited_missingness_flag,deposition_flags_not_independent_density_assessment
8OTV,B,1,15,ALA,15,14,14,ALA,ALA,B,.,n,5,5,.,,,no_deposited_missingness_flag,deposition_flags_not_independent_density_assessment
8OTV,B,1,16,SER,16,15,15,SER,SER,B,.,n,6,6,.,,,no_deposited_missingness_flag,deposition_flags_not_independent_density_assessment
8OTV,B,1,17,PRO,17,16,16,PRO,PRO,B,.,n,7,7,.,,,no_deposited_missingness_flag,deposition_flags_not_independent_density_assessment
8OTV,B,1,18,TYR,18,17,17,TYR,TYR,B,.,n,12,12,.,,,no_deposited_missingness_flag,deposition_flags_not_independent_density_assessment
8OTV,B,1,19,LEU,19,18,18,LEU,LEU,B,.,n,8,8,.,,,no_deposited_missingness_flag,deposition_flags_not_independent_density_assessment
8OTV,B,1,20,ARG,20,19,19,ARG,ARG,B,.,n,11,11,.,,,no_deposited_missingness_flag,deposition_flags_not_independent_density_assessment
8OTV,B,1,21,PRO,21,20,20,PRO,PRO,B,.,n,7,7,.,,,no_deposited_missingness_flag,deposition_flags_not_independent_density_assessment
8OTV,B,1,22,LEU,22,21,21,LEU,LEU,B,.,n,8,8,.,,,no_deposited_missingness_flag,deposition_flags_not_independent_density_assessment
8OTV,B,1,23,THR,23,22,22,THR,THR,B,.,n,7,7,.,,,no_deposited_missingness_flag,deposition_flags_not_independent_density_assessment
8OTV,B,1,24,LEU,24,23,23,LEU,LEU,B,.,n,8,8,.,,,no_deposited_missingness_flag,deposition_flags_not_independent_density_assessment
8OTV,B,1,25,HIS,25,24,24,HIS,HIS,B,.,n,10,10,.,,,no_deposited_missingness_flag,deposition_flags_not_independent_density_assessment
8OTV,B,1,26,TYR,26,25,25,TYR,TYR,B,.,n,12,12,.,,,no_deposited_missingness_flag,deposition_flags_not_independent_density_assessment
8OTV,B,1,27,ARG,27,26,26,ARG,ARG,B,.,n,11,11,.,,,no_deposited_missingness_flag,deposition_flags_not_independent_density_assessment
8OTV,B,1,28,GLN,28,27,27,GLN,GLN,B,.,n,9,9,.,,,no_deposited_missingness_flag,deposition_flags_not_independent_density_assessment
8OTV,B,1,29,ASN,29,28,28,ASN,ASN,B,.,n,8,8,.,,,no_deposited_missingness_flag,deposition_flags_not_independent_density_assessment
8OTV,B,1,30,GLY,30,29,29,GLY,GLY,B,.,n,4,4,.,,,no_deposited_missingness_flag,deposition_flags_not_independent_density_assessment
8OTV,B,1,31,ALA,31,30,30,ALA,ALA,B,.,n,5,5,.,,,no_deposited_missingness_flag,deposition_flags_not_independent_density_assessment
8OTV,B,1,32,GLN,32,31,31,GLN,GLN,B,.,n,9,9,.,,,no_deposited_missingness_flag,deposition_flags_not_independent_density_assessment
8OTV,B,1,33,LYS,33,32,32,LYS,LYS,B,.,n,9,9,.,,,no_deposited_missingness_flag,deposition_flags_not_independent_density_assessment
8OTV,B,1,34,SER,34,33,33,SER,SER,B,.,n,6,6,.,,,no_deposited_missingness_flag,deposition_flags_not_independent_density_assessment
8OTV,B,1,35,TRP,35,34,34,TRP,TRP,B,.,n,14,14,.,,,no_deposited_missingness_flag,deposition_flags_not_independent_density_assessment
8OTV,B,1,36,ASP,36,35,35,ASP,ASP,B,.,n,8,8,.,,,no_deposited_missingness_flag,deposition_flags_not_independent_density_assessment
8OTV,B,1,37,PHE,37,36,36,PHE,PHE,B,.,n,11,11,.,,,no_deposited_missingness_flag,deposition_flags_not_independent_density_assessment
8OTV,B,1,38,MET,38,37,37,MET,MET,B,.,n,8,8,.,,,no_deposited_missingness_flag,deposition_flags_not_independent_density_assessment
8OTV,B,1,39,LYS,39,38,38,LYS,LYS,B,.,n,9,9,.,,,no_deposited_missingness_flag,deposition_flags_not_independent_density_assessment
8OTV,B,1,40,THR,40,39,39,THR,THR,B,.,n,7,7,.,,,no_deposited_missingness_flag,deposition_flags_not_independent_density_assessment
8OTV,B,1,41,HIS,41,40,40,HIS,HIS,B,.,n,10,10,.,,,no_deposited_missingness_flag,deposition_flags_not_independent_density_assessment
8OTV,B,1,42,ASP,42,41,41,ASP,ASP,B,.,n,8,8,.,,,no_deposited_missingness_flag,deposition_flags_not_independent_density_assessment
8OTV,B,1,43,SER,43,42,42,SER,SER,B,.,n,6,6,.,,,no_deposited_missingness_flag,deposition_flags_not_independent_density_assessment
8OTV,B,1,44,VAL,44,43,43,VAL,VAL,B,.,n,7,7,.,,,no_deposited_missingness_flag,deposition_flags_not_independent_density_assessment
8OTV,B,1,45,THR,45,44,44,THR,THR,B,.,n,7,7,.,,,no_deposited_missingness_flag,deposition_flags_not_independent_density_assessment
8OTV,B,1,46,VAL,46,45,45,VAL,VAL,B,.,n,7,7,.,,,no_deposited_missingness_flag,deposition_flags_not_independent_density_assessment
8OTV,B,1,47,LEU,47,46,46,LEU,LEU,B,.,n,8,8,.,,,no_deposited_missingness_flag,deposition_flags_not_independent_density_assessment
8OTV,B,1,48,LEU,48,47,47,LEU,LEU,B,.,n,16,16,A;B,,,no_deposited_missingness_flag,deposition_flags_not_independent_density_assessment
8OTV,B,1,49,PHE,49,48,48,PHE,PHE,B,.,n,11,11,.,,,no_deposited_missingness_flag,deposition_flags_not_independent_density_assessment
8OTV,B,1,50,ASN,50,49,49,ASN,ASN,B,.,n,8,8,.,,,no_deposited_missingness_flag,deposition_flags_not_independent_density_assessment
8OTV,B,1,51,SER,51,50,50,SER,SER,B,.,n,6,6,.,,,no_deposited_missingness_flag,deposition_flags_not_independent_density_assessment
8OTV,B,1,52,SER,52,51,51,SER,SER,B,.,n,6,6,.,,,no_deposited_missingness_flag,deposition_flags_not_independent_density_assessment
8OTV,B,1,53,ARG,53,52,52,ARG,ARG,B,.,n,11,11,.,,,no_deposited_missingness_flag,deposition_flags_not_independent_density_assessment
8OTV,B,1,54,ARG,54,53,53,ARG,ARG,B,.,n,11,11,.,,,no_deposited_missingness_flag,deposition_flags_not_independent_density_assessment
8OTV,B,1,55,SER,55,54,54,SER,SER,B,.,n,6,6,.,,,no_deposited_missingness_flag,deposition_flags_not_independent_density_assessment
8OTV,B,1,56,LEU,56,55,55,LEU,LEU,B,.,n,8,8,.,,,no_deposited_missingness_flag,deposition_flags_not_independent_density_assessment
8OTV,B,1,57,VAL,57,56,56,VAL,VAL,B,.,n,7,7,.,,,no_deposited_missingness_flag,deposition_flags_not_independent_density_assessment
8OTV,B,1,58,LEU,58,57,57,LEU,LEU,B,.,n,8,8,.,,,no_deposited_missingness_flag,deposition_flags_not_independent_density_assessment
8OTV,B,1,59,VAL,59,58,58,VAL,VAL,B,.,n,7,7,.,,,no_deposited_missingness_flag,deposition_flags_not_independent_density_assessment
8OTV,B,1,60,LYS,60,59,59,LYS,LYS,B,.,n,9,9,.,,,no_deposited_missingness_flag,deposition_flags_not_independent_density_assessment
8OTV,B,1,61,GLN,61,60,60,GLN,GLN,B,.,n,9,9,.,,,no_deposited_missingness_flag,deposition_flags_not_independent_density_assessment
8OTV,B,1,62,PHE,62,61,61,PHE,PHE,B,.,n,11,11,.,,,no_deposited_missingness_flag,deposition_flags_not_independent_density_assessment
8OTV,B,1,63,ARG,63,62,62,ARG,ARG,B,.,n,11,11,.,,,no_deposited_missingness_flag,deposition_flags_not_independent_density_assessment
8OTV,B,1,64,PRO,64,63,63,PRO,PRO,B,.,n,7,7,.,,,no_deposited_missingness_flag,deposition_flags_not_independent_density_assessment
8OTV,B,1,65,ALA,65,64,64,ALA,ALA,B,.,n,5,5,.,,,no_deposited_missingness_flag,deposition_flags_not_independent_density_assessment
8OTV,B,1,66,VAL,66,65,65,VAL,VAL,B,.,n,7,7,.,,,no_deposited_missingness_flag,deposition_flags_not_independent_density_assessment
8OTV,B,1,67,TYR,67,66,66,TYR,TYR,B,.,n,12,12,.,,,no_deposited_missingness_flag,deposition_flags_not_independent_density_assessment
8OTV,B,1,68,ALA,68,67,67,ALA,ALA,B,.,n,5,5,.,,,no_deposited_missingness_flag,deposition_flags_not_independent_density_assessment
8OTV,B,1,69,GLY,69,68,68,GLY,GLY,B,.,n,4,4,.,,,no_deposited_missingness_flag,deposition_flags_not_independent_density_assessment
8OTV,B,1,70,GLU,70,69,69,GLU,GLU,B,.,n,9,9,.,,,no_deposited_missingness_flag,deposition_flags_not_independent_density_assessment
8OTV,B,1,71,VAL,71,70,70,VAL,VAL,B,.,n,7,7,.,,,no_deposited_missingness_flag,deposition_flags_not_independent_density_assessment
8OTV,B,1,72,GLU,72,71,71,GLU,GLU,B,.,n,9,9,.,,,no_deposited_missingness_flag,deposition_flags_not_independent_density_assessment
8OTV,B,1,73,ARG,73,72,72,ARG,ARG,B,.,n,11,11,.,,,no_deposited_missingness_flag,deposition_flags_not_independent_density_assessment
8OTV,B,1,74,ARG,74,73,73,ARG,ARG,B,.,n,11,11,.,,,no_deposited_missingness_flag,deposition_flags_not_independent_density_assessment
8OTV,B,1,75,PHE,75,74,74,PHE,PHE,B,.,n,11,11,.,,,no_deposited_missingness_flag,deposition_flags_not_independent_density_assessment
8OTV,B,1,76,PRO,76,75,75,PRO,PRO,B,.,n,7,7,.,,,no_deposited_missingness_flag,deposition_flags_not_independent_density_assessment
8OTV,B,1,77,GLY,77,76,76,GLY,GLY,B,.,n,4,4,.,,,no_deposited_missingness_flag,deposition_flags_not_independent_density_assessment
8OTV,B,1,78,SER,78,77,77,SER,SER,B,.,n,6,6,.,,,no_deposited_missingness_flag,deposition_flags_not_independent_density_assessment
8OTV,B,1,79,LEU,79,78,78,LEU,LEU,B,.,n,8,8,.,,,no_deposited_missingness_flag,deposition_flags_not_independent_density_assessment
8OTV,B,1,80,ALA,80,79,79,ALA,ALA,B,.,n,5,5,.,,,no_deposited_missingness_flag,deposition_flags_not_independent_density_assessment
8OTV,B,1,81,ALA,81,80,80,ALA,ALA,B,.,n,5,5,.,,,no_deposited_missingness_flag,deposition_flags_not_independent_density_assessment
8OTV,B,1,82,VAL,82,81,81,VAL,VAL,B,.,n,7,7,.,,,no_deposited_missingness_flag,deposition_flags_not_independent_density_assessment
8OTV,B,1,83,ASP,83,82,82,ASP,ASP,B,.,n,8,8,.,,,no_deposited_missingness_flag,deposition_flags_not_independent_density_assessment
8OTV,B,1,84,GLN,84,83,83,GLN,GLN,B,.,n,5,5,.,CG;CD;OE1;NE2,,partial_atom_set,deposition_flags_not_independent_density_assessment
8OTV,B,1,85,ASP,85,84,84,ASP,ASP,B,.,n,5,5,.,CG;OD1;OD2,,partial_atom_set,deposition_flags_not_independent_density_assessment
8OTV,B,1,86,GLY,86,85,85,GLY,GLY,B,.,n,4,4,.,,,no_deposited_missingness_flag,deposition_flags_not_independent_density_assessment
8OTV,B,1,87,PRO,87,86,86,PRO,PRO,B,.,n,7,7,.,,,no_deposited_missingness_flag,deposition_flags_not_independent_density_assessment
8OTV,B,1,88,ARG,88,87,87,ARG,ARG,B,.,n,11,11,.,,,no_deposited_missingness_flag,deposition_flags_not_independent_density_assessment
8OTV,B,1,89,GLU,89,88,88,GLU,GLU,B,.,n,9,9,.,,,no_deposited_missingness_flag,deposition_flags_not_independent_density_assessment
8OTV,B,1,90,LEU,90,89,89,LEU,LEU,B,.,n,8,8,.,,,no_deposited_missingness_flag,deposition_flags_not_independent_density_assessment
8OTV,B,1,91,GLN,91,90,90,GLN,GLN,B,.,n,9,9,.,,,no_deposited_missingness_flag,deposition_flags_not_independent_density_assessment
8OTV,B,1,92,PRO,92,91,91,PRO,PRO,B,.,n,7,7,.,,,no_deposited_missingness_flag,deposition_flags_not_independent_density_assessment
8OTV,B,1,93,ALA,93,92,92,ALA,ALA,B,.,n,5,5,.,,,no_deposited_missingness_flag,deposition_flags_not_independent_density_assessment
8OTV,B,1,94,LEU,94,93,93,LEU,LEU,B,.,n,8,8,.,,,no_deposited_missingness_flag,deposition_flags_not_independent_density_assessment
8OTV,B,1,95,PRO,95,94,94,PRO,PRO,B,.,n,7,7,.,,,no_deposited_missingness_flag,deposition_flags_not_independent_density_assessment
8OTV,B,1,96,GLY,96,95,95,GLY,GLY,B,.,n,4,4,.,,,no_deposited_missingness_flag,deposition_flags_not_independent_density_assessment
8OTV,B,1,97,SER,97,96,96,SER,SER,B,.,n,6,6,.,,,no_deposited_missingness_flag,deposition_flags_not_independent_density_assessment
8OTV,B,1,98,ALA,98,97,97,ALA,ALA,B,.,n,5,5,.,,,no_deposited_missingness_flag,deposition_flags_not_independent_density_assessment
8OTV,B,1,99,GLY,99,98,98,GLY,GLY,B,.,n,4,4,.,,,no_deposited_missingness_flag,deposition_flags_not_independent_density_assessment
8OTV,B,1,100,VAL,100,99,99,VAL,VAL,B,.,n,7,7,.,,,no_deposited_missingness_flag,deposition_flags_not_independent_density_assessment
8OTV,B,1,101,THR,101,100,100,THR,THR,B,.,n,7,7,.,,,no_deposited_missingness_flag,deposition_flags_not_independent_density_assessment
8OTV,B,1,102,VAL,102,101,101,VAL,VAL,B,.,n,7,7,.,,,no_deposited_missingness_flag,deposition_flags_not_independent_density_assessment
8OTV,B,1,103,GLU,103,102,102,GLU,GLU,B,.,n,9,9,.,,,no_deposited_missingness_flag,deposition_flags_not_independent_density_assessment
8OTV,B,1,104,LEU,104,103,103,LEU,LEU,B,.,n,8,8,.,,,no_deposited_missingness_flag,deposition_flags_not_independent_density_assessment
8OTV,B,1,105,CYS,105,104,104,CYS,CYS,B,.,n,6,6,.,,,no_deposited_missingness_flag,deposition_flags_not_independent_density_assessment
8OTV,B,1,106,ALA,106,105,105,ALA,ALA,B,.,n,5,5,.,,,no_deposited_missingness_flag,deposition_flags_not_independent_density_assessment
8OTV,B,1,107,GLY,107,106,106,GLY,GLY,B,.,n,4,4,.,,,no_deposited_missingness_flag,deposition_flags_not_independent_density_assessment
8OTV,B,1,108,LEU,108,107,107,LEU,LEU,B,.,n,8,8,.,,,no_deposited_missingness_flag,deposition_flags_not_independent_density_assessment
8OTV,B,1,109,VAL,109,108,108,VAL,VAL,B,.,n,7,7,.,,,no_deposited_missingness_flag,deposition_flags_not_independent_density_assessment
8OTV,B,1,110,ASP,110,109,109,ASP,ASP,B,.,n,8,8,.,,,no_deposited_missingness_flag,deposition_flags_not_independent_density_assessment
8OTV,B,1,111,GLN,111,110,110,GLN,GLN,B,.,n,9,9,.,,,no_deposited_missingness_flag,deposition_flags_not_independent_density_assessment
8OTV,B,1,112,PRO,112,111,111,PRO,PRO,B,.,n,7,7,.,,,no_deposited_missingness_flag,deposition_flags_not_independent_density_assessment
8OTV,B,1,113,GLY,113,112,112,GLY,GLY,B,.,n,4,4,.,,,no_deposited_missingness_flag,deposition_flags_not_independent_density_assessment
8OTV,B,1,114,LEU,114,113,113,LEU,LEU,B,.,n,8,8,.,,,no_deposited_missingness_flag,deposition_flags_not_independent_density_assessment
8OTV,B,1,115,SER,115,114,114,SER,SER,B,.,n,6,6,.,,,no_deposited_missingness_flag,deposition_flags_not_independent_density_assessment
8OTV,B,1,116,LEU,116,115,115,LEU,LEU,B,.,n,8,8,.,,,no_deposited_missingness_flag,deposition_flags_not_independent_density_assessment
8OTV,B,1,117,GLU,117,116,116,GLU,GLU,B,.,n,9,9,.,,,no_deposited_missingness_flag,deposition_flags_not_independent_density_assessment
8OTV,B,1,118,GLU,118,117,117,GLU,GLU,B,.,n,9,9,.,,,no_deposited_missingness_flag,deposition_flags_not_independent_density_assessment
8OTV,B,1,119,VAL,119,118,118,VAL,VAL,B,.,n,7,7,.,,,no_deposited_missingness_flag,deposition_flags_not_independent_density_assessment
8OTV,B,1,120,ALA,120,119,119,ALA,ALA,B,.,n,5,5,.,,,no_deposited_missingness_flag,deposition_flags_not_independent_density_assessment
8OTV,B,1,121,CYS,121,120,120,CYS,CYS,B,.,n,6,6,.,,,no_deposited_missingness_flag,deposition_flags_not_independent_density_assessment
8OTV,B,1,122,LYS,122,121,121,LYS,LYS,B,.,n,9,9,.,,,no_deposited_missingness_flag,deposition_flags_not_independent_density_assessment
8OTV,B,1,123,GLU,123,122,122,GLU,GLU,B,.,n,9,9,.,,,no_deposited_missingness_flag,deposition_flags_not_independent_density_assessment
8OTV,B,1,124,ALA,124,123,123,ALA,ALA,B,.,n,5,5,.,,,no_deposited_missingness_flag,deposition_flags_not_independent_density_assessment
8OTV,B,1,125,TRP,125,124,124,TRP,TRP,B,.,n,14,14,.,,,no_deposited_missingness_flag,deposition_flags_not_independent_density_assessment
8OTV,B,1,126,GLU,126,125,125,GLU,GLU,B,.,n,9,9,.,,,no_deposited_missingness_flag,deposition_flags_not_independent_density_assessment
8OTV,B,1,127,GLU,127,126,126,GLU,GLU,B,.,n,9,9,.,,,no_deposited_missingness_flag,deposition_flags_not_independent_density_assessment
8OTV,B,1,128,CYS,128,127,127,CYS,CYS,B,.,n,6,6,.,,,no_deposited_missingness_flag,deposition_flags_not_independent_density_assessment
8OTV,B,1,129,GLY,129,128,128,GLY,GLY,B,.,n,4,4,.,,,no_deposited_missingness_flag,deposition_flags_not_independent_density_assessment
8OTV,B,1,130,TYR,130,129,129,TYR,TYR,B,.,n,12,12,.,,,no_deposited_missingness_flag,deposition_flags_not_independent_density_assessment
8OTV,B,1,131,HIS,131,130,130,HIS,HIS,B,.,n,10,10,.,,,no_deposited_missingness_flag,deposition_flags_not_independent_density_assessment
8OTV,B,1,132,LEU,132,131,131,LEU,LEU,B,.,n,8,8,.,,,no_deposited_missingness_flag,deposition_flags_not_independent_density_assessment
8OTV,B,1,133,ALA,133,132,132,ALA,ALA,B,.,n,5,5,.,,,no_deposited_missingness_flag,deposition_flags_not_independent_density_assessment
8OTV,B,1,134,PRO,134,133,133,PRO,PRO,B,.,n,7,7,.,,,no_deposited_missingness_flag,deposition_flags_not_independent_density_assessment
8OTV,B,1,135,SER,135,134,134,SER,SER,B,.,n,6,6,.,,,no_deposited_missingness_flag,deposition_flags_not_independent_density_assessment
8OTV,B,1,136,ASP,136,135,135,ASP,ASP,B,.,n,8,8,.,,,no_deposited_missingness_flag,deposition_flags_not_independent_density_assessment
8OTV,B,1,137,LEU,137,136,136,LEU,LEU,B,.,n,8,8,.,,,no_deposited_missingness_flag,deposition_flags_not_independent_density_assessment
8OTV,B,1,138,ARG,138,137,137,ARG,ARG,B,.,n,11,11,.,,,no_deposited_missingness_flag,deposition_flags_not_independent_density_assessment
8OTV,B,1,139,ARG,139,138,138,ARG,ARG,B,.,n,11,11,.,,,no_deposited_missingness_flag,deposition_flags_not_independent_density_assessment
8OTV,B,1,140,VAL,140,139,139,VAL,VAL,B,.,n,7,7,.,,,no_deposited_missingness_flag,deposition_flags_not_independent_density_assessment
8OTV,B,1,141,ALA,141,140,140,ALA,ALA,B,.,n,5,5,.,,,no_deposited_missingness_flag,deposition_flags_not_independent_density_assessment
8OTV,B,1,142,THR,142,141,141,THR,THR,B,.,n,7,7,.,,,no_deposited_missingness_flag,deposition_flags_not_independent_density_assessment
8OTV,B,1,143,TYR,143,142,142,TYR,TYR,B,.,n,12,12,.,,,no_deposited_missingness_flag,deposition_flags_not_independent_density_assessment
8OTV,B,1,144,TRP,144,143,143,TRP,TRP,B,.,n,14,14,.,,,no_deposited_missingness_flag,deposition_flags_not_independent_density_assessment
8OTV,B,1,145,SER,145,144,144,SER,SER,B,.,n,6,6,.,,,no_deposited_missingness_flag,deposition_flags_not_independent_density_assessment
8OTV,B,1,146,GLY,146,145,145,GLY,GLY,B,.,n,4,4,.,,,no_deposited_missingness_flag,deposition_flags_not_independent_density_assessment
8OTV,B,1,147,VAL,147,146,146,VAL,VAL,B,.,n,7,7,.,,,no_deposited_missingness_flag,deposition_flags_not_independent_density_assessment
8OTV,B,1,148,GLY,148,147,147,GLY,GLY,B,.,n,4,4,.,,,no_deposited_missingness_flag,deposition_flags_not_independent_density_assessment
8OTV,B,1,149,LEU,149,148,148,LEU,LEU,B,.,n,8,8,.,,,no_deposited_missingness_flag,deposition_flags_not_independent_density_assessment
8OTV,B,1,150,THR,150,149,149,THR,THR,B,.,n,7,7,.,,,no_deposited_missingness_flag,deposition_flags_not_independent_density_assessment
8OTV,B,1,151,GLY,151,150,150,GLY,GLY,B,.,n,4,4,.,,,no_deposited_missingness_flag,deposition_flags_not_independent_density_assessment
8OTV,B,1,152,SER,152,151,151,SER,SER,B,.,n,6,6,.,,,no_deposited_missingness_flag,deposition_flags_not_independent_density_assessment
8OTV,B,1,153,ARG,153,152,152,ARG,ARG,B,.,n,11,11,.,,,no_deposited_missingness_flag,deposition_flags_not_independent_density_assessment
8OTV,B,1,154,GLN,154,153,153,GLN,GLN,B,.,n,9,9,.,,,no_deposited_missingness_flag,deposition_flags_not_independent_density_assessment
8OTV,B,1,155,THR,155,154,154,THR,THR,B,.,n,7,7,.,,,no_deposited_missingness_flag,deposition_flags_not_independent_density_assessment
8OTV,B,1,156,MET,156,155,155,MET,MET,B,.,n,8,8,.,,,no_deposited_missingness_flag,deposition_flags_not_independent_density_assessment
8OTV,B,1,157,PHE,157,156,156,PHE,PHE,B,.,n,11,11,.,,,no_deposited_missingness_flag,deposition_flags_not_independent_density_assessment
8OTV,B,1,158,TYR,158,157,157,TYR,TYR,B,.,n,12,12,.,,,no_deposited_missingness_flag,deposition_flags_not_independent_density_assessment
8OTV,B,1,159,THR,159,158,158,THR,THR,B,.,n,7,7,.,,,no_deposited_missingness_flag,deposition_flags_not_independent_density_assessment
8OTV,B,1,160,GLU,160,159,159,GLU,GLU,B,.,n,9,9,.,,,no_deposited_missingness_flag,deposition_flags_not_independent_density_assessment
8OTV,B,1,161,VAL,161,160,160,VAL,VAL,B,.,n,7,7,.,,,no_deposited_missingness_flag,deposition_flags_not_independent_density_assessment
8OTV,B,1,162,THR,162,161,161,THR,THR,B,.,n,7,7,.,,,no_deposited_missingness_flag,deposition_flags_not_independent_density_assessment
8OTV,B,1,163,ASP,163,162,162,ASP,ASP,B,.,n,8,8,.,,,no_deposited_missingness_flag,deposition_flags_not_independent_density_assessment
8OTV,B,1,164,ALA,164,163,163,ALA,ALA,B,.,n,5,5,.,,,no_deposited_missingness_flag,deposition_flags_not_independent_density_assessment
8OTV,B,1,165,GLN,165,164,164,GLN,GLN,B,.,n,9,9,.,,,no_deposited_missingness_flag,deposition_flags_not_independent_density_assessment
8OTV,B,1,166,ARG,166,165,165,ARG,ARG,B,.,n,11,11,.,,,no_deposited_missingness_flag,deposition_flags_not_independent_density_assessment
8OTV,B,1,167,SER,167,166,166,SER,SER,B,.,n,6,6,.,,,no_deposited_missingness_flag,deposition_flags_not_independent_density_assessment
8OTV,B,1,168,GLY,168,167,167,GLY,GLY,B,.,n,4,4,.,,,no_deposited_missingness_flag,deposition_flags_not_independent_density_assessment
8OTV,B,1,169,PRO,169,168,168,PRO,PRO,B,.,n,7,7,.,,,no_deposited_missingness_flag,deposition_flags_not_independent_density_assessment
8OTV,B,1,170,GLY,170,169,?,?,?,B,.,n,0,0,,,,unobserved,deposition_flags_not_independent_density_assessment
8OTV,B,1,171,GLY,171,170,?,?,?,B,.,n,0,0,,,,unobserved,deposition_flags_not_independent_density_assessment
8OTV,B,1,172,GLY,172,171,?,?,?,B,.,n,0,0,,,,unobserved,deposition_flags_not_independent_density_assessment
8OTV,B,1,173,LEU,173,172,?,?,?,B,.,n,0,0,,,,unobserved,deposition_flags_not_independent_density_assessment
8OTV,B,1,174,VAL,174,173,?,?,?,B,.,n,0,0,,,,unobserved,deposition_flags_not_independent_density_assessment
8OTV,B,1,175,GLU,175,174,?,?,?,B,.,n,0,0,,,,unobserved,deposition_flags_not_independent_density_assessment
8OTV,B,1,176,GLU,176,175,?,?,?,B,.,n,0,0,,,,unobserved,deposition_flags_not_independent_density_assessment
8OTV,B,1,177,GLY,177,176,?,?,?,B,.,n,0,0,,,,unobserved,deposition_flags_not_independent_density_assessment
8OTV,B,1,178,GLU,178,177,?,?,?,B,.,n,0,0,,,,unobserved,deposition_flags_not_independent_density_assessment
8OTV,B,1,179,LEU,179,178,178,LEU,LEU,B,.,n,8,8,.,,,no_deposited_missingness_flag,deposition_flags_not_independent_density_assessment
8OTV,B,1,180,ILE,180,179,179,ILE,ILE,B,.,n,8,8,.,,,no_deposited_missingness_flag,deposition_flags_not_independent_density_assessment
8OTV,B,1,181,GLU,181,180,180,GLU,GLU,B,.,n,9,9,.,,,no_deposited_missingness_flag,deposition_flags_not_independent_density_assessment
8OTV,B,1,182,VAL,182,181,181,VAL,VAL,B,.,n,7,7,.,,,no_deposited_missingness_flag,deposition_flags_not_independent_density_assessment
8OTV,B,1,183,VAL,183,182,182,VAL,VAL,B,.,n,7,7,.,,,no_deposited_missingness_flag,deposition_flags_not_independent_density_assessment
8OTV,B,1,184,HIS,184,183,183,HIS,HIS,B,.,n,10,10,.,,,no_deposited_missingness_flag,deposition_flags_not_independent_density_assessment
8OTV,B,1,185,LEU,185,184,184,LEU,LEU,B,.,n,8,8,.,,,no_deposited_missingness_flag,deposition_flags_not_independent_density_assessment
8OTV,B,1,186,PRO,186,185,185,PRO,PRO,B,.,n,7,7,.,,,no_deposited_missingness_flag,deposition_flags_not_independent_density_assessment
8OTV,B,1,187,LEU,187,186,186,LEU,LEU,B,.,n,8,8,.,,,no_deposited_missingness_flag,deposition_flags_not_independent_density_assessment
8OTV,B,1,188,GLU,188,187,187,GLU,GLU,B,.,n,9,9,.,,,no_deposited_missingness_flag,deposition_flags_not_independent_density_assessment
8OTV,B,1,189,GLY,189,188,188,GLY,GLY,B,.,n,4,4,.,,,no_deposited_missingness_flag,deposition_flags_not_independent_density_assessment
8OTV,B,1,190,ALA,190,189,189,ALA,ALA,B,.,n,5,5,.,,,no_deposited_missingness_flag,deposition_flags_not_independent_density_assessment
8OTV,B,1,191,GLN,191,190,190,GLN,GLN,B,.,n,9,9,.,,,no_deposited_missingness_flag,deposition_flags_not_independent_density_assessment
8OTV,B,1,192,ALA,192,191,191,ALA,ALA,B,.,n,5,5,.,,,no_deposited_missingness_flag,deposition_flags_not_independent_density_assessment
8OTV,B,1,193,PHE,193,192,192,PHE,PHE,B,.,n,11,11,.,,,no_deposited_missingness_flag,deposition_flags_not_independent_density_assessment
8OTV,B,1,194,ALA,194,193,193,ALA,ALA,B,.,n,5,5,.,,,no_deposited_missingness_flag,deposition_flags_not_independent_density_assessment
8OTV,B,1,195,ASP,195,194,194,ASP,ASP,B,.,n,8,8,.,,,no_deposited_missingness_flag,deposition_flags_not_independent_density_assessment
8OTV,B,1,196,ASP,196,195,195,ASP,ASP,B,.,n,8,8,.,,,no_deposited_missingness_flag,deposition_flags_not_independent_density_assessment
8OTV,B,1,197,PRO,197,196,196,PRO,PRO,B,.,n,7,7,.,,,no_deposited_missingness_flag,deposition_flags_not_independent_density_assessment
8OTV,B,1,198,ASP,198,197,197,ASP,ASP,B,.,n,8,8,.,,,no_deposited_missingness_flag,deposition_flags_not_independent_density_assessment
8OTV,B,1,199,ILE,199,198,198,ILE,ILE,B,.,n,8,8,.,,,no_deposited_missingness_flag,deposition_flags_not_independent_density_assessment
8OTV,B,1,200,PRO,200,199,199,PRO,PRO,B,.,n,7,7,.,,,no_deposited_missingness_flag,deposition_flags_not_independent_density_assessment
8OTV,B,1,201,LYS,201,200,200,LYS,LYS,B,.,n,9,9,.,,,no_deposited_missingness_flag,deposition_flags_not_independent_density_assessment
8OTV,B,1,202,THR,202,201,201,THR,THR,B,.,n,7,7,.,,,no_deposited_missingness_flag,deposition_flags_not_independent_density_assessment
8OTV,B,1,203,LEU,203,202,202,LEU,LEU,B,.,n,8,8,.,,,no_deposited_missingness_flag,deposition_flags_not_independent_density_assessment
8OTV,B,1,204,GLY,204,203,203,GLY,GLY,B,.,n,4,4,.,,,no_deposited_missingness_flag,deposition_flags_not_independent_density_assessment
8OTV,B,1,205,VAL,205,204,204,VAL,VAL,B,.,n,7,7,.,,,no_deposited_missingness_flag,deposition_flags_not_independent_density_assessment
8OTV,B,1,206,ILE,206,205,205,ILE,ILE,B,.,n,8,8,.,,,no_deposited_missingness_flag,deposition_flags_not_independent_density_assessment
8OTV,B,1,207,PHE,207,206,206,PHE,PHE,B,.,n,11,11,.,,,no_deposited_missingness_flag,deposition_flags_not_independent_density_assessment
8OTV,B,1,208,GLY,208,207,207,GLY,GLY,B,.,n,4,4,.,,,no_deposited_missingness_flag,deposition_flags_not_independent_density_assessment
8OTV,B,1,209,VAL,209,208,208,VAL,VAL,B,.,n,7,7,.,,,no_deposited_missingness_flag,deposition_flags_not_independent_density_assessment
8OTV,B,1,210,SER,210,209,209,SER,SER,B,.,n,6,6,.,,,no_deposited_missingness_flag,deposition_flags_not_independent_density_assessment
8OTV,B,1,211,TRP,211,210,210,TRP,TRP,B,.,n,14,14,.,,,no_deposited_missingness_flag,deposition_flags_not_independent_density_assessment
8OTV,B,1,212,PHE,212,211,211,PHE,PHE,B,.,n,11,11,.,,,no_deposited_missingness_flag,deposition_flags_not_independent_density_assessment
8OTV,B,1,213,LEU,213,212,212,LEU,LEU,B,.,n,8,8,.,,,no_deposited_missingness_flag,deposition_flags_not_independent_density_assessment
8OTV,B,1,214,SER,214,213,213,SER,SER,B,.,n,6,6,.,,,no_deposited_missingness_flag,deposition_flags_not_independent_density_assessment
8OTV,B,1,215,GLN,215,214,214,GLN,GLN,B,.,n,9,9,.,,,no_deposited_missingness_flag,deposition_flags_not_independent_density_assessment
8OTV,B,1,216,VAL,216,215,215,VAL,VAL,B,.,n,7,7,.,,,no_deposited_missingness_flag,deposition_flags_not_independent_density_assessment
8OTV,B,1,217,ALA,217,216,216,ALA,ALA,B,.,n,5,5,.,,,no_deposited_missingness_flag,deposition_flags_not_independent_density_assessment
8OTV,B,1,218,PRO,218,217,217,PRO,PRO,B,.,n,7,7,.,,,no_deposited_missingness_flag,deposition_flags_not_independent_density_assessment
8OTV,B,1,219,ASN,219,218,218,ASN,ASN,B,.,n,8,8,.,,,no_deposited_missingness_flag,deposition_flags_not_independent_density_assessment
8OTV,B,1,220,LEU,220,219,219,LEU,LEU,B,.,n,8,8,.,,,no_deposited_missingness_flag,deposition_flags_not_independent_density_assessment
8OTV,B,1,221,ASP,221,220,220,ASP,ASP,B,.,n,8,8,.,,,no_deposited_missingness_flag,deposition_flags_not_independent_density_assessment
8OTV,B,1,222,LEU,222,221,?,?,?,B,.,n,0,0,,,,unobserved,deposition_flags_not_independent_density_assessment
8OTV,B,1,223,GLN,223,222,?,?,?,B,.,n,0,0,,,,unobserved,deposition_flags_not_independent_density_assessment
