site_id,target,pdb_id,model_id,ligand_conformer_id,label_asym_id,auth_asym_id,label_seq_id,auth_seq_id,insertion_code_raw,label_comp_id,protein_conformer_id,observed_min_distance_A,within_3_5A,within_4_0A,within_4_5A,within_5_0A,geometry_status,reasons,fractional_occupancy,conditional_local_conformer,declared_missing_atoms,excluded_atoms,minimum_witness_pairs,complete_residue_distance_A,complete_residue_distance_status
8OTV:model1:C:A:301,NUDT14,8OTV,1,.,A,A,1,0,.,SER,.,31.80437180640423,false,false,false,false,observed,,false,false,,,C:W0O301:O1:.#3250|A:SER0:O:.#4,,not_estimated
8OTV:model1:C:A:301,NUDT14,8OTV,1,.,A,A,2,1,.,MET,.,26.855490183573266,false,false,false,false,observed,,false,false,,,C:W0O301:C21:.#3242|A:MET1:CE:.#14,,not_estimated
8OTV:model1:C:A:301,NUDT14,8OTV,1,.,A,A,3,2,.,GLU,.,28.631190562042647,false,false,false,false,observed,,false,false,,,C:W0O301:C21:.#3242|A:GLU2:CA:.#16,,not_estimated
8OTV:model1:C:A:301,NUDT14,8OTV,1,.,A,A,4,3,.,ARG,.,30.305089688037555,false,false,false,false,partial_observed,,false,false,CD:?:flag1;CG:?:flag1;CZ:?:flag1;NE:?:flag1;NH1:?:flag1;NH2:?:flag1,,C:W0O301:O1:.#3250|A:ARG3:N:.#24,,not_estimated
8OTV:model1:C:A:301,NUDT14,8OTV,1,.,A,A,5,4,.,ILE,.,26.75188137309225,false,false,false,false,observed,,false,false,,,C:W0O301:O1:.#3250|A:ILE4:CG2:.#35,,not_estimated
8OTV:model1:C:A:301,NUDT14,8OTV,1,.,A,A,6,5,.,GLU,.,29.937107325190926,false,false,false,false,observed,,false,false,,,C:W0O301:O1:.#3250|A:GLU5:O:.#40,,not_estimated
8OTV:model1:C:A:301,NUDT14,8OTV,1,.,A,A,7,6,.,GLY,.,28.757820518947536,false,false,false,false,observed,,false,false,,,C:W0O301:C14:.#3232|A:GLY6:O:.#49,,not_estimated
8OTV:model1:C:A:301,NUDT14,8OTV,1,.,A,A,8,7,.,ALA,.,25.829938327452503,false,false,false,false,observed,,false,false,,,C:W0O301:C14:.#3232|A:ALA7:CB:.#54,,not_estimated
8OTV:model1:C:A:301,NUDT14,8OTV,1,.,A,A,9,8,.,SER,.,23.67426892218638,false,false,false,false,observed,,false,false,,,C:W0O301:C14:.#3232|A:SER8:O:.#58,,not_estimated
8OTV:model1:C:A:301,NUDT14,8OTV,1,.,A,A,10,9,.,VAL,.,19.69367609157823,false,false,false,false,observed,,false,false,,,C:W0O301:C14:.#3232|A:VAL9:CG2:.#67,,not_estimated
8OTV:model1:C:A:301,NUDT14,8OTV,1,.,A,A,11,10,.,GLY,.,19.953995564798547,false,false,false,false,observed,,false,false,,,C:W0O301:N5:.#3249|A:GLY10:O:.#71,,not_estimated
8OTV:model1:C:A:301,NUDT14,8OTV,1,.,A,A,12,11,.,ARG,.,18.94208993221181,false,false,false,false,observed,,false,false,,,C:W0O301:N5:.#3249|A:ARG11:CG:.#77,,not_estimated
8OTV:model1:C:A:301,NUDT14,8OTV,1,.,A,A,13,12,.,CYS,.,17.24235624849458,false,false,false,false,observed,,false,false,,,C:W0O301:N5:.#3249|A:CYS12:O:.#86,,not_estimated
8OTV:model1:C:A:301,NUDT14,8OTV,1,.,A,A,14,13,.,ALA,.,17.719779259347447,false,false,false,false,observed,,false,false,,,C:W0O301:N5:.#3249|A:ALA13:O:.#92,,not_estimated
8OTV:model1:C:A:301,NUDT14,8OTV,1,.,A,A,15,14,.,ALA,.,19.884763488661363,false,false,false,false,observed,,false,false,,,C:W0O301:N5:.#3249|A:ALA14:CA:.#95,,not_estimated
8OTV:model1:C:A:301,NUDT14,8OTV,1,.,A,A,16,15,.,SER,.,18.518790916255846,false,false,false,false,observed,,false,false,,,C:W0O301:N5:.#3249|A:SER15:CB:.#103,,not_estimated
8OTV:model1:C:A:301,NUDT14,8OTV,1,.,A,A,17,16,.,PRO,.,19.168423305008684,false,false,false,false,observed,,false,false,,,C:W0O301:N5:.#3249|A:PRO16:O:.#108,,not_estimated
8OTV:model1:C:A:301,NUDT14,8OTV,1,.,A,A,18,17,.,TYR,.,15.597766699114333,false,false,false,false,observed,,false,false,,,C:W0O301:N5:.#3249|A:TYR17:O:.#115,,not_estimated
8OTV:model1:C:A:301,NUDT14,8OTV,1,.,A,A,19,18,.,LEU,.,14.291837040772611,false,false,false,false,observed,,false,false,,,C:W0O301:N5:.#3249|A:LEU18:CD2:.#131,,not_estimated
8OTV:model1:C:A:301,NUDT14,8OTV,1,.,A,A,20,19,.,ARG,.,11.437307113127636,false,false,false,false,observed,,false,false,,,C:W0O301:N5:.#3249|A:ARG19:O:.#135,,not_estimated
8OTV:model1:C:A:301,NUDT14,8OTV,1,.,A,A,21,20,.,PRO,.,10.279595614614419,false,false,false,false,observed,,false,false,,,C:W0O301:N5:.#3249|A:PRO20:CA:.#144,,not_estimated
8OTV:model1:C:A:301,NUDT14,8OTV,1,.,A,A,22,21,.,LEU,.,7.251982142835155,false,false,false,false,observed,,false,false,,,C:W0O301:N4:.#3248|A:LEU21:O:.#153,,not_estimated
8OTV:model1:C:A:301,NUDT14,8OTV,1,.,A,A,23,22,.,THR,.,7.117800292225119,false,false,false,false,observed,,false,false,,,C:W0O301:N4:.#3248|A:THR22:OG1:.#163,,not_estimated
8OTV:model1:C:A:301,NUDT14,8OTV,1,.,A,A,24,23,.,LEU,.,7.462460586160574,false,false,false,false,observed,,false,false,,,C:W0O301:C8:.#3227|A:LEU23:O:.#168,,not_estimated
8OTV:model1:C:A:301,NUDT14,8OTV,1,.,A,A,25,24,.,HIS,.,9.668449513753485,false,false,false,false,observed,,false,false,,,C:W0O301:C8:.#3227|A:HIS24:N:.#173,,not_estimated
8OTV:model1:C:A:301,NUDT14,8OTV,1,.,A,A,26,25,.,TYR,.,6.803306328543497,false,false,false,false,observed,,false,false,,,C:W0O301:C5:.#3243|A:TYR25:OH:.#194,,not_estimated
8OTV:model1:C:A:301,NUDT14,8OTV,1,.,A,A,27,26,.,ARG,.,12.98494489784227,false,false,false,false,observed,,false,false,,,C:W0O301:C8:.#3227|A:ARG26:N:.#195,,not_estimated
8OTV:model1:C:A:301,NUDT14,8OTV,1,.,A,A,28,27,.,GLN,.,8.471422194649492,false,false,false,false,observed,,false,false,,,C:W0O301:C4:.#3224|A:GLN27:OE1:.#213,,not_estimated
8OTV:model1:C:A:301,NUDT14,8OTV,1,.,A,A,29,28,.,ASN,.,13.707399498081319,false,false,false,false,observed,,false,false,,,C:W0O301:C4:.#3224|A:ASN28:N:.#215,,not_estimated
8OTV:model1:C:A:301,NUDT14,8OTV,1,.,A,A,30,29,.,GLY,.,14.325073891606982,false,false,false,false,observed,,false,false,,,C:W0O301:C4:.#3224|A:GLY29:C:.#225,,not_estimated
8OTV:model1:C:A:301,NUDT14,8OTV,1,.,A,A,31,30,.,ALA,.,11.035866255079391,false,false,false,false,observed,,false,false,,,C:W0O301:C4:.#3224|A:ALA30:CB:.#231,,not_estimated
8OTV:model1:C:A:301,NUDT14,8OTV,1,.,A,A,32,31,.,GLN,.,9.538526615782965,false,false,false,false,observed,,false,false,,,C:W0O301:C4:.#3224|A:GLN31:O:.#235,,not_estimated
8OTV:model1:C:A:301,NUDT14,8OTV,1,.,A,A,33,32,.,LYS,.,6.9470319561666045,false,false,false,false,observed,,false,false,,,C:W0O301:C4:.#3224|A:LYS32:NZ:.#249,,not_estimated
8OTV:model1:C:A:301,NUDT14,8OTV,1,.,A,A,34,33,.,SER,.,3.8975460228200003,false,true,true,true,observed,,false,false,,,C:W0O301:C8:.#3227|A:SER33:O:.#253,,not_estimated
8OTV:model1:C:A:301,NUDT14,8OTV,1,.,A,A,35,34,.,TRP,.,3.2707561816803157,true,true,true,true,observed,,false,false,,,C:W0O301:N5:.#3249|A:TRP34:NE1:.#264,,not_estimated
8OTV:model1:C:A:301,NUDT14,8OTV,1,.,A,A,36,35,.,ASP,.,2.850305948490444,true,true,true,true,observed,,false,false,,,C:W0O301:N5:.#3249|A:ASP35:O:.#273,,not_estimated
8OTV:model1:C:A:301,NUDT14,8OTV,1,.,A,A,37,36,.,PHE,.,5.082214182814416,false,false,false,false,observed,,false,false,,,C:W0O301:N5:.#3249|A:PHE36:N:.#278,,not_estimated
8OTV:model1:C:A:301,NUDT14,8OTV,1,.,A,A,38,37,.,MET,.,7.61785836045801,false,false,false,false,observed,,false,false,,,C:W0O301:N5:.#3249|A:MET37:N:.#289,,not_estimated
8OTV:model1:C:A:301,NUDT14,8OTV,1,.,A,A,39,38,.,LYS,.,11.062441457472216,false,false,false,false,observed,,false,false,,,C:W0O301:N5:.#3249|A:LYS38:N:.#297,,not_estimated
8OTV:model1:C:A:301,NUDT14,8OTV,1,.,A,A,40,39,.,THR,.,12.611516879424139,false,false,false,false,observed,,false,false,,,C:W0O301:N5:.#3249|A:THR39:CG2:.#312,,not_estimated
8OTV:model1:C:A:301,NUDT14,8OTV,1,.,A,A,41,40,.,HIS,.,15.235317062667253,false,false,false,false,observed,,false,false,,,C:W0O301:C21:.#3242|A:HIS40:O:.#316,,not_estimated
8OTV:model1:C:A:301,NUDT14,8OTV,1,.,A,A,42,41,.,ASP,.,15.78956373684846,false,false,false,false,observed,,false,false,,,C:W0O301:C21:.#3242|A:ASP41:OD1:.#329,,not_estimated
8OTV:model1:C:A:301,NUDT14,8OTV,1,.,A,A,43,42,.,SER,.,15.420912229826094,false,false,false,false,observed,,false,false,,,C:W0O301:C21:.#3242|A:SER42:OG:.#336,,not_estimated
8OTV:model1:C:A:301,NUDT14,8OTV,1,.,A,A,44,43,.,VAL,.,18.794812635405545,false,false,false,false,observed,,false,false,,,C:W0O301:C20:.#3238|A:VAL43:N:.#337,,not_estimated
8OTV:model1:C:A:301,NUDT14,8OTV,1,.,A,A,45,44,.,THR,.,17.091929557542645,false,false,false,false,observed,,false,false,,,C:W0O301:C20:.#3238|A:THR44:CG2:.#350,,not_estimated
8OTV:model1:C:A:301,NUDT14,8OTV,1,.,A,A,46,45,.,VAL,.,21.39183407284191,false,false,false,false,observed,,false,false,,,C:W0O301:C20:.#3238|A:VAL45:N:.#351,,not_estimated
8OTV:model1:C:A:301,NUDT14,8OTV,1,.,A,A,47,46,.,LEU,.,22.98698912428507,false,false,false,false,observed,,false,false,,,C:W0O301:C20:.#3238|A:LEU46:CB:.#362,,not_estimated
8OTV:model1:C:A:301,NUDT14,8OTV,1,.,A,A,48,47,.,LEU,.,25.873423082383205,false,false,false,false,observed,,false,false,,,C:W0O301:C20:.#3238|A:LEU47:N:.#366,,not_estimated
8OTV:model1:C:A:301,NUDT14,8OTV,1,.,A,A,49,48,.,PHE,.,28.82928712264665,false,false,false,false,observed,,false,false,,,C:W0O301:C20:.#3238|A:PHE48:N:.#374,,not_estimated
8OTV:model1:C:A:301,NUDT14,8OTV,1,.,A,A,50,49,.,ASN,.,31.52462251954811,false,false,false,false,observed,,false,false,,,C:W0O301:C20:.#3238|A:ASN49:N:.#385,,not_estimated
8OTV:model1:C:A:301,NUDT14,8OTV,1,.,A,A,51,50,.,SER,.,34.53389339475061,false,false,false,false,observed,,false,false,,,C:W0O301:C20:.#3238|A:SER50:N:.#393,,not_estimated
8OTV:model1:C:A:301,NUDT14,8OTV,1,.,A,A,52,51,.,SER,.,37.058058948088465,false,false,false,false,observed,,false,false,,,C:W0O301:C20:.#3238|A:SER51:N:.#399,,not_estimated
8OTV:model1:C:A:301,NUDT14,8OTV,1,.,A,A,53,52,.,ARG,.,35.31965686413162,false,false,false,false,observed,,false,false,,,C:W0O301:C20:.#3238|A:ARG52:O:.#408,,not_estimated
8OTV:model1:C:A:301,NUDT14,8OTV,1,.,A,A,54,53,.,ARG,.,32.88999042261946,false,false,false,false,observed,,false,false,,,C:W0O301:C20:.#3238|A:ARG53:O:.#419,,not_estimated
8OTV:model1:C:A:301,NUDT14,8OTV,1,.,A,A,55,54,.,SER,.,30.160690260668773,false,false,false,false,observed,,false,false,,,C:W0O301:C20:.#3238|A:SER54:C:.#429,,not_estimated
8OTV:model1:C:A:301,NUDT14,8OTV,1,.,A,A,56,55,.,LEU,.,25.50213022474789,false,false,false,false,observed,,false,false,,,C:W0O301:C20:.#3238|A:LEU55:CD1:.#439,,not_estimated
8OTV:model1:C:A:301,NUDT14,8OTV,1,.,A,A,57,56,.,VAL,.,25.026876133469,false,false,false,false,observed,,false,false,,,C:W0O301:C20:.#3238|A:VAL56:O:.#444,,not_estimated
8OTV:model1:C:A:301,NUDT14,8OTV,1,.,A,A,58,57,.,LEU,.,22.605576170493862,false,false,false,false,observed,,false,false,,,C:W0O301:C20:.#3238|A:LEU57:CD2:.#455,,not_estimated
8OTV:model1:C:A:301,NUDT14,8OTV,1,.,A,A,59,58,.,VAL,.,22.434819098891793,false,false,false,false,observed,,false,false,,,C:W0O301:C20:.#3238|A:VAL58:O:.#459,,not_estimated
8OTV:model1:C:A:301,NUDT14,8OTV,1,.,A,A,60,59,.,LYS,.,24.15515555735462,false,false,false,false,observed,,false,false,,,C:W0O301:C20:.#3238|A:LYS59:CA:.#464,,not_estimated
8OTV:model1:C:A:301,NUDT14,8OTV,1,.,A,A,61,60,.,GLN,.,21.243544548874137,false,false,false,false,observed,,false,false,,,C:W0O301:C21:.#3242|A:GLN60:NE2:.#480,,not_estimated
8OTV:model1:C:A:301,NUDT14,8OTV,1,.,A,A,62,61,.,PHE,.,21.759897472184928,false,false,false,false,observed,,false,false,,,C:W0O301:C21:.#3242|A:PHE61:C:.#483,,not_estimated
8OTV:model1:C:A:301,NUDT14,8OTV,1,.,A,A,63,62,.,ARG,.,18.22372813120301,false,false,false,false,observed,,false,false,,,C:W0O301:C21:.#3242|A:ARG62:NH2:.#502,,not_estimated
8OTV:model1:C:A:301,NUDT14,8OTV,1,.,A,A,64,63,.,PRO,.,18.266696307761837,false,false,false,false,observed,,false,false,,,C:W0O301:O1:.#3250|A:PRO63:C:.#505,,not_estimated
8OTV:model1:C:A:301,NUDT14,8OTV,1,.,A,A,65,64,.,ALA,.,14.77685338629304,false,false,false,false,observed,,false,false,,,C:W0O301:O1:.#3250|A:ALA64:CB:.#514,,not_estimated
8OTV:model1:C:A:301,NUDT14,8OTV,1,.,A,A,66,65,.,VAL,.,15.537697995520444,false,false,false,false,observed,,false,false,,,C:W0O301:C21:.#3242|A:VAL65:CG2:.#521,,not_estimated
8OTV:model1:C:A:301,NUDT14,8OTV,1,.,A,A,67,66,.,TYR,.,18.223140014827305,false,false,false,false,observed,,false,false,,,C:W0O301:O1:.#3250|A:TYR66:N:.#522,,not_estimated
8OTV:model1:C:A:301,NUDT14,8OTV,1,.,A,A,68,67,.,ALA,.,17.183539129061863,false,false,false,false,observed,,false,false,,,C:W0O301:O1:.#3250|A:ALA67:C:.#536,,not_estimated
8OTV:model1:C:A:301,NUDT14,8OTV,1,.,A,A,69,68,.,GLY,.,15.306367367863611,false,false,false,false,observed,,false,false,,,C:W0O301:O1:.#3250|A:GLY68:CA:.#540,,not_estimated
8OTV:model1:C:A:301,NUDT14,8OTV,1,.,A,A,70,69,.,GLU,.,17.082344481949775,false,false,false,false,observed,,false,false,,,C:W0O301:O1:.#3250|A:GLU69:N:.#543,,not_estimated
8OTV:model1:C:A:301,NUDT14,8OTV,1,.,A,A,71,70,.,VAL,.,19.48931409773058,false,false,false,false,observed,,false,false,,,C:W0O301:O1:.#3250|A:VAL70:N:.#552,,not_estimated
8OTV:model1:C:A:301,NUDT14,8OTV,1,.,A,A,72,71,.,GLU,.,16.20171111333615,false,false,false,false,observed,,false,false,,,C:W0O301:C14:.#3232|A:GLU71:CG:.#564,,not_estimated
8OTV:model1:C:A:301,NUDT14,8OTV,1,.,A,A,73,72,.,ARG,.,13.677098449598148,false,false,false,false,observed,,false,false,,,C:W0O301:C17:.#3235|A:ARG72:NH1:.#577,,not_estimated
8OTV:model1:C:A:301,NUDT14,8OTV,1,.,A,A,74,73,.,ARG,.,20.24521904055375,false,false,false,false,observed,,false,false,,,C:W0O301:C17:.#3235|A:ARG73:N:.#579,,not_estimated
8OTV:model1:C:A:301,NUDT14,8OTV,1,.,A,A,75,74,.,PHE,.,21.20565728762021,false,false,false,false,observed,,false,false,,,C:W0O301:C14:.#3232|A:PHE74:O:.#593,,not_estimated
8OTV:model1:C:A:301,NUDT14,8OTV,1,.,A,A,76,75,.,PRO,.,20.160050495968505,false,false,false,false,observed,,false,false,,,C:W0O301:C14:.#3232|A:PRO75:CB:.#605,,not_estimated
8OTV:model1:C:A:301,NUDT14,8OTV,1,.,A,A,77,76,.,GLY,.,19.74204082662175,false,false,false,false,observed,,false,false,,,C:W0O301:C14:.#3232|A:GLY76:N:.#608,,not_estimated
8OTV:model1:C:A:301,NUDT14,8OTV,1,.,A,A,78,77,.,SER,.,20.236145334524558,false,false,false,false,observed,,false,false,,,C:W0O301:C14:.#3232|A:SER77:C:.#614,,not_estimated
8OTV:model1:C:A:301,NUDT14,8OTV,1,.,A,A,79,78,.,LEU,.,15.895195657808053,false,false,false,false,observed,,false,false,,,C:W0O301:C14:.#3232|A:LEU78:CD1:.#624,,not_estimated
8OTV:model1:C:A:301,NUDT14,8OTV,1,.,A,A,80,79,.,ALA,.,18.465912433454243,false,false,false,false,observed,,false,false,,,C:W0O301:C14:.#3232|A:ALA79:CA:.#627,,not_estimated
8OTV:model1:C:A:301,NUDT14,8OTV,1,.,A,A,81,80,.,ALA,.,18.721988382647822,false,false,false,false,observed,,false,false,,,C:W0O301:C13:.#3231|A:ALA80:N:.#631,,not_estimated
8OTV:model1:C:A:301,NUDT14,8OTV,1,.,A,A,82,81,.,VAL,.,19.43577654738807,false,false,false,false,observed,,false,false,,,C:W0O301:C14:.#3232|A:VAL81:CG2:.#642,,not_estimated
8OTV:model1:C:A:301,NUDT14,8OTV,1,.,A,A,83,82,.,ASP,.,18.08128084511714,false,false,false,false,observed,,false,false,,,C:W0O301:N4:.#3248|A:ASP82:OD2:.#650,,not_estimated
8OTV:model1:C:A:301,NUDT14,8OTV,1,.,A,A,84,?,.,GLN,.,,,,,,refused,unobserved_residue,false,false,whole_residue,,,,not_estimated
8OTV:model1:C:A:301,NUDT14,8OTV,1,.,A,A,85,?,.,ASP,.,,,,,,refused,unobserved_residue,false,false,whole_residue,,,,not_estimated
8OTV:model1:C:A:301,NUDT14,8OTV,1,.,A,A,86,?,.,GLY,.,,,,,,refused,unobserved_residue,false,false,whole_residue,,,,not_estimated
8OTV:model1:C:A:301,NUDT14,8OTV,1,.,A,A,87,86,.,PRO,.,25.21485907158714,false,false,false,false,observed,,false,false,,,C:W0O301:N5:.#3249|A:PRO86:N:.#651,,not_estimated
8OTV:model1:C:A:301,NUDT14,8OTV,1,.,A,A,88,87,.,ARG,.,21.679566670023643,false,false,false,false,observed,,false,false,,,C:W0O301:C14:.#3232|A:ARG87:NH2:.#668,,not_estimated
8OTV:model1:C:A:301,NUDT14,8OTV,1,.,A,A,89,88,.,GLU,.,27.110201400948686,false,false,false,false,observed,,false,false,,,C:W0O301:C14:.#3232|A:GLU88:C:.#671,,not_estimated
8OTV:model1:C:A:301,NUDT14,8OTV,1,.,A,A,90,89,.,LEU,.,22.836496425677907,false,false,false,false,observed,,false,false,,,C:W0O301:C14:.#3232|A:LEU89:CD2:.#685,,not_estimated
8OTV:model1:C:A:301,NUDT14,8OTV,1,.,A,A,91,90,.,GLN,.,27.338848018890626,false,false,false,false,partial_observed,,false,false,CD:?:flag1;CG:?:flag1;NE2:?:flag1;OE1:?:flag1,,C:W0O301:C14:.#3232|A:GLN90:N:.#686,,not_estimated
8OTV:model1:C:A:301,NUDT14,8OTV,1,.,A,A,92,91,.,PRO,.,25.997155805972312,false,false,false,false,observed,,false,false,,,C:W0O301:C14:.#3232|A:PRO91:O:.#694,,not_estimated
8OTV:model1:C:A:301,NUDT14,8OTV,1,.,A,A,93,92,.,ALA,.,26.56579791762333,false,false,false,false,observed,,false,false,,,C:W0O301:O1:.#3250|A:ALA92:C:.#700,,not_estimated
8OTV:model1:C:A:301,NUDT14,8OTV,1,.,A,A,94,93,.,LEU,.,22.599227376173726,false,false,false,false,observed,,false,false,,,C:W0O301:O1:.#3250|A:LEU93:CD1:.#709,,not_estimated
8OTV:model1:C:A:301,NUDT14,8OTV,1,.,A,A,95,94,.,PRO,.,25.462792030725932,false,false,false,false,observed,,false,false,,,C:W0O301:O1:.#3250|A:PRO94:O:.#714,,not_estimated
8OTV:model1:C:A:301,NUDT14,8OTV,1,.,A,A,96,95,.,GLY,.,24.52459667354389,false,false,false,false,observed,,false,false,,,C:W0O301:O1:.#3250|A:GLY95:O:.#721,,not_estimated
8OTV:model1:C:A:301,NUDT14,8OTV,1,.,A,A,97,96,.,SER,.,23.72008882782693,false,false,false,false,observed,,false,false,,,C:W0O301:C21:.#3242|A:SER96:O:.#725,,not_estimated
8OTV:model1:C:A:301,NUDT14,8OTV,1,.,A,A,98,97,.,ALA,.,20.509427247000342,false,false,false,false,observed,,false,false,,,C:W0O301:O1:.#3250|A:ALA97:O:.#731,,not_estimated
8OTV:model1:C:A:301,NUDT14,8OTV,1,.,A,A,99,98,.,GLY,.,20.407250598745534,false,false,false,false,observed,,false,false,,,C:W0O301:C21:.#3242|A:GLY98:O:.#736,,not_estimated
8OTV:model1:C:A:301,NUDT14,8OTV,1,.,A,A,100,99,.,VAL,.,21.27447019316815,false,false,false,false,observed,,false,false,,,C:W0O301:C21:.#3242|A:VAL99:O:.#740,,not_estimated
8OTV:model1:C:A:301,NUDT14,8OTV,1,.,A,A,101,100,.,THR,.,17.858213880452887,false,false,false,false,observed,,false,false,,,C:W0O301:C21:.#3242|A:THR100:CG2:.#750,,not_estimated
8OTV:model1:C:A:301,NUDT14,8OTV,1,.,A,A,102,101,.,VAL,.,18.386430295193247,false,false,false,false,observed,,false,false,,,C:W0O301:C20:.#3238|A:VAL101:O:.#754,,not_estimated
8OTV:model1:C:A:301,NUDT14,8OTV,1,.,A,A,103,102,.,GLU,.,17.835385642031966,false,false,false,false,observed,,false,false,,,C:W0O301:C21:.#3242|A:GLU102:OE2:.#766,,not_estimated
8OTV:model1:C:A:301,NUDT14,8OTV,1,.,A,A,104,103,.,LEU,.,18.82450833355283,false,false,false,false,observed,,false,false,,,C:W0O301:C20:.#3238|A:LEU103:CD1:.#773,,not_estimated
8OTV:model1:C:A:301,NUDT14,8OTV,1,.,A,A,105,104,.,CYS,.,20.83167446462238,false,false,false,false,observed,,false,false,,,C:W0O301:C20:.#3238|A:CYS104:O:.#778,,not_estimated
8OTV:model1:C:A:301,NUDT14,8OTV,1,.,A,A,106,105,.,ALA,.,18.724905286809864,false,false,false,false,observed,,false,false,,,C:W0O301:C20:.#3238|A:ALA105:CB:.#785,,not_estimated
8OTV:model1:C:A:301,NUDT14,8OTV,1,.,A,A,107,106,.,GLY,.,19.528788646508517,false,false,false,false,observed,,false,false,,,C:W0O301:C21:.#3242|A:GLY106:O:.#789,,not_estimated
8OTV:model1:C:A:301,NUDT14,8OTV,1,.,A,A,108,107,.,LEU,.,17.27001661840544,false,false,false,false,observed,,false,false,,,C:W0O301:C21:.#3242|A:LEU107:CD2:.#797,,not_estimated
8OTV:model1:C:A:301,NUDT14,8OTV,1,.,A,A,109,108,.,VAL,.,20.360583341348548,false,false,false,false,observed,,false,false,,,C:W0O301:C21:.#3242|A:VAL108:N:.#798,,not_estimated
8OTV:model1:C:A:301,NUDT14,8OTV,1,.,A,A,110,109,.,ASP,.,22.764754292546186,false,false,false,false,observed,,false,false,,,C:W0O301:C21:.#3242|A:ASP109:N:.#805,,not_estimated
8OTV:model1:C:A:301,NUDT14,8OTV,1,.,A,A,111,110,.,GLN,.,25.451157635754015,false,false,false,false,partial_observed,,false,false,CD:?:flag1;CG:?:flag1;NE2:?:flag1;OE1:?:flag1,,C:W0O301:C21:.#3242|A:GLN110:N:.#813,,not_estimated
8OTV:model1:C:A:301,NUDT14,8OTV,1,.,A,A,112,111,.,PRO,.,27.918960582371255,false,false,false,false,observed,,false,false,,,C:W0O301:C21:.#3242|A:PRO111:N:.#818,,not_estimated
8OTV:model1:C:A:301,NUDT14,8OTV,1,.,A,A,113,112,.,GLY,.,29.760979301763577,false,false,false,false,observed,,false,false,,,C:W0O301:C21:.#3242|A:GLY112:N:.#825,,not_estimated
8OTV:model1:C:A:301,NUDT14,8OTV,1,.,A,A,114,113,.,LEU,.,27.216655360275258,false,false,false,false,observed,,false,false,,,C:W0O301:C21:.#3242|A:LEU113:O:.#832,,not_estimated
8OTV:model1:C:A:301,NUDT14,8OTV,1,.,A,A,115,114,.,SER,.,26.69641165025742,false,false,false,false,observed,,false,false,,,C:W0O301:C20:.#3238|A:SER114:C:.#839,,not_estimated
8OTV:model1:C:A:301,NUDT14,8OTV,1,.,A,A,116,115,.,LEU,.,21.780800651032095,false,false,false,false,observed,,false,false,,,C:W0O301:C20:.#3238|A:LEU115:CD1:.#849,,not_estimated
8OTV:model1:C:A:301,NUDT14,8OTV,1,.,A,A,117,116,.,GLU,.,26.273148745439705,false,false,false,false,observed,,false,false,,,C:W0O301:C20:.#3238|A:GLU116:N:.#851,,not_estimated
8OTV:model1:C:A:301,NUDT14,8OTV,1,.,A,A,118,117,.,GLU,.,28.148169336566102,false,false,false,false,observed,,false,false,,,C:W0O301:C20:.#3238|A:GLU117:C:.#862,,not_estimated
8OTV:model1:C:A:301,NUDT14,8OTV,1,.,A,A,119,118,.,VAL,.,23.831669559642688,false,false,false,false,observed,,false,false,,,C:W0O301:C21:.#3242|A:VAL118:CG1:.#874,,not_estimated
8OTV:model1:C:A:301,NUDT14,8OTV,1,.,A,A,120,119,.,ALA,.,24.82066739634533,false,false,false,false,observed,,false,false,,,C:W0O301:C20:.#3238|A:ALA119:CB:.#880,,not_estimated
8OTV:model1:C:A:301,NUDT14,8OTV,1,.,A,A,121,120,.,CYS,.,27.656222175127244,false,false,false,false,observed,,false,false,,,C:W0O301:C20:.#3238|A:CYS120:N:.#881,,not_estimated
8OTV:model1:C:A:301,NUDT14,8OTV,1,.,A,A,122,121,.,LYS,.,27.358763513726274,false,false,false,false,observed,,false,false,,,C:W0O301:C21:.#3242|A:LYS121:NZ:.#895,,not_estimated
8OTV:model1:C:A:301,NUDT14,8OTV,1,.,A,A,123,122,.,GLU,.,24.08733027963041,false,false,false,false,observed,,false,false,,,C:W0O301:C21:.#3242|A:GLU122:CG:.#901,,not_estimated
8OTV:model1:C:A:301,NUDT14,8OTV,1,.,A,A,124,123,.,ALA,.,27.158800801950004,false,false,false,false,observed,,false,false,,,C:W0O301:C20:.#3238|A:ALA123:N:.#905,,not_estimated
8OTV:model1:C:A:301,NUDT14,8OTV,1,.,A,A,125,124,.,TRP,.,29.811229075635243,false,false,false,false,observed,,false,false,,,C:W0O301:C20:.#3238|A:TRP124:N:.#910,,not_estimated
8OTV:model1:C:A:301,NUDT14,8OTV,1,.,A,A,126,125,.,GLU,.,28.51056156935531,false,false,false,false,observed,,false,false,,,C:W0O301:C21:.#3242|A:GLU125:OE1:.#931,,not_estimated
8OTV:model1:C:A:301,NUDT14,8OTV,1,.,A,A,127,126,.,GLU,.,22.922025346814358,false,false,false,false,observed,,false,false,,,C:W0O301:C21:.#3242|A:GLU126:OE2:.#941,,not_estimated
8OTV:model1:C:A:301,NUDT14,8OTV,1,.,A,A,128,127,.,CYS,.,26.656199785415772,false,false,false,false,observed,,false,false,,,C:W0O301:C20:.#3238|A:CYS127:SG:.#947,,not_estimated
8OTV:model1:C:A:301,NUDT14,8OTV,1,.,A,A,129,128,.,GLY,.,31.22691848389783,false,false,false,false,observed,,false,false,,,C:W0O301:C20:.#3238|A:GLY128:N:.#948,,not_estimated
8OTV:model1:C:A:301,NUDT14,8OTV,1,.,A,A,130,129,.,TYR,.,31.41111008862947,false,false,false,false,observed,,false,false,,,C:W0O301:C20:.#3238|A:TYR129:CD2:.#959,,not_estimated
8OTV:model1:C:A:301,NUDT14,8OTV,1,.,A,A,131,130,.,HIS,.,34.20889327353342,false,false,false,false,observed,,false,false,,,C:W0O301:C20:.#3238|A:HIS130:N:.#964,,not_estimated
8OTV:model1:C:A:301,NUDT14,8OTV,1,.,A,A,132,131,.,LEU,.,29.3018030332606,false,false,false,false,observed,,false,false,,,C:W0O301:C20:.#3238|A:LEU131:CD1:.#980,,not_estimated
8OTV:model1:C:A:301,NUDT14,8OTV,1,.,A,A,133,132,.,ALA,.,32.21197053891612,false,false,false,false,observed,,false,false,,,C:W0O301:C20:.#3238|A:ALA132:O:.#985,,not_estimated
8OTV:model1:C:A:301,NUDT14,8OTV,1,.,A,A,134,133,.,PRO,.,30.689758682661548,false,false,false,false,observed,,false,false,,,C:W0O301:C20:.#3238|A:PRO133:O:.#990,,not_estimated
8OTV:model1:C:A:301,NUDT14,8OTV,1,.,A,A,135,134,.,SER,.,32.91591387156067,false,false,false,false,observed,,false,false,,,C:W0O301:C20:.#3238|A:SER134:N:.#994,,not_estimated
8OTV:model1:C:A:301,NUDT14,8OTV,1,.,A,A,136,135,.,ASP,.,30.79488324381179,false,false,false,false,observed,,false,false,,,C:W0O301:C20:.#3238|A:ASP135:O:.#1003,,not_estimated
8OTV:model1:C:A:301,NUDT14,8OTV,1,.,A,A,137,136,.,LEU,.,27.346282251889377,false,false,false,false,observed,,false,false,,,C:W0O301:C20:.#3238|A:LEU136:CD1:.#1014,,not_estimated
8OTV:model1:C:A:301,NUDT14,8OTV,1,.,A,A,138,137,.,ARG,.,24.943582942312037,false,false,false,false,observed,,false,false,,,C:W0O301:C20:.#3238|A:ARG137:O:.#1019,,not_estimated
8OTV:model1:C:A:301,NUDT14,8OTV,1,.,A,A,139,138,.,ARG,.,22.545969928126848,false,false,false,false,observed,,false,false,,,C:W0O301:C20:.#3238|A:ARG138:CG:.#1032,,not_estimated
8OTV:model1:C:A:301,NUDT14,8OTV,1,.,A,A,140,139,.,VAL,.,20.54363234678814,false,false,false,false,observed,,false,false,,,C:W0O301:C20:.#3238|A:VAL139:C:.#1040,,not_estimated
8OTV:model1:C:A:301,NUDT14,8OTV,1,.,A,A,141,140,.,ALA,.,17.4661707881264,false,false,false,false,observed,,false,false,,,C:W0O301:C20:.#3238|A:ALA140:CB:.#1049,,not_estimated
8OTV:model1:C:A:301,NUDT14,8OTV,1,.,A,A,142,141,.,THR,.,15.441094715077686,false,false,false,false,observed,,false,false,,,C:W0O301:C20:.#3238|A:THR141:C:.#1052,,not_estimated
8OTV:model1:C:A:301,NUDT14,8OTV,1,.,A,A,143,142,.,TYR,.,11.912525592837145,false,false,false,false,observed,,false,false,,,C:W0O301:C20:.#3238|A:TYR142:CD1:.#1063,,not_estimated
8OTV:model1:C:A:301,NUDT14,8OTV,1,.,A,A,144,143,.,TRP,.,8.732946180986117,false,false,false,false,observed,,false,false,,,C:W0O301:C20:.#3238|A:TRP143:O:.#1072,,not_estimated
8OTV:model1:C:A:301,NUDT14,8OTV,1,.,A,A,145,144,.,SER,.,7.819109220365193,false,false,false,false,observed,,false,false,,,C:W0O301:C21:.#3242|A:SER144:C:.#1085,,not_estimated
8OTV:model1:C:A:301,NUDT14,8OTV,1,.,A,A,146,145,.,GLY,.,5.485694942302206,false,false,false,false,observed,,false,false,,,C:W0O301:C21:.#3242|A:GLY145:C:.#1091,,not_estimated
8OTV:model1:C:A:301,NUDT14,8OTV,1,.,A,A,147,146,.,VAL,.,4.225317147860028,false,false,true,true,observed,,false,false,,,C:W0O301:C20:.#3238|A:VAL146:CG2:.#1099,,not_estimated
8OTV:model1:C:A:301,NUDT14,8OTV,1,.,A,A,148,147,.,GLY,.,3.7272037776327713,false,true,true,true,observed,,false,false,,,C:W0O301:O1:.#3250|A:GLY147:CA:.#1101,,not_estimated
8OTV:model1:C:A:301,NUDT14,8OTV,1,.,A,A,149,148,.,LEU,.,3.4463422639082144,true,true,true,true,observed,,false,false,,,C:W0O301:N5:.#3249|A:LEU148:CD2:.#1111,,not_estimated
8OTV:model1:C:A:301,NUDT14,8OTV,1,.,A,A,150,149,.,THR,.,7.544658242756926,false,false,false,false,observed,,false,false,,,C:W0O301:O1:.#3250|A:THR149:N:.#1112,,not_estimated
8OTV:model1:C:A:301,NUDT14,8OTV,1,.,A,A,151,150,.,GLY,.,10.340410049896475,false,false,false,false,observed,,false,false,,,C:W0O301:N5:.#3249|A:GLY150:N:.#1119,,not_estimated
8OTV:model1:C:A:301,NUDT14,8OTV,1,.,A,A,152,151,.,SER,.,11.374493790934169,false,false,false,false,observed,,false,false,,,C:W0O301:C21:.#3242|A:SER151:N:.#1123,,not_estimated
8OTV:model1:C:A:301,NUDT14,8OTV,1,.,A,A,153,152,.,ARG,.,13.70863096738693,false,false,false,false,observed,,false,false,,,C:W0O301:C21:.#3242|A:ARG152:N:.#1129,,not_estimated
8OTV:model1:C:A:301,NUDT14,8OTV,1,.,A,A,154,153,.,GLN,.,13.671271630686006,false,false,false,false,observed,,false,false,,,C:W0O301:C20:.#3238|A:GLN153:OE1:.#1147,,not_estimated
8OTV:model1:C:A:301,NUDT14,8OTV,1,.,A,A,155,154,.,THR,.,16.97755206147223,false,false,false,false,observed,,false,false,,,C:W0O301:C20:.#3238|A:THR154:N:.#1149,,not_estimated
8OTV:model1:C:A:301,NUDT14,8OTV,1,.,A,A,156,155,.,MET,.,18.359437327979307,false,false,false,false,observed,,false,false,,,C:W0O301:C20:.#3238|A:MET155:SD:.#1162,,not_estimated
8OTV:model1:C:A:301,NUDT14,8OTV,1,.,A,A,157,156,.,PHE,.,21.50791656576713,false,false,false,false,observed,,false,false,,,C:W0O301:C20:.#3238|A:PHE156:N:.#1164,,not_estimated
8OTV:model1:C:A:301,NUDT14,8OTV,1,.,A,A,158,157,.,TYR,.,24.539148640488733,false,false,false,false,observed,,false,false,,,C:W0O301:C20:.#3238|A:TYR157:N:.#1175,,not_estimated
8OTV:model1:C:A:301,NUDT14,8OTV,1,.,A,A,159,158,.,THR,.,27.470355075972353,false,false,false,false,observed,,false,false,,,C:W0O301:C20:.#3238|A:THR158:N:.#1187,,not_estimated
8OTV:model1:C:A:301,NUDT14,8OTV,1,.,A,A,160,159,.,GLU,.,30.781865196897996,false,false,false,false,observed,,false,false,,,C:W0O301:C20:.#3238|A:GLU159:N:.#1194,,not_estimated
8OTV:model1:C:A:301,NUDT14,8OTV,1,.,A,A,161,160,.,VAL,.,32.20222209724043,false,false,false,false,observed,,false,false,,,C:W0O301:C20:.#3238|A:VAL160:CG1:.#1208,,not_estimated
8OTV:model1:C:A:301,NUDT14,8OTV,1,.,A,A,162,161,.,THR,.,35.93452319149372,false,false,false,false,observed,,false,false,,,C:W0O301:C20:.#3238|A:THR161:N:.#1210,,not_estimated
8OTV:model1:C:A:301,NUDT14,8OTV,1,.,A,A,163,162,.,ASP,.,37.42516379389674,false,false,false,false,observed,,false,false,,,C:W0O301:C20:.#3238|A:ASP162:OD1:.#1223,,not_estimated
8OTV:model1:C:A:301,NUDT14,8OTV,1,.,A,A,164,163,.,ALA,.,39.47433333192595,false,false,false,false,observed,,false,false,,,C:W0O301:C20:.#3238|A:ALA163:C:.#1227,,not_estimated
8OTV:model1:C:A:301,NUDT14,8OTV,1,.,A,A,165,164,.,GLN,.,35.319416954417584,false,false,false,false,observed,,false,false,,,C:W0O301:C20:.#3238|A:GLN164:NE2:.#1238,,not_estimated
8OTV:model1:C:A:301,NUDT14,8OTV,1,.,A,A,166,165,.,ARG,.,35.62411263456256,false,false,false,false,partial_observed,,false,false,CZ:?:flag1;NE:?:flag1;NH1:?:flag1;NH2:?:flag1,,C:W0O301:C20:.#3238|A:ARG165:CG:.#1244,,not_estimated
8OTV:model1:C:A:301,NUDT14,8OTV,1,.,A,A,167,166,.,SER,.,36.72697338469371,false,false,false,false,observed,,false,false,,,C:W0O301:C20:.#3238|A:SER166:N:.#1246,,not_estimated
8OTV:model1:C:A:301,NUDT14,8OTV,1,.,A,A,168,167,.,GLY,.,37.87104626228327,false,false,false,false,observed,,false,false,,,C:W0O301:C20:.#3238|A:GLY167:O:.#1255,,not_estimated
8OTV:model1:C:A:301,NUDT14,8OTV,1,.,A,A,169,168,.,PRO,.,38.859754412502404,false,false,false,false,observed,,false,false,,,C:W0O301:C20:.#3238|A:PRO168:CA:.#1257,,not_estimated
8OTV:model1:C:A:301,NUDT14,8OTV,1,.,A,A,170,169,.,GLY,.,37.95561046801908,false,false,false,false,observed,,false,false,,,C:W0O301:C21:.#3242|A:GLY169:O:.#1266,,not_estimated
8OTV:model1:C:A:301,NUDT14,8OTV,1,.,A,A,171,170,.,GLY,.,37.13163832905842,false,false,false,false,observed,,false,false,,,C:W0O301:C21:.#3242|A:GLY170:C:.#1269,,not_estimated
8OTV:model1:C:A:301,NUDT14,8OTV,1,.,A,A,172,171,.,GLY,.,34.2223562748096,false,false,false,false,observed,,false,false,,,C:W0O301:C21:.#3242|A:GLY171:O:.#1274,,not_estimated
8OTV:model1:C:A:301,NUDT14,8OTV,1,.,A,A,173,172,.,LEU,.,34.92623800239585,false,false,false,false,observed,,false,false,,,C:W0O301:C21:.#3242|A:LEU172:O:.#1278,,not_estimated
8OTV:model1:C:A:301,NUDT14,8OTV,1,.,A,A,174,?,.,VAL,.,,,,,,refused,unobserved_residue,false,false,whole_residue,,,,not_estimated
8OTV:model1:C:A:301,NUDT14,8OTV,1,.,A,A,175,?,.,GLU,.,,,,,,refused,unobserved_residue,false,false,whole_residue,,,,not_estimated
8OTV:model1:C:A:301,NUDT14,8OTV,1,.,A,A,176,?,.,GLU,.,,,,,,refused,unobserved_residue,false,false,whole_residue,,,,not_estimated
8OTV:model1:C:A:301,NUDT14,8OTV,1,.,A,A,177,?,.,GLY,.,,,,,,refused,unobserved_residue,false,false,whole_residue,,,,not_estimated
8OTV:model1:C:A:301,NUDT14,8OTV,1,.,A,A,178,?,.,GLU,.,,,,,,refused,unobserved_residue,false,false,whole_residue,,,,not_estimated
8OTV:model1:C:A:301,NUDT14,8OTV,1,.,A,A,179,178,.,LEU,.,26.959705877475738,false,false,false,false,observed,,false,false,,,C:W0O301:C21:.#3242|A:LEU178:O:.#1286,,not_estimated
8OTV:model1:C:A:301,NUDT14,8OTV,1,.,A,A,180,179,.,ILE,.,25.563356313285624,false,false,false,false,observed,,false,false,,,C:W0O301:C21:.#3242|A:ILE179:CG1:.#1296,,not_estimated
8OTV:model1:C:A:301,NUDT14,8OTV,1,.,A,A,181,180,.,GLU,.,27.119527577006203,false,false,false,false,observed,,false,false,,,C:W0O301:C20:.#3238|A:GLU180:O:.#1302,,not_estimated
8OTV:model1:C:A:301,NUDT14,8OTV,1,.,A,A,182,181,.,VAL,.,28.90396182186795,false,false,false,false,observed,,false,false,,,C:W0O301:C20:.#3238|A:VAL181:CA:.#1309,,not_estimated
8OTV:model1:C:A:301,NUDT14,8OTV,1,.,A,A,183,182,.,VAL,.,26.473795043400937,false,false,false,false,observed,,false,false,,,C:W0O301:C20:.#3238|A:VAL182:CG2:.#1321,,not_estimated
8OTV:model1:C:A:301,NUDT14,8OTV,1,.,A,A,184,183,.,HIS,.,29.52446792069249,false,false,false,false,observed,,false,false,,,C:W0O301:C20:.#3238|A:HIS183:N:.#1322,,not_estimated
8OTV:model1:C:A:301,NUDT14,8OTV,1,.,A,A,185,184,.,LEU,.,25.35512987543152,false,false,false,false,observed,,false,false,,,C:W0O301:C20:.#3238|A:LEU184:CD2:.#1339,,not_estimated
8OTV:model1:C:A:301,NUDT14,8OTV,1,.,A,A,186,185,.,PRO,.,29.714221258515256,false,false,false,false,observed,,false,false,,,C:W0O301:C20:.#3238|A:PRO185:O:.#1343,,not_estimated
8OTV:model1:C:A:301,NUDT14,8OTV,1,.,A,A,187,186,.,LEU,.,29.56984600906809,false,false,false,false,observed,,false,false,,,C:W0O301:C20:.#3238|A:LEU186:CD2:.#1354,,not_estimated
8OTV:model1:C:A:301,NUDT14,8OTV,1,.,A,A,188,187,.,GLU,.,30.748574048238403,false,false,false,false,observed,,false,false,,,C:W0O301:C19:.#3237|A:GLU187:O:.#1358,,not_estimated
8OTV:model1:C:A:301,NUDT14,8OTV,1,.,A,A,189,188,.,GLY,.,27.320703138828623,false,false,false,false,observed,,false,false,,,C:W0O301:C19:.#3237|A:GLY188:O:.#1367,,not_estimated
8OTV:model1:C:A:301,NUDT14,8OTV,1,.,A,A,190,189,.,ALA,.,24.412187304705,false,false,false,false,observed,,false,false,,,C:W0O301:C20:.#3238|A:ALA189:O:.#1371,,not_estimated
8OTV:model1:C:A:301,NUDT14,8OTV,1,.,A,A,191,190,.,GLN,.,22.02734309897587,false,false,false,false,observed,,false,false,,,C:W0O301:C19:.#3237|A:GLN190:NE2:.#1381,,not_estimated
8OTV:model1:C:A:301,NUDT14,8OTV,1,.,A,A,192,191,.,ALA,.,24.23745797314562,false,false,false,false,observed,,false,false,,,C:W0O301:C19:.#3237|A:ALA191:O:.#1385,,not_estimated
8OTV:model1:C:A:301,NUDT14,8OTV,1,.,A,A,193,192,.,PHE,.,22.17577446223694,false,false,false,false,observed,,false,false,,,C:W0O301:C19:.#3237|A:PHE192:O:.#1390,,not_estimated
8OTV:model1:C:A:301,NUDT14,8OTV,1,.,A,A,194,193,.,ALA,.,19.205221920092463,false,false,false,false,observed,,false,false,,,C:W0O301:C19:.#3237|A:ALA193:O:.#1401,,not_estimated
8OTV:model1:C:A:301,NUDT14,8OTV,1,.,A,A,195,194,.,ASP,.,20.80066895558891,false,false,false,false,observed,,false,false,,,C:W0O301:C19:.#3237|A:ASP194:O:.#1406,,not_estimated
8OTV:model1:C:A:301,NUDT14,8OTV,1,.,A,A,196,195,.,ASP,.,20.39653149434972,false,false,false,false,observed,,false,false,,,C:W0O301:C19:.#3237|A:ASP195:O:.#1414,,not_estimated
8OTV:model1:C:A:301,NUDT14,8OTV,1,.,A,A,197,196,.,PRO,.,19.33770198343123,false,false,false,false,observed,,false,false,,,C:W0O301:C19:.#3237|A:PRO196:O:.#1422,,not_estimated
8OTV:model1:C:A:301,NUDT14,8OTV,1,.,A,A,198,197,.,ASP,.,21.414825635526427,false,false,false,false,observed,,false,false,,,C:W0O301:C19:.#3237|A:ASP197:N:.#1426,,not_estimated
8OTV:model1:C:A:301,NUDT14,8OTV,1,.,A,A,199,198,.,ILE,.,19.178367918047666,false,false,false,false,observed,,false,false,,,C:W0O301:C20:.#3238|A:ILE198:O:.#1437,,not_estimated
8OTV:model1:C:A:301,NUDT14,8OTV,1,.,A,A,200,199,.,PRO,.,18.09757259966098,false,false,false,false,observed,,false,false,,,C:W0O301:C20:.#3238|A:PRO199:C:.#1444,,not_estimated
8OTV:model1:C:A:301,NUDT14,8OTV,1,.,A,A,201,200,.,LYS,.,14.581549334690054,false,false,false,false,observed,,false,false,,,C:W0O301:C20:.#3238|A:LYS200:O:.#1452,,not_estimated
8OTV:model1:C:A:301,NUDT14,8OTV,1,.,A,A,202,201,.,THR,.,13.846546500842727,false,false,false,false,observed,,false,false,,,C:W0O301:C20:.#3238|A:THR201:C:.#1460,,not_estimated
8OTV:model1:C:A:301,NUDT14,8OTV,1,.,A,A,203,202,.,LEU,.,10.056718997764627,false,false,false,false,observed,,false,false,,,C:W0O301:C20:.#3238|A:LEU202:CD2:.#1472,,not_estimated
8OTV:model1:C:A:301,NUDT14,8OTV,1,.,A,A,204,203,.,GLY,.,13.865269308599816,false,false,false,false,observed,,false,false,,,C:W0O301:C20:.#3238|A:GLY203:N:.#1473,,not_estimated
8OTV:model1:C:A:301,NUDT14,8OTV,1,.,A,A,205,204,.,VAL,.,16.565799135568437,false,false,false,false,observed,,false,false,,,C:W0O301:C20:.#3238|A:VAL204:N:.#1477,,not_estimated
8OTV:model1:C:A:301,NUDT14,8OTV,1,.,A,A,206,205,.,ILE,.,15.143166148464465,false,false,false,false,observed,,false,false,,,C:W0O301:C19:.#3237|A:ILE205:CD1:.#1491,,not_estimated
8OTV:model1:C:A:301,NUDT14,8OTV,1,.,A,A,207,206,.,PHE,.,15.83005590640791,false,false,false,false,observed,,false,false,,,C:W0O301:C20:.#3238|A:PHE206:CB:.#1496,,not_estimated
8OTV:model1:C:A:301,NUDT14,8OTV,1,.,A,A,208,207,.,GLY,.,18.41865198650542,false,false,false,false,observed,,false,false,,,C:W0O301:C20:.#3238|A:GLY207:N:.#1503,,not_estimated
8OTV:model1:C:A:301,NUDT14,8OTV,1,.,A,A,209,208,.,VAL,.,20.80705510157552,false,false,false,false,observed,,false,false,,,C:W0O301:C20:.#3238|A:VAL208:N:.#1507,,not_estimated
8OTV:model1:C:A:301,NUDT14,8OTV,1,.,A,A,210,209,.,SER,.,19.46500328795246,false,false,false,false,observed,,false,false,,,C:W0O301:C19:.#3237|A:SER209:OG:.#1519,,not_estimated
8OTV:model1:C:A:301,NUDT14,8OTV,1,.,A,A,211,210,.,TRP,.,21.113737186959582,false,false,false,false,observed,,false,false,,,C:W0O301:C20:.#3238|A:TRP210:CB:.#1524,,not_estimated
8OTV:model1:C:A:301,NUDT14,8OTV,1,.,A,A,212,211,.,PHE,.,23.64924594992407,false,false,false,false,observed,,false,false,,,C:W0O301:C20:.#3238|A:PHE211:N:.#1534,,not_estimated
8OTV:model1:C:A:301,NUDT14,8OTV,1,.,A,A,213,212,.,LEU,.,25.6366160598469,false,false,false,false,observed,,false,false,,,C:W0O301:C20:.#3238|A:LEU212:N:.#1545,,not_estimated
8OTV:model1:C:A:301,NUDT14,8OTV,1,.,A,A,214,213,.,SER,.,24.276976212040907,false,false,false,false,observed,,false,false,,,C:W0O301:C20:.#3238|A:SER213:OG:.#1558,,not_estimated
8OTV:model1:C:A:301,NUDT14,8OTV,1,.,A,A,215,214,.,GLN,.,24.889928786559434,false,false,false,false,observed,,false,false,,,C:W0O301:C20:.#3238|A:GLN214:CG:.#1564,,not_estimated
8OTV:model1:C:A:301,NUDT14,8OTV,1,.,A,A,216,215,.,VAL,.,27.567465715948572,false,false,false,false,observed,,false,false,,,C:W0O301:C20:.#3238|A:VAL215:CG2:.#1574,,not_estimated
8OTV:model1:C:A:301,NUDT14,8OTV,1,.,A,A,217,216,.,ALA,.,29.914510793258845,false,false,false,false,observed,,false,false,,,C:W0O301:C20:.#3238|A:ALA216:N:.#1575,,not_estimated
8OTV:model1:C:A:301,NUDT14,8OTV,1,.,A,A,218,217,.,PRO,.,30.43900755609486,false,false,false,false,observed,,false,false,,,C:W0O301:C20:.#3238|A:PRO217:CD:.#1586,,not_estimated
8OTV:model1:C:A:301,NUDT14,8OTV,1,.,A,A,219,218,.,ASN,.,32.23502802852822,false,false,false,false,observed,,false,false,,,C:W0O301:C20:.#3238|A:ASN218:ND2:.#1594,,not_estimated
8OTV:model1:C:A:301,NUDT14,8OTV,1,.,A,A,220,219,.,LEU,.,33.187586564858854,false,false,false,false,observed,,false,false,,,C:W0O301:C20:.#3238|A:LEU219:CD1:.#1601,,not_estimated
8OTV:model1:C:A:301,NUDT14,8OTV,1,.,A,A,221,?,.,ASP,.,,,,,,refused,unobserved_residue,false,false,whole_residue,,,,not_estimated
8OTV:model1:C:A:301,NUDT14,8OTV,1,.,A,A,222,?,.,LEU,.,,,,,,refused,unobserved_residue,false,false,whole_residue,,,,not_estimated
8OTV:model1:C:A:301,NUDT14,8OTV,1,.,A,A,223,?,.,GLN,.,,,,,,refused,unobserved_residue,false,false,whole_residue,,,,not_estimated
8OTV:model1:C:A:301,NUDT14,8OTV,1,.,B,B,1,?,.,SER,.,,,,,,refused,unobserved_residue,false,false,whole_residue,,,,not_estimated
8OTV:model1:C:A:301,NUDT14,8OTV,1,.,B,B,2,1,.,MET,.,12.47792362534729,false,false,false,false,observed,,false,false,,,C:W0O301:C4:.#3224|B:MET1:CG:.#1608,,not_estimated
8OTV:model1:C:A:301,NUDT14,8OTV,1,.,B,B,3,2,.,GLU,.,15.176645577992522,false,false,false,false,observed,,false,false,,,C:W0O301:C5:.#3243|B:GLU2:N:.#1611,,not_estimated
8OTV:model1:C:A:301,NUDT14,8OTV,1,.,B,B,4,3,.,ARG,.,15.028569758962428,false,false,false,false,observed,,false,false,,,C:W0O301:C4:.#3224|B:ARG3:O:.#1623,,not_estimated
8OTV:model1:C:A:301,NUDT14,8OTV,1,.,B,B,5,4,.,ILE,.,12.60460245307245,false,false,false,false,observed,,false,false,,,C:W0O301:C5:.#3243|B:ILE4:CD1:.#1638,,not_estimated
8OTV:model1:C:A:301,NUDT14,8OTV,1,.,B,B,6,5,.,GLU,.,15.016861123417238,false,false,false,false,observed,,false,false,,,C:W0O301:C8:.#3227|B:GLU5:O:.#1642,,not_estimated
8OTV:model1:C:A:301,NUDT14,8OTV,1,.,B,B,7,6,.,GLY,.,14.955261883363995,false,false,false,false,observed,,false,false,,,C:W0O301:C8:.#3227|B:GLY6:O:.#1651,,not_estimated
8OTV:model1:C:A:301,NUDT14,8OTV,1,.,B,B,8,7,.,ALA,.,14.46123459459807,false,false,false,false,observed,,false,false,,,C:W0O301:C8:.#3227|B:ALA7:CA:.#1653,,not_estimated
8OTV:model1:C:A:301,NUDT14,8OTV,1,.,B,B,9,8,.,SER,.,11.924893836005417,false,false,false,false,observed,,false,false,,,C:W0O301:N4:.#3248|B:SER8:O:.#1660,,not_estimated
8OTV:model1:C:A:301,NUDT14,8OTV,1,.,B,B,10,9,.,VAL,.,12.31269828266737,false,false,false,false,observed,,false,false,,,C:W0O301:N4:.#3248|B:VAL9:CG2:.#1669,,not_estimated
8OTV:model1:C:A:301,NUDT14,8OTV,1,.,B,B,11,10,.,GLY,.,11.23225106557007,false,false,false,false,observed,,false,false,,,C:W0O301:N4:.#3248|B:GLY10:O:.#1673,,not_estimated
8OTV:model1:C:A:301,NUDT14,8OTV,1,.,B,B,12,11,.,ARG,.,11.062287105296083,false,false,false,false,partial_observed,,false,false,CD:?:flag1;CG:?:flag1;CZ:?:flag1;NE:?:flag1;NH1:?:flag1;NH2:?:flag1,,C:W0O301:N4:.#3248|B:ARG11:O:.#1677,,not_estimated
8OTV:model1:C:A:301,NUDT14,8OTV,1,.,B,B,13,12,.,CYS,.,7.582343305337735,false,false,false,false,observed,,false,false,,,C:W0O301:N4:.#3248|B:CYS12:SG:.#1684,,not_estimated
8OTV:model1:C:A:301,NUDT14,8OTV,1,.,B,B,14,13,.,ALA,.,11.044193270673961,false,false,false,false,observed,,false,false,,,C:W0O301:N4:.#3248|B:ALA13:N:.#1685,,not_estimated
8OTV:model1:C:A:301,NUDT14,8OTV,1,.,B,B,15,14,.,ALA,.,9.629401850582413,false,false,false,false,observed,,false,false,,,C:W0O301:N4:.#3248|B:ALA14:C:.#1692,,not_estimated
8OTV:model1:C:A:301,NUDT14,8OTV,1,.,B,B,16,15,.,SER,.,5.5696068981571765,false,false,false,false,observed,,false,false,,,C:W0O301:N4:.#3248|B:SER15:OG:.#1700,,not_estimated
8OTV:model1:C:A:301,NUDT14,8OTV,1,.,B,B,17,16,.,PRO,.,6.468051793237278,false,false,false,false,observed,,false,false,,,C:W0O301:C8:.#3227|B:PRO16:CD:.#1707,,not_estimated
8OTV:model1:C:A:301,NUDT14,8OTV,1,.,B,B,18,17,.,TYR,.,3.3640197680750936,true,true,true,true,observed,,false,false,,,C:W0O301:C6:.#3244|B:TYR17:OH:.#1719,,not_estimated
8OTV:model1:C:A:301,NUDT14,8OTV,1,.,B,B,19,18,.,LEU,.,6.097271356926801,false,false,false,false,observed,,false,false,,,C:W0O301:N5:.#3249|B:LEU18:CG:.#1725,,not_estimated
8OTV:model1:C:A:301,NUDT14,8OTV,1,.,B,B,20,19,.,ARG,.,9.994541110026011,false,false,false,false,observed,,false,false,,,C:W0O301:N5:.#3249|B:ARG19:N:.#1728,,not_estimated
8OTV:model1:C:A:301,NUDT14,8OTV,1,.,B,B,21,20,.,PRO,.,12.76397132557105,false,false,false,false,observed,,false,false,,,C:W0O301:N5:.#3249|B:PRO20:CD:.#1745,,not_estimated
8OTV:model1:C:A:301,NUDT14,8OTV,1,.,B,B,22,21,.,LEU,.,15.71518329514486,false,false,false,false,observed,,false,false,,,C:W0O301:N5:.#3249|B:LEU21:N:.#1746,,not_estimated
8OTV:model1:C:A:301,NUDT14,8OTV,1,.,B,B,23,22,.,THR,.,19.084137339686066,false,false,false,false,observed,,false,false,,,C:W0O301:C14:.#3232|B:THR22:N:.#1754,,not_estimated
8OTV:model1:C:A:301,NUDT14,8OTV,1,.,B,B,24,23,.,LEU,.,20.734453477244102,false,false,false,false,observed,,false,false,,,C:W0O301:C14:.#3232|B:LEU23:N:.#1761,,not_estimated
8OTV:model1:C:A:301,NUDT14,8OTV,1,.,B,B,25,24,.,HIS,.,23.998248561092954,false,false,false,false,observed,,false,false,,,C:W0O301:C14:.#3232|B:HIS24:N:.#1769,,not_estimated
8OTV:model1:C:A:301,NUDT14,8OTV,1,.,B,B,26,25,.,TYR,.,24.166859725665642,false,false,false,false,observed,,false,false,,,C:W0O301:O1:.#3250|B:TYR25:CE1:.#1787,,not_estimated
8OTV:model1:C:A:301,NUDT14,8OTV,1,.,B,B,27,26,.,ARG,.,29.44613614720954,false,false,false,false,observed,,false,false,,,C:W0O301:O1:.#3250|B:ARG26:N:.#1791,,not_estimated
8OTV:model1:C:A:301,NUDT14,8OTV,1,.,B,B,28,27,.,GLN,.,27.32491859091258,false,false,false,false,observed,,false,false,,,C:W0O301:O1:.#3250|B:GLN27:NE2:.#1810,,not_estimated
8OTV:model1:C:A:301,NUDT14,8OTV,1,.,B,B,29,28,.,ASN,.,31.687419096543664,false,false,false,false,observed,,false,false,,,C:W0O301:O1:.#3250|B:ASN28:ND2:.#1818,,not_estimated
8OTV:model1:C:A:301,NUDT14,8OTV,1,.,B,B,30,29,.,GLY,.,34.278135144724544,false,false,false,false,observed,,false,false,,,C:W0O301:O1:.#3250|B:GLY29:N:.#1819,,not_estimated
8OTV:model1:C:A:301,NUDT14,8OTV,1,.,B,B,31,30,.,ALA,.,31.459576777191398,false,false,false,false,observed,,false,false,,,C:W0O301:O1:.#3250|B:ALA30:O:.#1826,,not_estimated
8OTV:model1:C:A:301,NUDT14,8OTV,1,.,B,B,32,31,.,GLN,.,29.59892405139079,false,false,false,false,observed,,false,false,,,C:W0O301:C14:.#3232|B:GLN31:NE2:.#1836,,not_estimated
8OTV:model1:C:A:301,NUDT14,8OTV,1,.,B,B,33,32,.,LYS,.,26.91138987492099,false,false,false,false,observed,,false,false,,,C:W0O301:C14:.#3232|B:LYS32:O:.#1840,,not_estimated
8OTV:model1:C:A:301,NUDT14,8OTV,1,.,B,B,34,33,.,SER,.,23.665939174264775,false,false,false,false,observed,,false,false,,,C:W0O301:C14:.#3232|B:SER33:C:.#1848,,not_estimated
8OTV:model1:C:A:301,NUDT14,8OTV,1,.,B,B,35,34,.,TRP,.,18.106520206820527,false,false,false,false,observed,,false,false,,,C:W0O301:O1:.#3250|B:TRP34:NE1:.#1860,,not_estimated
8OTV:model1:C:A:301,NUDT14,8OTV,1,.,B,B,36,35,.,ASP,.,16.988956265762766,false,false,false,false,observed,,false,false,,,C:W0O301:C14:.#3232|B:ASP35:O:.#1869,,not_estimated
8OTV:model1:C:A:301,NUDT14,8OTV,1,.,B,B,37,36,.,PHE,.,13.89359730235478,false,false,false,false,observed,,false,false,,,C:W0O301:C14:.#3232|B:PHE36:C:.#1876,,not_estimated
8OTV:model1:C:A:301,NUDT14,8OTV,1,.,B,B,38,37,.,MET,.,10.45621202921976,false,false,false,false,observed,,false,false,,,C:W0O301:C14:.#3232|B:MET37:CB:.#1889,,not_estimated
8OTV:model1:C:A:301,NUDT14,8OTV,1,.,B,B,39,38,.,LYS,.,9.168788687716605,false,false,false,false,observed,,false,false,,,C:W0O301:C14:.#3232|B:LYS38:O:.#1896,,not_estimated
8OTV:model1:C:A:301,NUDT14,8OTV,1,.,B,B,40,39,.,THR,.,6.729414090394497,false,false,false,false,observed,,false,false,,,C:W0O301:C14:.#3232|B:THR39:CB:.#1906,,not_estimated
8OTV:model1:C:A:301,NUDT14,8OTV,1,.,B,B,41,40,.,HIS,.,5.813644897996437,false,false,false,false,observed,,false,false,,,C:W0O301:C14:.#3232|B:HIS40:ND1:.#1915,,not_estimated
8OTV:model1:C:A:301,NUDT14,8OTV,1,.,B,B,42,41,.,ASP,.,5.860289583288525,false,false,false,false,observed,,false,false,,,C:W0O301:C17:.#3235|B:ASP41:O:.#1922,,not_estimated
8OTV:model1:C:A:301,NUDT14,8OTV,1,.,B,B,43,42,.,SER,.,3.79644807682128,false,true,true,true,observed,,false,false,,,C:W0O301:C18:.#3236|B:SER42:CB:.#1931,,not_estimated
8OTV:model1:C:A:301,NUDT14,8OTV,1,.,B,B,44,43,.,VAL,.,4.976322336826663,false,false,false,true,observed,,false,false,,,C:W0O301:C18:.#3236|B:VAL43:O:.#1936,,not_estimated
8OTV:model1:C:A:301,NUDT14,8OTV,1,.,B,B,45,44,.,THR,.,5.024244918393211,false,false,false,false,observed,,false,false,,,C:W0O301:C19:.#3237|B:THR44:CG2:.#1946,,not_estimated
8OTV:model1:C:A:301,NUDT14,8OTV,1,.,B,B,46,45,.,VAL,.,8.751763136648522,false,false,false,false,observed,,false,false,,,C:W0O301:C19:.#3237|B:VAL45:N:.#1947,,not_estimated
8OTV:model1:C:A:301,NUDT14,8OTV,1,.,B,B,47,46,.,LEU,.,11.68024404710792,false,false,false,false,observed,,false,false,,,C:W0O301:C19:.#3237|B:LEU46:N:.#1954,,not_estimated
8OTV:model1:C:A:301,NUDT14,8OTV,1,.,B,B,48,47,.,LEU,A,14.19471750335314,false,false,false,false,observed,,true,true,,,C:W0O301:C19:.#3237|B:LEU47:N:A#1962,,not_estimated
8OTV:model1:C:A:301,NUDT14,8OTV,1,.,B,B,48,47,.,LEU,B,13.231358735972659,false,false,false,false,observed,,true,true,,,C:W0O301:C19:.#3237|B:LEU47:CD2:B#1977,,not_estimated
8OTV:model1:C:A:301,NUDT14,8OTV,1,.,B,B,49,48,.,PHE,.,17.744493343006443,false,false,false,false,observed,,false,false,,,C:W0O301:C19:.#3237|B:PHE48:N:.#1978,,not_estimated
8OTV:model1:C:A:301,NUDT14,8OTV,1,.,B,B,50,49,.,ASN,.,20.200564893091478,false,false,false,false,observed,,false,false,,,C:W0O301:C19:.#3237|B:ASN49:N:.#1989,,not_estimated
8OTV:model1:C:A:301,NUDT14,8OTV,1,.,B,B,51,50,.,SER,.,23.361801557242963,false,false,false,false,observed,,false,false,,,C:W0O301:C19:.#3237|B:SER50:N:.#1997,,not_estimated
8OTV:model1:C:A:301,NUDT14,8OTV,1,.,B,B,52,51,.,SER,.,25.6266402596985,false,false,false,false,observed,,false,false,,,C:W0O301:C19:.#3237|B:SER51:N:.#2003,,not_estimated
8OTV:model1:C:A:301,NUDT14,8OTV,1,.,B,B,53,52,.,ARG,.,23.372053867814014,false,false,false,false,observed,,false,false,,,C:W0O301:C19:.#3237|B:ARG52:NE:.#2016,,not_estimated
8OTV:model1:C:A:301,NUDT14,8OTV,1,.,B,B,54,53,.,ARG,.,23.59902214075829,false,false,false,false,observed,,false,false,,,C:W0O301:C19:.#3237|B:ARG53:C:.#2022,,not_estimated
8OTV:model1:C:A:301,NUDT14,8OTV,1,.,B,B,55,54,.,SER,.,19.934346766322694,false,false,false,false,observed,,false,false,,,C:W0O301:C19:.#3237|B:SER54:O:.#2034,,not_estimated
8OTV:model1:C:A:301,NUDT14,8OTV,1,.,B,B,56,55,.,LEU,.,17.003371900890716,false,false,false,false,observed,,false,false,,,C:W0O301:C19:.#3237|B:LEU55:C:.#2039,,not_estimated
8OTV:model1:C:A:301,NUDT14,8OTV,1,.,B,B,57,56,.,VAL,.,13.237678119670383,false,false,false,false,observed,,false,false,,,C:W0O301:C19:.#3237|B:VAL56:O:.#2048,,not_estimated
8OTV:model1:C:A:301,NUDT14,8OTV,1,.,B,B,58,57,.,LEU,.,12.37744759633423,false,false,false,false,observed,,false,false,,,C:W0O301:C19:.#3237|B:LEU57:C:.#2054,,not_estimated
8OTV:model1:C:A:301,NUDT14,8OTV,1,.,B,B,59,58,.,VAL,.,8.760498673020846,false,false,false,false,observed,,false,false,,,C:W0O301:C19:.#3237|B:VAL58:CG2:.#2066,,not_estimated
8OTV:model1:C:A:301,NUDT14,8OTV,1,.,B,B,60,59,.,LYS,.,12.005144355650206,false,false,false,false,observed,,false,false,,,C:W0O301:C19:.#3237|B:LYS59:N:.#2067,,not_estimated
8OTV:model1:C:A:301,NUDT14,8OTV,1,.,B,B,61,60,.,GLN,.,7.053271439552004,false,false,false,false,observed,,false,false,,,C:W0O301:C23:.#3240|B:GLN60:NE2:.#2084,,not_estimated
8OTV:model1:C:A:301,NUDT14,8OTV,1,.,B,B,62,61,.,PHE,.,8.570983899179836,false,false,false,false,observed,,false,false,,,C:W0O301:C23:.#3240|B:PHE61:O:.#2088,,not_estimated
8OTV:model1:C:A:301,NUDT14,8OTV,1,.,B,B,63,62,.,ARG,.,3.9533469364577654,false,true,true,true,observed,,false,false,,,C:W0O301:C22:.#3239|B:ARG62:NH1:.#2105,,not_estimated
8OTV:model1:C:A:301,NUDT14,8OTV,1,.,B,B,64,63,.,PRO,.,7.1674459188751465,false,false,false,false,observed,,false,false,,,C:W0O301:N4:.#3248|B:PRO63:CG:.#2112,,not_estimated
8OTV:model1:C:A:301,NUDT14,8OTV,1,.,B,B,65,64,.,ALA,.,7.071012728032669,false,false,false,false,observed,,false,false,,,C:W0O301:N5:.#3249|B:ALA64:CB:.#2118,,not_estimated
8OTV:model1:C:A:301,NUDT14,8OTV,1,.,B,B,66,65,.,VAL,.,9.380630415915551,false,false,false,false,observed,,false,false,,,C:W0O301:C21:.#3242|B:VAL65:CG2:.#2125,,not_estimated
8OTV:model1:C:A:301,NUDT14,8OTV,1,.,B,B,67,66,.,TYR,.,11.689483692618763,false,false,false,false,observed,,false,false,,,C:W0O301:N5:.#3249|B:TYR66:N:.#2126,,not_estimated
8OTV:model1:C:A:301,NUDT14,8OTV,1,.,B,B,68,67,.,ALA,.,11.31108319304566,false,false,false,false,observed,,false,false,,,C:W0O301:N5:.#3249|B:ALA67:CB:.#2142,,not_estimated
8OTV:model1:C:A:301,NUDT14,8OTV,1,.,B,B,69,68,.,GLY,.,12.898545383104253,false,false,false,false,observed,,false,false,,,C:W0O301:N5:.#3249|B:GLY68:N:.#2143,,not_estimated
8OTV:model1:C:A:301,NUDT14,8OTV,1,.,B,B,70,69,.,GLU,.,15.212862189607847,false,false,false,false,observed,,false,false,,,C:W0O301:N5:.#3249|B:GLU69:N:.#2147,,not_estimated
8OTV:model1:C:A:301,NUDT14,8OTV,1,.,B,B,71,70,.,VAL,.,16.545409061126293,false,false,false,false,observed,,false,false,,,C:W0O301:N5:.#3249|B:VAL70:N:.#2156,,not_estimated
8OTV:model1:C:A:301,NUDT14,8OTV,1,.,B,B,72,71,.,GLU,.,16.92127634074924,false,false,false,false,observed,,false,false,,,C:W0O301:N5:.#3249|B:GLU71:CB:.#2167,,not_estimated
8OTV:model1:C:A:301,NUDT14,8OTV,1,.,B,B,73,72,.,ARG,.,17.261090203112893,false,false,false,false,observed,,false,false,,,C:W0O301:C21:.#3242|B:ARG72:NH2:.#2182,,not_estimated
8OTV:model1:C:A:301,NUDT14,8OTV,1,.,B,B,74,73,.,ARG,.,21.948112675125394,false,false,false,false,observed,,false,false,,,C:W0O301:N5:.#3249|B:ARG73:CG:.#2188,,not_estimated
8OTV:model1:C:A:301,NUDT14,8OTV,1,.,B,B,75,74,.,PHE,.,20.845007651713637,false,false,false,false,observed,,false,false,,,C:W0O301:N5:.#3249|B:PHE74:O:.#2197,,not_estimated
8OTV:model1:C:A:301,NUDT14,8OTV,1,.,B,B,76,75,.,PRO,.,22.2996348400596,false,false,false,false,observed,,false,false,,,C:W0O301:N5:.#3249|B:PRO75:CA:.#2206,,not_estimated
8OTV:model1:C:A:301,NUDT14,8OTV,1,.,B,B,77,76,.,GLY,.,20.40780392398947,false,false,false,false,observed,,false,false,,,C:W0O301:N4:.#3248|B:GLY76:O:.#2215,,not_estimated
8OTV:model1:C:A:301,NUDT14,8OTV,1,.,B,B,78,77,.,SER,.,17.206855319900843,false,false,false,false,observed,,false,false,,,C:W0O301:N4:.#3248|B:SER77:O:.#2219,,not_estimated
8OTV:model1:C:A:301,NUDT14,8OTV,1,.,B,B,79,78,.,LEU,.,13.648795771056141,false,false,false,false,observed,,false,false,,,C:W0O301:N5:.#3249|B:LEU78:CD1:.#2228,,not_estimated
8OTV:model1:C:A:301,NUDT14,8OTV,1,.,B,B,80,79,.,ALA,.,17.41082462148189,false,false,false,false,observed,,false,false,,,C:W0O301:N4:.#3248|B:ALA79:O:.#2233,,not_estimated
8OTV:model1:C:A:301,NUDT14,8OTV,1,.,B,B,81,80,.,ALA,.,18.52775563850085,false,false,false,false,observed,,false,false,,,C:W0O301:N4:.#3248|B:ALA80:CA:.#2236,,not_estimated
8OTV:model1:C:A:301,NUDT14,8OTV,1,.,B,B,82,81,.,VAL,.,15.67698280920152,false,false,false,false,observed,,false,false,,,C:W0O301:N4:.#3248|B:VAL81:CG2:.#2246,,not_estimated
8OTV:model1:C:A:301,NUDT14,8OTV,1,.,B,B,83,82,.,ASP,.,18.95449513967597,false,false,false,false,observed,,false,false,,,C:W0O301:N4:.#3248|B:ASP82:O:.#2250,,not_estimated
8OTV:model1:C:A:301,NUDT14,8OTV,1,.,B,B,84,83,.,GLN,.,21.046166919417892,false,false,false,false,partial_observed,,false,false,CD:?:flag1;CG:?:flag1;NE2:?:flag1;OE1:?:flag1,,C:W0O301:N4:.#3248|B:GLN83:CA:.#2256,,not_estimated
8OTV:model1:C:A:301,NUDT14,8OTV,1,.,B,B,85,84,.,ASP,.,20.386503795403467,false,false,false,false,partial_observed,,false,false,CG:?:flag1;OD1:?:flag1;OD2:?:flag1,,C:W0O301:C8:.#3227|B:ASP84:C:.#2262,,not_estimated
8OTV:model1:C:A:301,NUDT14,8OTV,1,.,B,B,86,85,.,GLY,.,17.366673976326037,false,false,false,false,observed,,false,false,,,C:W0O301:C8:.#3227|B:GLY85:C:.#2267,,not_estimated
8OTV:model1:C:A:301,NUDT14,8OTV,1,.,B,B,87,86,.,PRO,.,14.415848015292058,false,false,false,false,observed,,false,false,,,C:W0O301:C8:.#3227|B:PRO86:CG:.#2274,,not_estimated
8OTV:model1:C:A:301,NUDT14,8OTV,1,.,B,B,88,87,.,ARG,.,16.51890874119716,false,false,false,false,observed,,false,false,,,C:W0O301:N4:.#3248|B:ARG87:O:.#2279,,not_estimated
8OTV:model1:C:A:301,NUDT14,8OTV,1,.,B,B,89,88,.,GLU,.,18.36944476569719,false,false,false,false,observed,,false,false,,,C:W0O301:N4:.#3248|B:GLU88:CA:.#2288,,not_estimated
8OTV:model1:C:A:301,NUDT14,8OTV,1,.,B,B,90,89,.,LEU,.,15.224506330255833,false,false,false,false,observed,,false,false,,,C:W0O301:N4:.#3248|B:LEU89:CD1:.#2302,,not_estimated
8OTV:model1:C:A:301,NUDT14,8OTV,1,.,B,B,91,90,.,GLN,.,20.59386008013068,false,false,false,false,observed,,false,false,,,C:W0O301:N4:.#3248|B:GLN90:N:.#2304,,not_estimated
8OTV:model1:C:A:301,NUDT14,8OTV,1,.,B,B,92,91,.,PRO,.,21.200063655564808,false,false,false,false,observed,,false,false,,,C:W0O301:N4:.#3248|B:PRO91:O:.#2316,,not_estimated
8OTV:model1:C:A:301,NUDT14,8OTV,1,.,B,B,93,92,.,ALA,.,18.403591524482387,false,false,false,false,observed,,false,false,,,C:W0O301:N4:.#3248|B:ALA92:CB:.#2324,,not_estimated
8OTV:model1:C:A:301,NUDT14,8OTV,1,.,B,B,94,93,.,LEU,.,18.357595076697816,false,false,false,false,observed,,false,false,,,C:W0O301:N4:.#3248|B:LEU93:O:.#2328,,not_estimated
8OTV:model1:C:A:301,NUDT14,8OTV,1,.,B,B,95,94,.,PRO,.,18.10750049012839,false,false,false,false,observed,,false,false,,,C:W0O301:N4:.#3248|B:PRO94:O:.#2336,,not_estimated
8OTV:model1:C:A:301,NUDT14,8OTV,1,.,B,B,96,95,.,GLY,.,15.69094241911556,false,false,false,false,observed,,false,false,,,C:W0O301:C5:.#3243|B:GLY95:O:.#2343,,not_estimated
8OTV:model1:C:A:301,NUDT14,8OTV,1,.,B,B,97,96,.,SER,.,16.81290067180556,false,false,false,false,observed,,false,false,,,C:W0O301:C20:.#3238|B:SER96:O:.#2347,,not_estimated
8OTV:model1:C:A:301,NUDT14,8OTV,1,.,B,B,98,97,.,ALA,.,15.49547898582035,false,false,false,false,observed,,false,false,,,C:W0O301:C20:.#3238|B:ALA97:O:.#2353,,not_estimated
8OTV:model1:C:A:301,NUDT14,8OTV,1,.,B,B,99,98,.,GLY,.,11.924412815732268,false,false,false,false,observed,,false,false,,,C:W0O301:C23:.#3240|B:GLY98:O:.#2358,,not_estimated
8OTV:model1:C:A:301,NUDT14,8OTV,1,.,B,B,100,99,.,VAL,.,12.86344623341661,false,false,false,false,observed,,false,false,,,C:W0O301:C20:.#3238|B:VAL99:C:.#2361,,not_estimated
8OTV:model1:C:A:301,NUDT14,8OTV,1,.,B,B,101,100,.,THR,.,8.844169491817759,false,false,false,false,observed,,false,false,,,C:W0O301:C20:.#3238|B:THR100:OG1:.#2371,,not_estimated
8OTV:model1:C:A:301,NUDT14,8OTV,1,.,B,B,102,101,.,VAL,.,9.91514654455495,false,false,false,false,observed,,false,false,,,C:W0O301:C20:.#3238|B:VAL101:O:.#2376,,not_estimated
8OTV:model1:C:A:301,NUDT14,8OTV,1,.,B,B,103,102,.,GLU,.,4.878747482704962,false,false,false,true,observed,,false,false,,,C:W0O301:C20:.#3238|B:GLU102:OE1:.#2387,,not_estimated
8OTV:model1:C:A:301,NUDT14,8OTV,1,.,B,B,104,103,.,LEU,.,6.309667582369138,false,false,false,false,observed,,false,false,,,C:W0O301:C19:.#3237|B:LEU103:O:.#2392,,not_estimated
8OTV:model1:C:A:301,NUDT14,8OTV,1,.,B,B,105,104,.,CYS,.,6.887442849127678,false,false,false,false,observed,,false,false,,,C:W0O301:C19:.#3237|B:CYS104:C:.#2399,,not_estimated
8OTV:model1:C:A:301,NUDT14,8OTV,1,.,B,B,106,105,.,ALA,.,3.7884706676969264,false,true,true,true,observed,,false,false,,,C:W0O301:C19:.#3237|B:ALA105:CB:.#2407,,not_estimated
8OTV:model1:C:A:301,NUDT14,8OTV,1,.,B,B,107,106,.,GLY,.,4.056916193366579,false,false,true,true,observed,,false,false,,,C:W0O301:C18:.#3236|B:GLY106:N:.#2408,,not_estimated
8OTV:model1:C:A:301,NUDT14,8OTV,1,.,B,B,108,107,.,LEU,.,3.609411586394658,false,true,true,true,observed,,false,false,,,C:W0O301:C15:.#3233|B:LEU107:CD2:.#2419,,not_estimated
8OTV:model1:C:A:301,NUDT14,8OTV,1,.,B,B,109,108,.,VAL,.,6.760093342550826,false,false,false,false,observed,,false,false,,,C:W0O301:C17:.#3235|B:VAL108:N:.#2420,,not_estimated
8OTV:model1:C:A:301,NUDT14,8OTV,1,.,B,B,110,109,.,ASP,.,6.196740836923874,false,false,false,false,observed,,false,false,,,C:W0O301:C3:.#3223|B:ASP109:OD2:.#2434,,not_estimated
8OTV:model1:C:A:301,NUDT14,8OTV,1,.,B,B,111,110,.,GLN,.,8.288750267682097,false,false,false,false,observed,,false,false,,,C:W0O301:C2:.#3222|B:GLN110:NE2:.#2443,,not_estimated
8OTV:model1:C:A:301,NUDT14,8OTV,1,.,B,B,112,111,.,PRO,.,13.770312051656635,false,false,false,false,observed,,false,false,,,C:W0O301:C3:.#3223|B:PRO111:CD:.#2450,,not_estimated
8OTV:model1:C:A:301,NUDT14,8OTV,1,.,B,B,113,112,.,GLY,.,17.457617620969938,false,false,false,false,observed,,false,false,,,C:W0O301:C3:.#3223|B:GLY112:N:.#2451,,not_estimated
8OTV:model1:C:A:301,NUDT14,8OTV,1,.,B,B,114,113,.,LEU,.,13.937817117468573,false,false,false,false,observed,,false,false,,,C:W0O301:C2:.#3222|B:LEU113:CD1:.#2461,,not_estimated
8OTV:model1:C:A:301,NUDT14,8OTV,1,.,B,B,115,114,.,SER,.,13.63811236938602,false,false,false,false,observed,,false,false,,,C:W0O301:C18:.#3236|B:SER114:O:.#2466,,not_estimated
8OTV:model1:C:A:301,NUDT14,8OTV,1,.,B,B,116,115,.,LEU,.,11.335242079461736,false,false,false,false,observed,,false,false,,,C:W0O301:C18:.#3236|B:LEU115:CD2:.#2476,,not_estimated
8OTV:model1:C:A:301,NUDT14,8OTV,1,.,B,B,117,116,.,GLU,.,13.839676766456648,false,false,false,false,observed,,false,false,,,C:W0O301:C18:.#3236|B:GLU116:O:.#2480,,not_estimated
8OTV:model1:C:A:301,NUDT14,8OTV,1,.,B,B,118,117,.,GLU,.,13.357396190874928,false,false,false,false,observed,,false,false,,,C:W0O301:C18:.#3236|B:GLU117:O:.#2489,,not_estimated
8OTV:model1:C:A:301,NUDT14,8OTV,1,.,B,B,119,118,.,VAL,.,8.819072116725204,false,false,false,false,observed,,false,false,,,C:W0O301:C18:.#3236|B:VAL118:CG1:.#2500,,not_estimated
8OTV:model1:C:A:301,NUDT14,8OTV,1,.,B,B,120,119,.,ALA,.,10.576993381864245,false,false,false,false,observed,,false,false,,,C:W0O301:C18:.#3236|B:ALA119:CA:.#2503,,not_estimated
8OTV:model1:C:A:301,NUDT14,8OTV,1,.,B,B,121,120,.,CYS,.,12.741516589480234,false,false,false,false,observed,,false,false,,,C:W0O301:C18:.#3236|B:CYS120:N:.#2507,,not_estimated
8OTV:model1:C:A:301,NUDT14,8OTV,1,.,B,B,122,121,.,LYS,.,8.363487609843155,false,false,false,false,observed,,false,false,,,C:W0O301:C2:.#3222|B:LYS121:NZ:.#2521,,not_estimated
8OTV:model1:C:A:301,NUDT14,8OTV,1,.,B,B,123,122,.,GLU,.,7.761245389755433,false,false,false,false,observed,,false,false,,,C:W0O301:C18:.#3236|B:GLU122:CG:.#2527,,not_estimated
8OTV:model1:C:A:301,NUDT14,8OTV,1,.,B,B,124,123,.,ALA,.,11.461713877077898,false,false,false,false,observed,,false,false,,,C:W0O301:C18:.#3236|B:ALA123:N:.#2531,,not_estimated
8OTV:model1:C:A:301,NUDT14,8OTV,1,.,B,B,125,124,.,TRP,.,13.034915649899697,false,false,false,false,observed,,false,false,,,C:W0O301:C1:.#3221|B:TRP124:C:.#2538,,not_estimated
8OTV:model1:C:A:301,NUDT14,8OTV,1,.,B,B,126,125,.,GLU,.,7.397171689233661,false,false,false,false,observed,,false,false,,,C:W0O301:C1:.#3221|B:GLU125:OE1:.#2557,,not_estimated
8OTV:model1:C:A:301,NUDT14,8OTV,1,.,B,B,127,126,.,GLU,.,7.278840979166944,false,false,false,false,observed,,false,false,,,C:W0O301:C18:.#3236|B:GLU126:OE2:.#2567,,not_estimated
8OTV:model1:C:A:301,NUDT14,8OTV,1,.,B,B,128,127,.,CYS,.,12.456248070747465,false,false,false,false,observed,,false,false,,,C:W0O301:C19:.#3237|B:CYS127:SG:.#2573,,not_estimated
8OTV:model1:C:A:301,NUDT14,8OTV,1,.,B,B,129,128,.,GLY,.,15.30891821782323,false,false,false,false,observed,,false,false,,,C:W0O301:C1:.#3221|B:GLY128:N:.#2574,,not_estimated
8OTV:model1:C:A:301,NUDT14,8OTV,1,.,B,B,130,129,.,TYR,.,16.876616515166774,false,false,false,false,observed,,false,false,,,C:W0O301:C18:.#3236|B:TYR129:O:.#2581,,not_estimated
8OTV:model1:C:A:301,NUDT14,8OTV,1,.,B,B,131,130,.,HIS,.,19.102674027475835,false,false,false,false,observed,,false,false,,,C:W0O301:C18:.#3236|B:HIS130:N:.#2590,,not_estimated
8OTV:model1:C:A:301,NUDT14,8OTV,1,.,B,B,132,131,.,LEU,.,15.354811298091551,false,false,false,false,observed,,false,false,,,C:W0O301:C18:.#3236|B:LEU131:CD2:.#2607,,not_estimated
8OTV:model1:C:A:301,NUDT14,8OTV,1,.,B,B,133,132,.,ALA,.,18.926751306021853,false,false,false,false,observed,,false,false,,,C:W0O301:C18:.#3236|B:ALA132:O:.#2611,,not_estimated
8OTV:model1:C:A:301,NUDT14,8OTV,1,.,B,B,134,133,.,PRO,.,18.38740517310694,false,false,false,false,observed,,false,false,,,C:W0O301:C18:.#3236|B:PRO133:CA:.#2614,,not_estimated
8OTV:model1:C:A:301,NUDT14,8OTV,1,.,B,B,135,134,.,SER,.,20.47645179224174,false,false,false,false,observed,,false,false,,,C:W0O301:C18:.#3236|B:SER134:N:.#2620,,not_estimated
8OTV:model1:C:A:301,NUDT14,8OTV,1,.,B,B,136,135,.,ASP,.,19.42860828778016,false,false,false,false,observed,,false,false,,,C:W0O301:C18:.#3236|B:ASP135:C:.#2628,,not_estimated
8OTV:model1:C:A:301,NUDT14,8OTV,1,.,B,B,137,136,.,LEU,.,14.582142983800422,false,false,false,false,observed,,false,false,,,C:W0O301:C18:.#3236|B:LEU136:CD1:.#2640,,not_estimated
8OTV:model1:C:A:301,NUDT14,8OTV,1,.,B,B,138,137,.,ARG,.,15.90509698178543,false,false,false,false,observed,,false,false,,,C:W0O301:C19:.#3237|B:ARG137:O:.#2645,,not_estimated
8OTV:model1:C:A:301,NUDT14,8OTV,1,.,B,B,139,138,.,ARG,.,15.52847632577002,false,false,false,false,observed,,false,false,,,C:W0O301:C19:.#3237|B:ARG138:CG:.#2658,,not_estimated
8OTV:model1:C:A:301,NUDT14,8OTV,1,.,B,B,140,139,.,VAL,.,14.830548371520187,false,false,false,false,observed,,false,false,,,C:W0O301:C19:.#3237|B:VAL139:CB:.#2668,,not_estimated
8OTV:model1:C:A:301,NUDT14,8OTV,1,.,B,B,141,140,.,ALA,.,12.35567226014028,false,false,false,false,observed,,false,false,,,C:W0O301:C19:.#3237|B:ALA140:O:.#2674,,not_estimated
8OTV:model1:C:A:301,NUDT14,8OTV,1,.,B,B,142,141,.,THR,.,13.178422553553212,false,false,false,false,observed,,false,false,,,C:W0O301:C19:.#3237|B:THR141:CA:.#2677,,not_estimated
8OTV:model1:C:A:301,NUDT14,8OTV,1,.,B,B,143,142,.,TYR,.,8.170716982003476,false,false,false,false,observed,,false,false,,,C:W0O301:C19:.#3237|B:TYR142:OH:.#2694,,not_estimated
8OTV:model1:C:A:301,NUDT14,8OTV,1,.,B,B,144,143,.,TRP,.,10.539813802909425,false,false,false,false,observed,,false,false,,,C:W0O301:C20:.#3238|B:TRP143:C:.#2697,,not_estimated
8OTV:model1:C:A:301,NUDT14,8OTV,1,.,B,B,145,144,.,SER,.,6.829434383607474,false,false,false,false,observed,,false,false,,,C:W0O301:C21:.#3242|B:SER144:OG:.#2714,,not_estimated
8OTV:model1:C:A:301,NUDT14,8OTV,1,.,B,B,146,145,.,GLY,.,9.18572332481226,false,false,false,false,observed,,false,false,,,C:W0O301:C21:.#3242|B:GLY145:N:.#2715,,not_estimated
8OTV:model1:C:A:301,NUDT14,8OTV,1,.,B,B,147,146,.,VAL,.,12.229981643485814,false,false,false,false,observed,,false,false,,,C:W0O301:C21:.#3242|B:VAL146:N:.#2719,,not_estimated
8OTV:model1:C:A:301,NUDT14,8OTV,1,.,B,B,148,147,.,GLY,.,14.140974436013948,false,false,false,false,observed,,false,false,,,C:W0O301:C21:.#3242|B:GLY147:N:.#2726,,not_estimated
8OTV:model1:C:A:301,NUDT14,8OTV,1,.,B,B,149,148,.,LEU,.,12.252561976990771,false,false,false,false,observed,,false,false,,,C:W0O301:C14:.#3232|B:LEU148:O:.#2733,,not_estimated
8OTV:model1:C:A:301,NUDT14,8OTV,1,.,B,B,150,149,.,THR,.,9.158841138484716,false,false,false,false,observed,,false,false,,,C:W0O301:O1:.#3250|B:THR149:CG2:.#2744,,not_estimated
8OTV:model1:C:A:301,NUDT14,8OTV,1,.,B,B,151,150,.,GLY,.,11.085338560459038,false,false,false,false,observed,,false,false,,,C:W0O301:O1:.#3250|B:GLY150:C:.#2747,,not_estimated
8OTV:model1:C:A:301,NUDT14,8OTV,1,.,B,B,152,151,.,SER,.,7.358345534153721,false,false,false,false,observed,,false,false,,,C:W0O301:O1:.#3250|B:SER151:OG:.#2754,,not_estimated
8OTV:model1:C:A:301,NUDT14,8OTV,1,.,B,B,153,152,.,ARG,.,8.159111287389086,false,false,false,false,observed,,false,false,,,C:W0O301:C18:.#3236|B:ARG152:O:.#2758,,not_estimated
8OTV:model1:C:A:301,NUDT14,8OTV,1,.,B,B,154,153,.,GLN,.,3.870034883563713,false,true,true,true,observed,,false,false,,,C:W0O301:C19:.#3237|B:GLN153:NE2:.#2774,,not_estimated
8OTV:model1:C:A:301,NUDT14,8OTV,1,.,B,B,155,154,.,THR,.,8.801604171967744,false,false,false,false,observed,,false,false,,,C:W0O301:C19:.#3237|B:THR154:O:.#2778,,not_estimated
8OTV:model1:C:A:301,NUDT14,8OTV,1,.,B,B,156,155,.,MET,.,10.234156242700227,false,false,false,false,observed,,false,false,,,C:W0O301:C19:.#3237|B:MET155:N:.#2782,,not_estimated
8OTV:model1:C:A:301,NUDT14,8OTV,1,.,B,B,157,156,.,PHE,.,11.496296360132682,false,false,false,false,observed,,false,false,,,C:W0O301:C19:.#3237|B:PHE156:N:.#2790,,not_estimated
8OTV:model1:C:A:301,NUDT14,8OTV,1,.,B,B,158,157,.,TYR,.,14.502018376763973,false,false,false,false,observed,,false,false,,,C:W0O301:C19:.#3237|B:TYR157:N:.#2801,,not_estimated
8OTV:model1:C:A:301,NUDT14,8OTV,1,.,B,B,159,158,.,THR,.,16.600186535096523,false,false,false,false,observed,,false,false,,,C:W0O301:C19:.#3237|B:THR158:N:.#2813,,not_estimated
8OTV:model1:C:A:301,NUDT14,8OTV,1,.,B,B,160,159,.,GLU,.,19.767977488858087,false,false,false,false,observed,,false,false,,,C:W0O301:C19:.#3237|B:GLU159:N:.#2820,,not_estimated
8OTV:model1:C:A:301,NUDT14,8OTV,1,.,B,B,161,160,.,VAL,.,19.16518314548546,false,false,false,false,observed,,false,false,,,C:W0O301:C19:.#3237|B:VAL160:CG1:.#2834,,not_estimated
8OTV:model1:C:A:301,NUDT14,8OTV,1,.,B,B,162,161,.,THR,.,23.212454437219687,false,false,false,false,observed,,false,false,,,C:W0O301:C19:.#3237|B:THR161:N:.#2836,,not_estimated
8OTV:model1:C:A:301,NUDT14,8OTV,1,.,B,B,163,162,.,ASP,.,24.502377741762125,false,false,false,false,observed,,false,false,,,C:W0O301:C19:.#3237|B:ASP162:OD1:.#2849,,not_estimated
8OTV:model1:C:A:301,NUDT14,8OTV,1,.,B,B,164,163,.,ALA,.,25.324351679756777,false,false,false,false,observed,,false,false,,,C:W0O301:C18:.#3236|B:ALA163:C:.#2853,,not_estimated
8OTV:model1:C:A:301,NUDT14,8OTV,1,.,B,B,165,164,.,GLN,.,21.132365461537898,false,false,false,false,observed,,false,false,,,C:W0O301:C18:.#3236|B:GLN164:O:.#2859,,not_estimated
8OTV:model1:C:A:301,NUDT14,8OTV,1,.,B,B,166,165,.,ARG,.,20.890048683523933,false,false,false,false,observed,,false,false,,,C:W0O301:C19:.#3237|B:ARG165:NH2:.#2875,,not_estimated
8OTV:model1:C:A:301,NUDT14,8OTV,1,.,B,B,167,166,.,SER,.,18.295931269000764,false,false,false,false,observed,,false,false,,,C:W0O301:C1:.#3221|B:SER166:OG:.#2881,,not_estimated
8OTV:model1:C:A:301,NUDT14,8OTV,1,.,B,B,168,167,.,GLY,.,19.733624122294415,false,false,false,false,observed,,false,false,,,C:W0O301:C1:.#3221|B:GLY167:O:.#2885,,not_estimated
8OTV:model1:C:A:301,NUDT14,8OTV,1,.,B,B,169,168,.,PRO,.,19.634012198223775,false,false,false,false,observed,,false,false,,,C:W0O301:C1:.#3221|B:PRO168:O:.#2889,,not_estimated
8OTV:model1:C:A:301,NUDT14,8OTV,1,.,B,B,170,?,.,GLY,.,,,,,,refused,unobserved_residue,false,false,whole_residue,,,,not_estimated
8OTV:model1:C:A:301,NUDT14,8OTV,1,.,B,B,171,?,.,GLY,.,,,,,,refused,unobserved_residue,false,false,whole_residue,,,,not_estimated
8OTV:model1:C:A:301,NUDT14,8OTV,1,.,B,B,172,?,.,GLY,.,,,,,,refused,unobserved_residue,false,false,whole_residue,,,,not_estimated
8OTV:model1:C:A:301,NUDT14,8OTV,1,.,B,B,173,?,.,LEU,.,,,,,,refused,unobserved_residue,false,false,whole_residue,,,,not_estimated
8OTV:model1:C:A:301,NUDT14,8OTV,1,.,B,B,174,?,.,VAL,.,,,,,,refused,unobserved_residue,false,false,whole_residue,,,,not_estimated
8OTV:model1:C:A:301,NUDT14,8OTV,1,.,B,B,175,?,.,GLU,.,,,,,,refused,unobserved_residue,false,false,whole_residue,,,,not_estimated
8OTV:model1:C:A:301,NUDT14,8OTV,1,.,B,B,176,?,.,GLU,.,,,,,,refused,unobserved_residue,false,false,whole_residue,,,,not_estimated
8OTV:model1:C:A:301,NUDT14,8OTV,1,.,B,B,177,?,.,GLY,.,,,,,,refused,unobserved_residue,false,false,whole_residue,,,,not_estimated
8OTV:model1:C:A:301,NUDT14,8OTV,1,.,B,B,178,?,.,GLU,.,,,,,,refused,unobserved_residue,false,false,whole_residue,,,,not_estimated
8OTV:model1:C:A:301,NUDT14,8OTV,1,.,B,B,179,178,.,LEU,.,8.630448539907992,false,false,false,false,observed,,false,false,,,C:W0O301:C4:.#3224|B:LEU178:N:.#2893,,not_estimated
8OTV:model1:C:A:301,NUDT14,8OTV,1,.,B,B,180,179,.,ILE,.,8.860325106902117,false,false,false,false,observed,,false,false,,,C:W0O301:N1:.#3245|B:ILE179:CD1:.#2908,,not_estimated
8OTV:model1:C:A:301,NUDT14,8OTV,1,.,B,B,181,180,.,GLU,.,13.709794382119668,false,false,false,false,observed,,false,false,,,C:W0O301:N1:.#3245|B:GLU180:N:.#2909,,not_estimated
8OTV:model1:C:A:301,NUDT14,8OTV,1,.,B,B,182,181,.,VAL,.,15.532385425297685,false,false,false,false,observed,,false,false,,,C:W0O301:C19:.#3237|B:VAL181:CA:.#2919,,not_estimated
8OTV:model1:C:A:301,NUDT14,8OTV,1,.,B,B,183,182,.,VAL,.,15.703124848258705,false,false,false,false,observed,,false,false,,,C:W0O301:C19:.#3237|B:VAL182:N:.#2925,,not_estimated
8OTV:model1:C:A:301,NUDT14,8OTV,1,.,B,B,184,183,.,HIS,.,18.251029286043018,false,false,false,false,observed,,false,false,,,C:W0O301:C19:.#3237|B:HIS183:N:.#2932,,not_estimated
8OTV:model1:C:A:301,NUDT14,8OTV,1,.,B,B,185,184,.,LEU,.,17.76065936276016,false,false,false,false,observed,,false,false,,,C:W0O301:C19:.#3237|B:LEU184:CD2:.#2949,,not_estimated
8OTV:model1:C:A:301,NUDT14,8OTV,1,.,B,B,186,185,.,PRO,.,21.799195329185892,false,false,false,false,observed,,false,false,,,C:W0O301:C19:.#3237|B:PRO185:N:.#2950,,not_estimated
8OTV:model1:C:A:301,NUDT14,8OTV,1,.,B,B,187,186,.,LEU,.,21.76081186445028,false,false,false,false,observed,,false,false,,,C:W0O301:C19:.#3237|B:LEU186:CD2:.#2964,,not_estimated
8OTV:model1:C:A:301,NUDT14,8OTV,1,.,B,B,188,187,.,GLU,.,25.19867990589983,false,false,false,false,observed,,false,false,,,C:W0O301:C19:.#3237|B:GLU187:N:.#2965,,not_estimated
8OTV:model1:C:A:301,NUDT14,8OTV,1,.,B,B,189,188,.,GLY,.,22.453686245247127,false,false,false,false,observed,,false,false,,,C:W0O301:C19:.#3237|B:GLY188:O:.#2977,,not_estimated
8OTV:model1:C:A:301,NUDT14,8OTV,1,.,B,B,190,189,.,ALA,.,19.8527628555826,false,false,false,false,observed,,false,false,,,C:W0O301:C19:.#3237|B:ALA189:O:.#2981,,not_estimated
8OTV:model1:C:A:301,NUDT14,8OTV,1,.,B,B,191,190,.,GLN,.,20.79652742647195,false,false,false,false,observed,,false,false,,,C:W0O301:C20:.#3238|B:GLN190:NE2:.#2991,,not_estimated
8OTV:model1:C:A:301,NUDT14,8OTV,1,.,B,B,192,191,.,ALA,.,21.77315062180942,false,false,false,false,observed,,false,false,,,C:W0O301:C20:.#3238|B:ALA191:O:.#2995,,not_estimated
8OTV:model1:C:A:301,NUDT14,8OTV,1,.,B,B,193,192,.,PHE,.,16.119328584032278,false,false,false,false,observed,,false,false,,,C:W0O301:C19:.#3237|B:PHE192:CE1:.#3005,,not_estimated
8OTV:model1:C:A:301,NUDT14,8OTV,1,.,B,B,194,193,.,ALA,.,17.645060895332723,false,false,false,false,observed,,false,false,,,C:W0O301:C20:.#3238|B:ALA193:O:.#3011,,not_estimated
8OTV:model1:C:A:301,NUDT14,8OTV,1,.,B,B,195,194,.,ASP,.,19.691754467289094,false,false,false,false,observed,,false,false,,,C:W0O301:C20:.#3238|B:ASP194:N:.#3013,,not_estimated
8OTV:model1:C:A:301,NUDT14,8OTV,1,.,B,B,196,195,.,ASP,.,18.594132730514755,false,false,false,false,observed,,false,false,,,C:W0O301:C20:.#3238|B:ASP195:O:.#3024,,not_estimated
8OTV:model1:C:A:301,NUDT14,8OTV,1,.,B,B,197,196,.,PRO,.,18.819419491578376,false,false,false,false,observed,,false,false,,,C:W0O301:C20:.#3238|B:PRO196:O:.#3032,,not_estimated
8OTV:model1:C:A:301,NUDT14,8OTV,1,.,B,B,198,197,.,ASP,.,19.13731901286071,false,false,false,false,observed,,false,false,,,C:W0O301:C20:.#3238|B:ASP197:O:.#3039,,not_estimated
8OTV:model1:C:A:301,NUDT14,8OTV,1,.,B,B,199,198,.,ILE,.,15.59190758053677,false,false,false,false,observed,,false,false,,,C:W0O301:C20:.#3238|B:ILE198:O:.#3047,,not_estimated
8OTV:model1:C:A:301,NUDT14,8OTV,1,.,B,B,200,199,.,PRO,.,12.540043420977458,false,false,false,false,observed,,false,false,,,C:W0O301:C20:.#3238|B:PRO199:O:.#3055,,not_estimated
8OTV:model1:C:A:301,NUDT14,8OTV,1,.,B,B,201,200,.,LYS,.,10.874073615715503,false,false,false,false,observed,,false,false,,,C:W0O301:C20:.#3238|B:LYS200:C:.#3061,,not_estimated
8OTV:model1:C:A:301,NUDT14,8OTV,1,.,B,B,202,201,.,THR,.,7.088550839205428,false,false,false,false,observed,,false,false,,,C:W0O301:C20:.#3238|B:THR201:CG2:.#3074,,not_estimated
8OTV:model1:C:A:301,NUDT14,8OTV,1,.,B,B,203,202,.,LEU,.,9.890240745300389,false,false,false,false,observed,,false,false,,,C:W0O301:C20:.#3238|B:LEU202:N:.#3075,,not_estimated
8OTV:model1:C:A:301,NUDT14,8OTV,1,.,B,B,204,203,.,GLY,.,9.350444267520128,false,false,false,false,observed,,false,false,,,C:W0O301:C20:.#3238|B:GLY203:N:.#3083,,not_estimated
8OTV:model1:C:A:301,NUDT14,8OTV,1,.,B,B,205,204,.,VAL,.,10.437248152650199,false,false,false,false,observed,,false,false,,,C:W0O301:C19:.#3237|B:VAL204:N:.#3087,,not_estimated
8OTV:model1:C:A:301,NUDT14,8OTV,1,.,B,B,206,205,.,ILE,.,13.04036510225078,false,false,false,false,observed,,false,false,,,C:W0O301:C20:.#3238|B:ILE205:N:.#3094,,not_estimated
8OTV:model1:C:A:301,NUDT14,8OTV,1,.,B,B,207,206,.,PHE,.,13.522285901429536,false,false,false,false,observed,,false,false,,,C:W0O301:C19:.#3237|B:PHE206:CD2:.#3109,,not_estimated
8OTV:model1:C:A:301,NUDT14,8OTV,1,.,B,B,208,207,.,GLY,.,13.656207782543438,false,false,false,false,observed,,false,false,,,C:W0O301:C19:.#3237|B:GLY207:N:.#3113,,not_estimated
8OTV:model1:C:A:301,NUDT14,8OTV,1,.,B,B,209,208,.,VAL,.,15.452728852859615,false,false,false,false,observed,,false,false,,,C:W0O301:C19:.#3237|B:VAL208:N:.#3117,,not_estimated
8OTV:model1:C:A:301,NUDT14,8OTV,1,.,B,B,210,209,.,SER,.,17.795917593650515,false,false,false,false,observed,,false,false,,,C:W0O301:C19:.#3237|B:SER209:N:.#3124,,not_estimated
8OTV:model1:C:A:301,NUDT14,8OTV,1,.,B,B,211,210,.,TRP,.,17.214829188812768,false,false,false,false,observed,,false,false,,,C:W0O301:C19:.#3237|B:TRP210:CE3:.#3140,,not_estimated
8OTV:model1:C:A:301,NUDT14,8OTV,1,.,B,B,212,211,.,PHE,.,18.68250855747161,false,false,false,false,observed,,false,false,,,C:W0O301:C19:.#3237|B:PHE211:N:.#3144,,not_estimated
8OTV:model1:C:A:301,NUDT14,8OTV,1,.,B,B,213,212,.,LEU,.,20.99436510114083,false,false,false,false,observed,,false,false,,,C:W0O301:C19:.#3237|B:LEU212:N:.#3155,,not_estimated
8OTV:model1:C:A:301,NUDT14,8OTV,1,.,B,B,214,213,.,SER,.,22.678915075461614,false,false,false,false,observed,,false,false,,,C:W0O301:C19:.#3237|B:SER213:OG:.#3168,,not_estimated
8OTV:model1:C:A:301,NUDT14,8OTV,1,.,B,B,215,214,.,GLN,.,21.894692073651093,false,false,false,false,observed,,false,false,,,C:W0O301:C19:.#3237|B:GLN214:CG:.#3174,,not_estimated
8OTV:model1:C:A:301,NUDT14,8OTV,1,.,B,B,216,215,.,VAL,.,21.228775188408772,false,false,false,false,observed,,false,false,,,C:W0O301:C19:.#3237|B:VAL215:CG2:.#3184,,not_estimated
8OTV:model1:C:A:301,NUDT14,8OTV,1,.,B,B,217,216,.,ALA,.,24.09342875142515,false,false,false,false,observed,,false,false,,,C:W0O301:C19:.#3237|B:ALA216:N:.#3185,,not_estimated
8OTV:model1:C:A:301,NUDT14,8OTV,1,.,B,B,218,217,.,PRO,.,26.13936674825922,false,false,false,false,observed,,false,false,,,C:W0O301:C19:.#3237|B:PRO217:CD:.#3196,,not_estimated
8OTV:model1:C:A:301,NUDT14,8OTV,1,.,B,B,219,218,.,ASN,.,27.961200170951173,false,false,false,false,observed,,false,false,,,C:W0O301:C19:.#3237|B:ASN218:ND2:.#3204,,not_estimated
8OTV:model1:C:A:301,NUDT14,8OTV,1,.,B,B,220,219,.,LEU,.,25.717864919156877,false,false,false,false,observed,,false,false,,,C:W0O301:C19:.#3237|B:LEU219:CD1:.#3211,,not_estimated
8OTV:model1:C:A:301,NUDT14,8OTV,1,.,B,B,221,220,.,ASP,.,30.982555043120634,false,false,false,false,observed,,false,false,,,C:W0O301:C19:.#3237|B:ASP220:OD1:.#3219,,not_estimated
8OTV:model1:C:A:301,NUDT14,8OTV,1,.,B,B,222,?,.,LEU,.,,,,,,refused,unobserved_residue,false,false,whole_residue,,,,not_estimated
8OTV:model1:C:A:301,NUDT14,8OTV,1,.,B,B,223,?,.,GLN,.,,,,,,refused,unobserved_residue,false,false,whole_residue,,,,not_estimated
8OTV:model1:F:B:302,NUDT14,8OTV,1,.,A,A,1,0,.,SER,.,14.517452186936938,false,false,false,false,observed,,false,false,,,F:W0O302:C4:.#3259|A:SER0:O:.#4,,not_estimated
8OTV:model1:F:B:302,NUDT14,8OTV,1,.,A,A,2,1,.,MET,.,12.38779992573338,false,false,false,false,observed,,false,false,,,F:W0O302:C4:.#3259|A:MET1:CB:.#11,,not_estimated
8OTV:model1:F:B:302,NUDT14,8OTV,1,.,A,A,3,2,.,GLU,.,14.830516713857277,false,false,false,false,observed,,false,false,,,F:W0O302:C4:.#3259|A:GLU2:N:.#15,,not_estimated
8OTV:model1:F:B:302,NUDT14,8OTV,1,.,A,A,4,3,.,ARG,.,14.54115834450612,false,false,false,false,partial_observed,,false,false,CD:?:flag1;CG:?:flag1;CZ:?:flag1;NE:?:flag1;NH1:?:flag1;NH2:?:flag1,,F:W0O302:C4:.#3259|A:ARG3:O:.#27,,not_estimated
8OTV:model1:F:B:302,NUDT14,8OTV,1,.,A,A,5,4,.,ILE,.,12.219461403842642,false,false,false,false,observed,,false,false,,,F:W0O302:C5:.#3278|A:ILE4:CD1:.#36,,not_estimated
8OTV:model1:F:B:302,NUDT14,8OTV,1,.,A,A,6,5,.,GLU,.,15.235554338454511,false,false,false,false,observed,,false,false,,,F:W0O302:C8:.#3262|A:GLU5:O:.#40,,not_estimated
8OTV:model1:F:B:302,NUDT14,8OTV,1,.,A,A,7,6,.,GLY,.,15.0398088418703,false,false,false,false,observed,,false,false,,,F:W0O302:C8:.#3262|A:GLY6:O:.#49,,not_estimated
8OTV:model1:F:B:302,NUDT14,8OTV,1,.,A,A,8,7,.,ALA,.,14.443635622654016,false,false,false,false,observed,,false,false,,,F:W0O302:C8:.#3262|A:ALA7:CA:.#51,,not_estimated
8OTV:model1:F:B:302,NUDT14,8OTV,1,.,A,A,9,8,.,SER,.,11.987262948646784,false,false,false,false,observed,,false,false,,,F:W0O302:N4:.#3283|A:SER8:O:.#58,,not_estimated
8OTV:model1:F:B:302,NUDT14,8OTV,1,.,A,A,10,9,.,VAL,.,12.114163858888485,false,false,false,false,observed,,false,false,,,F:W0O302:N4:.#3283|A:VAL9:CG2:.#67,,not_estimated
8OTV:model1:F:B:302,NUDT14,8OTV,1,.,A,A,11,10,.,GLY,.,11.367251602740215,false,false,false,false,observed,,false,false,,,F:W0O302:N4:.#3283|A:GLY10:O:.#71,,not_estimated
8OTV:model1:F:B:302,NUDT14,8OTV,1,.,A,A,12,11,.,ARG,.,11.479930095605983,false,false,false,false,observed,,false,false,,,F:W0O302:N4:.#3283|A:ARG11:O:.#75,,not_estimated
8OTV:model1:F:B:302,NUDT14,8OTV,1,.,A,A,13,12,.,CYS,.,7.6982804573489,false,false,false,false,observed,,false,false,,,F:W0O302:N4:.#3283|A:CYS12:SG:.#88,,not_estimated
8OTV:model1:F:B:302,NUDT14,8OTV,1,.,A,A,14,13,.,ALA,.,10.914089655120117,false,false,false,false,observed,,false,false,,,F:W0O302:N4:.#3283|A:ALA13:O:.#92,,not_estimated
8OTV:model1:F:B:302,NUDT14,8OTV,1,.,A,A,15,14,.,ALA,.,9.014608865613635,false,false,false,false,observed,,false,false,,,F:W0O302:N4:.#3283|A:ALA14:O:.#97,,not_estimated
8OTV:model1:F:B:302,NUDT14,8OTV,1,.,A,A,16,15,.,SER,.,5.364770265351536,false,false,false,false,observed,,false,false,,,F:W0O302:N4:.#3283|A:SER15:OG:.#104,,not_estimated
8OTV:model1:F:B:302,NUDT14,8OTV,1,.,A,A,17,16,.,PRO,.,6.711628192920106,false,false,false,false,observed,,false,false,,,F:W0O302:C8:.#3262|A:PRO16:CD:.#111,,not_estimated
8OTV:model1:F:B:302,NUDT14,8OTV,1,.,A,A,18,17,.,TYR,.,3.451092290855172,true,true,true,true,observed,,false,false,,,F:W0O302:N3:.#3282|A:TYR17:CE2:.#121,,not_estimated
8OTV:model1:F:B:302,NUDT14,8OTV,1,.,A,A,19,18,.,LEU,.,5.538439581687247,false,false,false,false,observed,,false,false,,,F:W0O302:N5:.#3284|A:LEU18:CD2:.#131,,not_estimated
8OTV:model1:F:B:302,NUDT14,8OTV,1,.,A,A,20,19,.,ARG,.,9.423253419069235,false,false,false,false,observed,,false,false,,,F:W0O302:N5:.#3284|A:ARG19:N:.#132,,not_estimated
8OTV:model1:F:B:302,NUDT14,8OTV,1,.,A,A,21,20,.,PRO,.,11.576380522425826,false,false,false,false,observed,,false,false,,,F:W0O302:N5:.#3284|A:PRO20:CD:.#149,,not_estimated
8OTV:model1:F:B:302,NUDT14,8OTV,1,.,A,A,22,21,.,LEU,.,15.121129653567552,false,false,false,false,observed,,false,false,,,F:W0O302:C14:.#3267|A:LEU21:N:.#150,,not_estimated
8OTV:model1:F:B:302,NUDT14,8OTV,1,.,A,A,23,22,.,THR,.,18.544971528692084,false,false,false,false,observed,,false,false,,,F:W0O302:C14:.#3267|A:THR22:N:.#158,,not_estimated
8OTV:model1:F:B:302,NUDT14,8OTV,1,.,A,A,24,23,.,LEU,.,20.53423743410015,false,false,false,false,observed,,false,false,,,F:W0O302:C14:.#3267|A:LEU23:N:.#165,,not_estimated
8OTV:model1:F:B:302,NUDT14,8OTV,1,.,A,A,25,24,.,HIS,.,23.87890677983395,false,false,false,false,observed,,false,false,,,F:W0O302:C14:.#3267|A:HIS24:N:.#173,,not_estimated
8OTV:model1:F:B:302,NUDT14,8OTV,1,.,A,A,26,25,.,TYR,.,24.45065414257868,false,false,false,false,observed,,false,false,,,F:W0O302:O1:.#3285|A:TYR25:CE1:.#191,,not_estimated
8OTV:model1:F:B:302,NUDT14,8OTV,1,.,A,A,27,26,.,ARG,.,29.581592840819106,false,false,false,false,observed,,false,false,,,F:W0O302:O1:.#3285|A:ARG26:N:.#195,,not_estimated
8OTV:model1:F:B:302,NUDT14,8OTV,1,.,A,A,28,27,.,GLN,.,28.181967355030416,false,false,false,false,observed,,false,false,,,F:W0O302:O1:.#3285|A:GLN27:OE1:.#213,,not_estimated
8OTV:model1:F:B:302,NUDT14,8OTV,1,.,A,A,29,28,.,ASN,.,32.803116757405846,false,false,false,false,observed,,false,false,,,F:W0O302:O1:.#3285|A:ASN28:N:.#215,,not_estimated
8OTV:model1:F:B:302,NUDT14,8OTV,1,.,A,A,30,29,.,GLY,.,34.843873406956355,false,false,false,false,observed,,false,false,,,F:W0O302:O1:.#3285|A:GLY29:N:.#223,,not_estimated
8OTV:model1:F:B:302,NUDT14,8OTV,1,.,A,A,31,30,.,ALA,.,31.61227916490679,false,false,false,false,observed,,false,false,,,F:W0O302:O1:.#3285|A:ALA30:O:.#230,,not_estimated
8OTV:model1:F:B:302,NUDT14,8OTV,1,.,A,A,32,31,.,GLN,.,29.415791354304922,false,false,false,false,observed,,false,false,,,F:W0O302:C14:.#3267|A:GLN31:NE2:.#240,,not_estimated
8OTV:model1:F:B:302,NUDT14,8OTV,1,.,A,A,33,32,.,LYS,.,26.922122223182924,false,false,false,false,observed,,false,false,,,F:W0O302:C14:.#3267|A:LYS32:O:.#244,,not_estimated
8OTV:model1:F:B:302,NUDT14,8OTV,1,.,A,A,34,33,.,SER,.,23.610978929303208,false,false,false,false,observed,,false,false,,,F:W0O302:C14:.#3267|A:SER33:C:.#252,,not_estimated
8OTV:model1:F:B:302,NUDT14,8OTV,1,.,A,A,35,34,.,TRP,.,18.36627694988835,false,false,false,false,observed,,false,false,,,F:W0O302:O1:.#3285|A:TRP34:NE1:.#264,,not_estimated
8OTV:model1:F:B:302,NUDT14,8OTV,1,.,A,A,36,35,.,ASP,.,16.827952549255656,false,false,false,false,observed,,false,false,,,F:W0O302:C14:.#3267|A:ASP35:O:.#273,,not_estimated
8OTV:model1:F:B:302,NUDT14,8OTV,1,.,A,A,37,36,.,PHE,.,13.706064460668497,false,false,false,false,observed,,false,false,,,F:W0O302:C14:.#3267|A:PHE36:C:.#280,,not_estimated
8OTV:model1:F:B:302,NUDT14,8OTV,1,.,A,A,38,37,.,MET,.,8.791976398967412,false,false,false,false,observed,,false,false,,,F:W0O302:C14:.#3267|A:MET37:CE:.#296,,not_estimated
8OTV:model1:F:B:302,NUDT14,8OTV,1,.,A,A,39,38,.,LYS,.,8.96474712415247,false,false,false,false,observed,,false,false,,,F:W0O302:C14:.#3267|A:LYS38:O:.#300,,not_estimated
8OTV:model1:F:B:302,NUDT14,8OTV,1,.,A,A,40,39,.,THR,.,7.355065533358626,false,false,false,false,observed,,false,false,,,F:W0O302:O1:.#3285|A:THR39:CB:.#310,,not_estimated
8OTV:model1:F:B:302,NUDT14,8OTV,1,.,A,A,41,40,.,HIS,.,7.479894985893853,false,false,false,false,observed,,false,false,,,F:W0O302:O1:.#3285|A:HIS40:O:.#316,,not_estimated
8OTV:model1:F:B:302,NUDT14,8OTV,1,.,A,A,42,41,.,ASP,.,7.370616324297447,false,false,false,false,observed,,false,false,,,F:W0O302:C17:.#3270|A:ASP41:O:.#326,,not_estimated
8OTV:model1:F:B:302,NUDT14,8OTV,1,.,A,A,43,42,.,SER,.,5.735089362860878,false,false,false,false,observed,,false,false,,,F:W0O302:C18:.#3271|A:SER42:CB:.#335,,not_estimated
8OTV:model1:F:B:302,NUDT14,8OTV,1,.,A,A,44,43,.,VAL,.,6.360275229893751,false,false,false,false,observed,,false,false,,,F:W0O302:C19:.#3272|A:VAL43:O:.#340,,not_estimated
8OTV:model1:F:B:302,NUDT14,8OTV,1,.,A,A,45,44,.,THR,.,6.624073973016909,false,false,false,false,observed,,false,false,,,F:W0O302:C19:.#3272|A:THR44:CG2:.#350,,not_estimated
8OTV:model1:F:B:302,NUDT14,8OTV,1,.,A,A,46,45,.,VAL,.,9.723041550872855,false,false,false,false,observed,,false,false,,,F:W0O302:C19:.#3272|A:VAL45:N:.#351,,not_estimated
8OTV:model1:F:B:302,NUDT14,8OTV,1,.,A,A,47,46,.,LEU,.,12.663723504562157,false,false,false,false,observed,,false,false,,,F:W0O302:C19:.#3272|A:LEU46:N:.#358,,not_estimated
8OTV:model1:F:B:302,NUDT14,8OTV,1,.,A,A,48,47,.,LEU,.,13.628075799613091,false,false,false,false,observed,,false,false,,,F:W0O302:C19:.#3272|A:LEU47:CD1:.#372,,not_estimated
8OTV:model1:F:B:302,NUDT14,8OTV,1,.,A,A,49,48,.,PHE,.,18.404918473060402,false,false,false,false,observed,,false,false,,,F:W0O302:C19:.#3272|A:PHE48:N:.#374,,not_estimated
8OTV:model1:F:B:302,NUDT14,8OTV,1,.,A,A,50,49,.,ASN,.,20.699352381173668,false,false,false,false,observed,,false,false,,,F:W0O302:C19:.#3272|A:ASN49:N:.#385,,not_estimated
8OTV:model1:F:B:302,NUDT14,8OTV,1,.,A,A,51,50,.,SER,.,23.851475530876492,false,false,false,false,observed,,false,false,,,F:W0O302:C19:.#3272|A:SER50:N:.#393,,not_estimated
8OTV:model1:F:B:302,NUDT14,8OTV,1,.,A,A,52,51,.,SER,.,25.99186182250129,false,false,false,false,observed,,false,false,,,F:W0O302:C19:.#3272|A:SER51:N:.#399,,not_estimated
8OTV:model1:F:B:302,NUDT14,8OTV,1,.,A,A,53,52,.,ARG,.,22.879142597571263,false,false,false,false,observed,,false,false,,,F:W0O302:C19:.#3272|A:ARG52:NH2:.#415,,not_estimated
8OTV:model1:F:B:302,NUDT14,8OTV,1,.,A,A,54,53,.,ARG,.,24.03468071350231,false,false,false,false,observed,,false,false,,,F:W0O302:C19:.#3272|A:ARG53:C:.#418,,not_estimated
8OTV:model1:F:B:302,NUDT14,8OTV,1,.,A,A,55,54,.,SER,.,20.258042847224903,false,false,false,false,observed,,false,false,,,F:W0O302:C19:.#3272|A:SER54:O:.#430,,not_estimated
8OTV:model1:F:B:302,NUDT14,8OTV,1,.,A,A,56,55,.,LEU,.,17.295353451144038,false,false,false,false,observed,,false,false,,,F:W0O302:C19:.#3272|A:LEU55:C:.#435,,not_estimated
8OTV:model1:F:B:302,NUDT14,8OTV,1,.,A,A,57,56,.,VAL,.,13.435175808302624,false,false,false,false,observed,,false,false,,,F:W0O302:C19:.#3272|A:VAL56:O:.#444,,not_estimated
8OTV:model1:F:B:302,NUDT14,8OTV,1,.,A,A,58,57,.,LEU,.,12.255922078734018,false,false,false,false,observed,,false,false,,,F:W0O302:C19:.#3272|A:LEU57:C:.#450,,not_estimated
8OTV:model1:F:B:302,NUDT14,8OTV,1,.,A,A,59,58,.,VAL,.,8.456260521057755,false,false,false,false,observed,,false,false,,,F:W0O302:C19:.#3272|A:VAL58:CG2:.#462,,not_estimated
8OTV:model1:F:B:302,NUDT14,8OTV,1,.,A,A,60,59,.,LYS,.,11.487278702982705,false,false,false,false,observed,,false,false,,,F:W0O302:C19:.#3272|A:LYS59:C:.#465,,not_estimated
8OTV:model1:F:B:302,NUDT14,8OTV,1,.,A,A,61,60,.,GLN,.,6.763218242819021,false,false,false,false,observed,,false,false,,,F:W0O302:C19:.#3272|A:GLN60:NE2:.#480,,not_estimated
8OTV:model1:F:B:302,NUDT14,8OTV,1,.,A,A,62,61,.,PHE,.,8.44402190901942,false,false,false,false,observed,,false,false,,,F:W0O302:C23:.#3275|A:PHE61:O:.#484,,not_estimated
8OTV:model1:F:B:302,NUDT14,8OTV,1,.,A,A,63,62,.,ARG,.,3.654682202326215,false,true,true,true,observed,,false,false,,,F:W0O302:C20:.#3273|A:ARG62:NH2:.#502,,not_estimated
8OTV:model1:F:B:302,NUDT14,8OTV,1,.,A,A,64,63,.,PRO,.,7.312428119304833,false,false,false,false,observed,,false,false,,,F:W0O302:N4:.#3283|A:PRO63:CG:.#508,,not_estimated
8OTV:model1:F:B:302,NUDT14,8OTV,1,.,A,A,65,64,.,ALA,.,7.520041688714231,false,false,false,false,observed,,false,false,,,F:W0O302:N5:.#3284|A:ALA64:CB:.#514,,not_estimated
8OTV:model1:F:B:302,NUDT14,8OTV,1,.,A,A,66,65,.,VAL,.,9.592230032687915,false,false,false,false,observed,,false,false,,,F:W0O302:C21:.#3277|A:VAL65:CG2:.#521,,not_estimated
8OTV:model1:F:B:302,NUDT14,8OTV,1,.,A,A,67,66,.,TYR,.,12.079382889866519,false,false,false,false,observed,,false,false,,,F:W0O302:N5:.#3284|A:TYR66:N:.#522,,not_estimated
8OTV:model1:F:B:302,NUDT14,8OTV,1,.,A,A,68,67,.,ALA,.,11.776328842215644,false,false,false,false,observed,,false,false,,,F:W0O302:N5:.#3284|A:ALA67:CB:.#538,,not_estimated
8OTV:model1:F:B:302,NUDT14,8OTV,1,.,A,A,69,68,.,GLY,.,13.396626739593817,false,false,false,false,observed,,false,false,,,F:W0O302:N5:.#3284|A:GLY68:N:.#539,,not_estimated
8OTV:model1:F:B:302,NUDT14,8OTV,1,.,A,A,70,69,.,GLU,.,15.66832403290154,false,false,false,false,observed,,false,false,,,F:W0O302:N5:.#3284|A:GLU69:N:.#543,,not_estimated
8OTV:model1:F:B:302,NUDT14,8OTV,1,.,A,A,71,70,.,VAL,.,16.91056013265084,false,false,false,false,observed,,false,false,,,F:W0O302:N4:.#3283|A:VAL70:CG2:.#558,,not_estimated
8OTV:model1:F:B:302,NUDT14,8OTV,1,.,A,A,72,71,.,GLU,.,17.491712037419322,false,false,false,false,observed,,false,false,,,F:W0O302:N5:.#3284|A:GLU71:CB:.#563,,not_estimated
8OTV:model1:F:B:302,NUDT14,8OTV,1,.,A,A,73,72,.,ARG,.,16.778375249111576,false,false,false,false,observed,,false,false,,,F:W0O302:C21:.#3277|A:ARG72:NH2:.#578,,not_estimated
8OTV:model1:F:B:302,NUDT14,8OTV,1,.,A,A,74,73,.,ARG,.,21.473442085515774,false,false,false,false,observed,,false,false,,,F:W0O302:N5:.#3284|A:ARG73:N:.#579,,not_estimated
8OTV:model1:F:B:302,NUDT14,8OTV,1,.,A,A,75,74,.,PHE,.,21.506333160257704,false,false,false,false,observed,,false,false,,,F:W0O302:N5:.#3284|A:PHE74:O:.#593,,not_estimated
8OTV:model1:F:B:302,NUDT14,8OTV,1,.,A,A,76,75,.,PRO,.,22.807817672894533,false,false,false,false,observed,,false,false,,,F:W0O302:N5:.#3284|A:PRO75:CA:.#602,,not_estimated
8OTV:model1:F:B:302,NUDT14,8OTV,1,.,A,A,77,76,.,GLY,.,21.015442940847098,false,false,false,false,observed,,false,false,,,F:W0O302:N4:.#3283|A:GLY76:O:.#611,,not_estimated
8OTV:model1:F:B:302,NUDT14,8OTV,1,.,A,A,78,77,.,SER,.,18.0041843469789,false,false,false,false,observed,,false,false,,,F:W0O302:N4:.#3283|A:SER77:O:.#615,,not_estimated
8OTV:model1:F:B:302,NUDT14,8OTV,1,.,A,A,79,78,.,LEU,.,14.273570611448282,false,false,false,false,observed,,false,false,,,F:W0O302:N5:.#3284|A:LEU78:CD1:.#624,,not_estimated
8OTV:model1:F:B:302,NUDT14,8OTV,1,.,A,A,80,79,.,ALA,.,18.872888146756974,false,false,false,false,observed,,false,false,,,F:W0O302:N5:.#3284|A:ALA79:N:.#626,,not_estimated
8OTV:model1:F:B:302,NUDT14,8OTV,1,.,A,A,81,80,.,ALA,.,19.536040054217743,false,false,false,false,observed,,false,false,,,F:W0O302:N4:.#3283|A:ALA80:C:.#633,,not_estimated
8OTV:model1:F:B:302,NUDT14,8OTV,1,.,A,A,82,81,.,VAL,.,15.37179683706495,false,false,false,false,observed,,false,false,,,F:W0O302:N4:.#3283|A:VAL81:CG1:.#641,,not_estimated
8OTV:model1:F:B:302,NUDT14,8OTV,1,.,A,A,83,82,.,ASP,.,17.612531930418182,false,false,false,false,observed,,false,false,,,F:W0O302:N4:.#3283|A:ASP82:N:.#643,,not_estimated
8OTV:model1:F:B:302,NUDT14,8OTV,1,.,A,A,84,?,.,GLN,.,,,,,,refused,unobserved_residue,false,false,whole_residue,,,,not_estimated
8OTV:model1:F:B:302,NUDT14,8OTV,1,.,A,A,85,?,.,ASP,.,,,,,,refused,unobserved_residue,false,false,whole_residue,,,,not_estimated
8OTV:model1:F:B:302,NUDT14,8OTV,1,.,A,A,86,?,.,GLY,.,,,,,,refused,unobserved_residue,false,false,whole_residue,,,,not_estimated
8OTV:model1:F:B:302,NUDT14,8OTV,1,.,A,A,87,86,.,PRO,.,15.780217647421724,false,false,false,false,observed,,false,false,,,F:W0O302:N4:.#3283|A:PRO86:CA:.#652,,not_estimated
8OTV:model1:F:B:302,NUDT14,8OTV,1,.,A,A,88,87,.,ARG,.,16.538296284684222,false,false,false,false,observed,,false,false,,,F:W0O302:N4:.#3283|A:ARG87:O:.#661,,not_estimated
8OTV:model1:F:B:302,NUDT14,8OTV,1,.,A,A,89,88,.,GLU,.,18.207101114675005,false,false,false,false,observed,,false,false,,,F:W0O302:C8:.#3262|A:GLU88:CA:.#670,,not_estimated
8OTV:model1:F:B:302,NUDT14,8OTV,1,.,A,A,90,89,.,LEU,.,15.284113582409676,false,false,false,false,observed,,false,false,,,F:W0O302:N4:.#3283|A:LEU89:CD1:.#684,,not_estimated
8OTV:model1:F:B:302,NUDT14,8OTV,1,.,A,A,91,90,.,GLN,.,20.79782798755678,false,false,false,false,partial_observed,,false,false,CD:?:flag1;CG:?:flag1;NE2:?:flag1;OE1:?:flag1,,F:W0O302:N4:.#3283|A:GLN90:N:.#686,,not_estimated
8OTV:model1:F:B:302,NUDT14,8OTV,1,.,A,A,92,91,.,PRO,.,20.81502356472363,false,false,false,false,observed,,false,false,,,F:W0O302:N4:.#3283|A:PRO91:O:.#694,,not_estimated
8OTV:model1:F:B:302,NUDT14,8OTV,1,.,A,A,93,92,.,ALA,.,19.348268475499296,false,false,false,false,observed,,false,false,,,F:W0O302:N4:.#3283|A:ALA92:CB:.#702,,not_estimated
8OTV:model1:F:B:302,NUDT14,8OTV,1,.,A,A,94,93,.,LEU,.,18.608465734713327,false,false,false,false,observed,,false,false,,,F:W0O302:N4:.#3283|A:LEU93:O:.#706,,not_estimated
8OTV:model1:F:B:302,NUDT14,8OTV,1,.,A,A,95,94,.,PRO,.,18.252408169882678,false,false,false,false,observed,,false,false,,,F:W0O302:N4:.#3283|A:PRO94:O:.#714,,not_estimated
8OTV:model1:F:B:302,NUDT14,8OTV,1,.,A,A,96,95,.,GLY,.,15.638666471282004,false,false,false,false,observed,,false,false,,,F:W0O302:C5:.#3278|A:GLY95:O:.#721,,not_estimated
8OTV:model1:F:B:302,NUDT14,8OTV,1,.,A,A,97,96,.,SER,.,16.730849141630557,false,false,false,false,observed,,false,false,,,F:W0O302:C20:.#3273|A:SER96:O:.#725,,not_estimated
8OTV:model1:F:B:302,NUDT14,8OTV,1,.,A,A,98,97,.,ALA,.,15.48506464306817,false,false,false,false,observed,,false,false,,,F:W0O302:C20:.#3273|A:ALA97:O:.#731,,not_estimated
8OTV:model1:F:B:302,NUDT14,8OTV,1,.,A,A,99,98,.,GLY,.,11.838597129727829,false,false,false,false,observed,,false,false,,,F:W0O302:C20:.#3273|A:GLY98:O:.#736,,not_estimated
8OTV:model1:F:B:302,NUDT14,8OTV,1,.,A,A,100,99,.,VAL,.,12.67049632019204,false,false,false,false,observed,,false,false,,,F:W0O302:C20:.#3273|A:VAL99:C:.#739,,not_estimated
8OTV:model1:F:B:302,NUDT14,8OTV,1,.,A,A,101,100,.,THR,.,8.657930699653354,false,false,false,false,observed,,false,false,,,F:W0O302:C20:.#3273|A:THR100:OG1:.#749,,not_estimated
8OTV:model1:F:B:302,NUDT14,8OTV,1,.,A,A,102,101,.,VAL,.,10.185814940396277,false,false,false,false,observed,,false,false,,,F:W0O302:C20:.#3273|A:VAL101:O:.#754,,not_estimated
8OTV:model1:F:B:302,NUDT14,8OTV,1,.,A,A,103,102,.,GLU,.,4.798625428182534,false,false,false,true,observed,,false,false,,,F:W0O302:C20:.#3273|A:GLU102:OE2:.#766,,not_estimated
8OTV:model1:F:B:302,NUDT14,8OTV,1,.,A,A,104,103,.,LEU,.,6.50615739127175,false,false,false,false,observed,,false,false,,,F:W0O302:C19:.#3272|A:LEU103:O:.#770,,not_estimated
8OTV:model1:F:B:302,NUDT14,8OTV,1,.,A,A,105,104,.,CYS,.,6.9292402180902934,false,false,false,false,observed,,false,false,,,F:W0O302:C19:.#3272|A:CYS104:C:.#777,,not_estimated
8OTV:model1:F:B:302,NUDT14,8OTV,1,.,A,A,106,105,.,ALA,.,4.143256448736911,false,false,true,true,observed,,false,false,,,F:W0O302:C19:.#3272|A:ALA105:CB:.#785,,not_estimated
8OTV:model1:F:B:302,NUDT14,8OTV,1,.,A,A,107,106,.,GLY,.,4.233467845631994,false,false,true,true,observed,,false,false,,,F:W0O302:C18:.#3271|A:GLY106:CA:.#787,,not_estimated
8OTV:model1:F:B:302,NUDT14,8OTV,1,.,A,A,108,107,.,LEU,.,3.7805418923746905,false,true,true,true,observed,,false,false,,,F:W0O302:C17:.#3270|A:LEU107:CG:.#795,,not_estimated
8OTV:model1:F:B:302,NUDT14,8OTV,1,.,A,A,109,108,.,VAL,.,7.685554436733891,false,false,false,false,observed,,false,false,,,F:W0O302:C17:.#3270|A:VAL108:N:.#798,,not_estimated
8OTV:model1:F:B:302,NUDT14,8OTV,1,.,A,A,110,109,.,ASP,.,7.811731818233394,false,false,false,false,observed,,false,false,,,F:W0O302:C17:.#3270|A:ASP109:OD2:.#812,,not_estimated
8OTV:model1:F:B:302,NUDT14,8OTV,1,.,A,A,111,110,.,GLN,.,11.93709571043141,false,false,false,false,partial_observed,,false,false,CD:?:flag1;CG:?:flag1;NE2:?:flag1;OE1:?:flag1,,F:W0O302:C17:.#3270|A:GLN110:N:.#813,,not_estimated
8OTV:model1:F:B:302,NUDT14,8OTV,1,.,A,A,112,111,.,PRO,.,15.254227119064408,false,false,false,false,observed,,false,false,,,F:W0O302:C17:.#3270|A:PRO111:N:.#818,,not_estimated
8OTV:model1:F:B:302,NUDT14,8OTV,1,.,A,A,113,112,.,GLY,.,17.980210287980505,false,false,false,false,observed,,false,false,,,F:W0O302:C17:.#3270|A:GLY112:N:.#825,,not_estimated
8OTV:model1:F:B:302,NUDT14,8OTV,1,.,A,A,114,113,.,LEU,.,14.266868086584386,false,false,false,false,observed,,false,false,,,F:W0O302:C18:.#3271|A:LEU113:CD1:.#835,,not_estimated
8OTV:model1:F:B:302,NUDT14,8OTV,1,.,A,A,115,114,.,SER,.,14.374458668068165,false,false,false,false,observed,,false,false,,,F:W0O302:C18:.#3271|A:SER114:O:.#840,,not_estimated
8OTV:model1:F:B:302,NUDT14,8OTV,1,.,A,A,116,115,.,LEU,.,12.72267475808448,false,false,false,false,observed,,false,false,,,F:W0O302:C18:.#3271|A:LEU115:CD2:.#850,,not_estimated
8OTV:model1:F:B:302,NUDT14,8OTV,1,.,A,A,117,116,.,GLU,.,14.479910531491553,false,false,false,false,observed,,false,false,,,F:W0O302:C18:.#3271|A:GLU116:O:.#854,,not_estimated
8OTV:model1:F:B:302,NUDT14,8OTV,1,.,A,A,118,117,.,GLU,.,13.58571065494919,false,false,false,false,observed,,false,false,,,F:W0O302:C18:.#3271|A:GLU117:O:.#863,,not_estimated
8OTV:model1:F:B:302,NUDT14,8OTV,1,.,A,A,119,118,.,VAL,.,9.349816950079825,false,false,false,false,observed,,false,false,,,F:W0O302:C18:.#3271|A:VAL118:CG1:.#874,,not_estimated
8OTV:model1:F:B:302,NUDT14,8OTV,1,.,A,A,120,119,.,ALA,.,11.150788940698321,false,false,false,false,observed,,false,false,,,F:W0O302:C18:.#3271|A:ALA119:CA:.#877,,not_estimated
8OTV:model1:F:B:302,NUDT14,8OTV,1,.,A,A,121,120,.,CYS,.,13.080035856219967,false,false,false,false,observed,,false,false,,,F:W0O302:C18:.#3271|A:CYS120:N:.#881,,not_estimated
8OTV:model1:F:B:302,NUDT14,8OTV,1,.,A,A,122,121,.,LYS,.,10.300515423996996,false,false,false,false,observed,,false,false,,,F:W0O302:C18:.#3271|A:LYS121:NZ:.#895,,not_estimated
8OTV:model1:F:B:302,NUDT14,8OTV,1,.,A,A,123,122,.,GLU,.,6.785655016282511,false,false,false,false,observed,,false,false,,,F:W0O302:C18:.#3271|A:GLU122:OE2:.#904,,not_estimated
8OTV:model1:F:B:302,NUDT14,8OTV,1,.,A,A,124,123,.,ALA,.,11.17088420851277,false,false,false,false,observed,,false,false,,,F:W0O302:C18:.#3271|A:ALA123:N:.#905,,not_estimated
8OTV:model1:F:B:302,NUDT14,8OTV,1,.,A,A,125,124,.,TRP,.,13.35795927527854,false,false,false,false,observed,,false,false,,,F:W0O302:C18:.#3271|A:TRP124:N:.#910,,not_estimated
8OTV:model1:F:B:302,NUDT14,8OTV,1,.,A,A,126,125,.,GLU,.,9.43214296965435,false,false,false,false,observed,,false,false,,,F:W0O302:C1:.#3256|A:GLU125:OE1:.#931,,not_estimated
8OTV:model1:F:B:302,NUDT14,8OTV,1,.,A,A,127,126,.,GLU,.,5.682928910341921,false,false,false,false,observed,,false,false,,,F:W0O302:C18:.#3271|A:GLU126:OE2:.#941,,not_estimated
8OTV:model1:F:B:302,NUDT14,8OTV,1,.,A,A,128,127,.,CYS,.,11.755116460503485,false,false,false,false,observed,,false,false,,,F:W0O302:C19:.#3272|A:CYS127:SG:.#947,,not_estimated
8OTV:model1:F:B:302,NUDT14,8OTV,1,.,A,A,129,128,.,GLY,.,15.00218867365692,false,false,false,false,observed,,false,false,,,F:W0O302:C18:.#3271|A:GLY128:N:.#948,,not_estimated
8OTV:model1:F:B:302,NUDT14,8OTV,1,.,A,A,130,129,.,TYR,.,16.54016145628573,false,false,false,false,observed,,false,false,,,F:W0O302:C18:.#3271|A:TYR129:O:.#955,,not_estimated
8OTV:model1:F:B:302,NUDT14,8OTV,1,.,A,A,131,130,.,HIS,.,18.773192909039206,false,false,false,false,observed,,false,false,,,F:W0O302:C18:.#3271|A:HIS130:N:.#964,,not_estimated
8OTV:model1:F:B:302,NUDT14,8OTV,1,.,A,A,132,131,.,LEU,.,15.751464630312956,false,false,false,false,observed,,false,false,,,F:W0O302:C18:.#3271|A:LEU131:CD1:.#980,,not_estimated
8OTV:model1:F:B:302,NUDT14,8OTV,1,.,A,A,133,132,.,ALA,.,19.554944566528437,false,false,false,false,observed,,false,false,,,F:W0O302:C18:.#3271|A:ALA132:O:.#985,,not_estimated
8OTV:model1:F:B:302,NUDT14,8OTV,1,.,A,A,134,133,.,PRO,.,18.95539379701725,false,false,false,false,observed,,false,false,,,F:W0O302:C18:.#3271|A:PRO133:CG:.#992,,not_estimated
8OTV:model1:F:B:302,NUDT14,8OTV,1,.,A,A,135,134,.,SER,.,21.176815553807895,false,false,false,false,observed,,false,false,,,F:W0O302:C18:.#3271|A:SER134:N:.#994,,not_estimated
8OTV:model1:F:B:302,NUDT14,8OTV,1,.,A,A,136,135,.,ASP,.,20.38710391399426,false,false,false,false,observed,,false,false,,,F:W0O302:C19:.#3272|A:ASP135:C:.#1002,,not_estimated
8OTV:model1:F:B:302,NUDT14,8OTV,1,.,A,A,137,136,.,LEU,.,15.391560219808778,false,false,false,false,observed,,false,false,,,F:W0O302:C18:.#3271|A:LEU136:CD1:.#1014,,not_estimated
8OTV:model1:F:B:302,NUDT14,8OTV,1,.,A,A,138,137,.,ARG,.,17.350887297196074,false,false,false,false,observed,,false,false,,,F:W0O302:C19:.#3272|A:ARG137:O:.#1019,,not_estimated
8OTV:model1:F:B:302,NUDT14,8OTV,1,.,A,A,139,138,.,ARG,.,17.130516045933938,false,false,false,false,observed,,false,false,,,F:W0O302:C19:.#3272|A:ARG138:CG:.#1032,,not_estimated
8OTV:model1:F:B:302,NUDT14,8OTV,1,.,A,A,140,139,.,VAL,.,16.502361073494907,false,false,false,false,observed,,false,false,,,F:W0O302:C19:.#3272|A:VAL139:CB:.#1042,,not_estimated
8OTV:model1:F:B:302,NUDT14,8OTV,1,.,A,A,141,140,.,ALA,.,14.398943919607438,false,false,false,false,observed,,false,false,,,F:W0O302:C19:.#3272|A:ALA140:O:.#1048,,not_estimated
8OTV:model1:F:B:302,NUDT14,8OTV,1,.,A,A,142,141,.,THR,.,15.109872600389457,false,false,false,false,observed,,false,false,,,F:W0O302:C19:.#3272|A:THR141:CG2:.#1056,,not_estimated
8OTV:model1:F:B:302,NUDT14,8OTV,1,.,A,A,143,142,.,TYR,.,10.333439311284508,false,false,false,false,observed,,false,false,,,F:W0O302:C19:.#3272|A:TYR142:OH:.#1068,,not_estimated
8OTV:model1:F:B:302,NUDT14,8OTV,1,.,A,A,144,143,.,TRP,.,12.551593763343364,false,false,false,false,observed,,false,false,,,F:W0O302:C20:.#3273|A:TRP143:C:.#1071,,not_estimated
8OTV:model1:F:B:302,NUDT14,8OTV,1,.,A,A,145,144,.,SER,.,8.633247187472396,false,false,false,false,observed,,false,false,,,F:W0O302:C20:.#3273|A:SER144:OG:.#1088,,not_estimated
8OTV:model1:F:B:302,NUDT14,8OTV,1,.,A,A,146,145,.,GLY,.,10.690096631929947,false,false,false,false,observed,,false,false,,,F:W0O302:C21:.#3277|A:GLY145:N:.#1089,,not_estimated
8OTV:model1:F:B:302,NUDT14,8OTV,1,.,A,A,147,146,.,VAL,.,13.295621234075526,false,false,false,false,observed,,false,false,,,F:W0O302:C21:.#3277|A:VAL146:N:.#1093,,not_estimated
8OTV:model1:F:B:302,NUDT14,8OTV,1,.,A,A,148,147,.,GLY,.,14.790831687231115,false,false,false,false,observed,,false,false,,,F:W0O302:C21:.#3277|A:GLY147:N:.#1100,,not_estimated
8OTV:model1:F:B:302,NUDT14,8OTV,1,.,A,A,149,148,.,LEU,.,12.361566001118145,false,false,false,false,observed,,false,false,,,F:W0O302:O1:.#3285|A:LEU148:O:.#1107,,not_estimated
8OTV:model1:F:B:302,NUDT14,8OTV,1,.,A,A,150,149,.,THR,.,9.267825688908916,false,false,false,false,observed,,false,false,,,F:W0O302:O1:.#3285|A:THR149:CG2:.#1118,,not_estimated
8OTV:model1:F:B:302,NUDT14,8OTV,1,.,A,A,151,150,.,GLY,.,12.293961891920766,false,false,false,false,observed,,false,false,,,F:W0O302:O1:.#3285|A:GLY150:N:.#1119,,not_estimated
8OTV:model1:F:B:302,NUDT14,8OTV,1,.,A,A,152,151,.,SER,.,8.760328018972805,false,false,false,false,observed,,false,false,,,F:W0O302:C21:.#3277|A:SER151:OG:.#1128,,not_estimated
8OTV:model1:F:B:302,NUDT14,8OTV,1,.,A,A,153,152,.,ARG,.,10.104602367238407,false,false,false,false,observed,,false,false,,,F:W0O302:C19:.#3272|A:ARG152:O:.#1132,,not_estimated
8OTV:model1:F:B:302,NUDT14,8OTV,1,.,A,A,154,153,.,GLN,.,6.105432580906942,false,false,false,false,observed,,false,false,,,F:W0O302:C19:.#3272|A:GLN153:NE2:.#1148,,not_estimated
8OTV:model1:F:B:302,NUDT14,8OTV,1,.,A,A,155,154,.,THR,.,10.503790553890534,false,false,false,false,observed,,false,false,,,F:W0O302:C19:.#3272|A:THR154:O:.#1152,,not_estimated
8OTV:model1:F:B:302,NUDT14,8OTV,1,.,A,A,156,155,.,MET,.,12.039489357942056,false,false,false,false,observed,,false,false,,,F:W0O302:C19:.#3272|A:MET155:CA:.#1157,,not_estimated
8OTV:model1:F:B:302,NUDT14,8OTV,1,.,A,A,157,156,.,PHE,.,12.940172371340344,false,false,false,false,observed,,false,false,,,F:W0O302:C19:.#3272|A:PHE156:CD2:.#1171,,not_estimated
8OTV:model1:F:B:302,NUDT14,8OTV,1,.,A,A,158,157,.,TYR,.,15.800835547527226,false,false,false,false,observed,,false,false,,,F:W0O302:C19:.#3272|A:TYR157:N:.#1175,,not_estimated
8OTV:model1:F:B:302,NUDT14,8OTV,1,.,A,A,159,158,.,THR,.,17.546100592439338,false,false,false,false,observed,,false,false,,,F:W0O302:C19:.#3272|A:THR158:CG2:.#1193,,not_estimated
8OTV:model1:F:B:302,NUDT14,8OTV,1,.,A,A,160,159,.,GLU,.,20.509499774494746,false,false,false,false,observed,,false,false,,,F:W0O302:C19:.#3272|A:GLU159:N:.#1194,,not_estimated
8OTV:model1:F:B:302,NUDT14,8OTV,1,.,A,A,161,160,.,VAL,.,19.463168909507004,false,false,false,false,observed,,false,false,,,F:W0O302:C19:.#3272|A:VAL160:CG1:.#1208,,not_estimated
8OTV:model1:F:B:302,NUDT14,8OTV,1,.,A,A,162,161,.,THR,.,23.20151887269452,false,false,false,false,observed,,false,false,,,F:W0O302:C19:.#3272|A:THR161:O:.#1213,,not_estimated
8OTV:model1:F:B:302,NUDT14,8OTV,1,.,A,A,163,162,.,ASP,.,24.26828648668875,false,false,false,false,observed,,false,false,,,F:W0O302:C19:.#3272|A:ASP162:OD1:.#1223,,not_estimated
8OTV:model1:F:B:302,NUDT14,8OTV,1,.,A,A,164,163,.,ALA,.,25.065088290289342,false,false,false,false,observed,,false,false,,,F:W0O302:C18:.#3271|A:ALA163:C:.#1227,,not_estimated
8OTV:model1:F:B:302,NUDT14,8OTV,1,.,A,A,165,164,.,GLN,.,20.64919584390637,false,false,false,false,observed,,false,false,,,F:W0O302:C18:.#3271|A:GLN164:O:.#1233,,not_estimated
8OTV:model1:F:B:302,NUDT14,8OTV,1,.,A,A,166,165,.,ARG,.,20.937232887848385,false,false,false,false,partial_observed,,false,false,CZ:?:flag1;NE:?:flag1;NH1:?:flag1;NH2:?:flag1,,F:W0O302:C19:.#3272|A:ARG165:CG:.#1244,,not_estimated
8OTV:model1:F:B:302,NUDT14,8OTV,1,.,A,A,167,166,.,SER,.,18.699740773604322,false,false,false,false,observed,,false,false,,,F:W0O302:C1:.#3256|A:SER166:OG:.#1251,,not_estimated
8OTV:model1:F:B:302,NUDT14,8OTV,1,.,A,A,168,167,.,GLY,.,18.93725621625266,false,false,false,false,observed,,false,false,,,F:W0O302:C1:.#3256|A:GLY167:O:.#1255,,not_estimated
8OTV:model1:F:B:302,NUDT14,8OTV,1,.,A,A,169,168,.,PRO,.,18.62039725677194,false,false,false,false,observed,,false,false,,,F:W0O302:C1:.#3256|A:PRO168:C:.#1258,,not_estimated
8OTV:model1:F:B:302,NUDT14,8OTV,1,.,A,A,170,169,.,GLY,.,16.460401969575347,false,false,false,false,observed,,false,false,,,F:W0O302:C1:.#3256|A:GLY169:C:.#1265,,not_estimated
8OTV:model1:F:B:302,NUDT14,8OTV,1,.,A,A,171,170,.,GLY,.,14.743406221087445,false,false,false,false,observed,,false,false,,,F:W0O302:C1:.#3256|A:GLY170:C:.#1269,,not_estimated
8OTV:model1:F:B:302,NUDT14,8OTV,1,.,A,A,172,171,.,GLY,.,10.421001727281308,false,false,false,false,observed,,false,false,,,F:W0O302:C1:.#3256|A:GLY171:O:.#1274,,not_estimated
8OTV:model1:F:B:302,NUDT14,8OTV,1,.,A,A,173,172,.,LEU,.,10.072943661115158,false,false,false,false,observed,,false,false,,,F:W0O302:C1:.#3256|A:LEU172:C:.#1277,,not_estimated
8OTV:model1:F:B:302,NUDT14,8OTV,1,.,A,A,174,?,.,VAL,.,,,,,,refused,unobserved_residue,false,false,whole_residue,,,,not_estimated
8OTV:model1:F:B:302,NUDT14,8OTV,1,.,A,A,175,?,.,GLU,.,,,,,,refused,unobserved_residue,false,false,whole_residue,,,,not_estimated
8OTV:model1:F:B:302,NUDT14,8OTV,1,.,A,A,176,?,.,GLU,.,,,,,,refused,unobserved_residue,false,false,whole_residue,,,,not_estimated
8OTV:model1:F:B:302,NUDT14,8OTV,1,.,A,A,177,?,.,GLY,.,,,,,,refused,unobserved_residue,false,false,whole_residue,,,,not_estimated
8OTV:model1:F:B:302,NUDT14,8OTV,1,.,A,A,178,?,.,GLU,.,,,,,,refused,unobserved_residue,false,false,whole_residue,,,,not_estimated
8OTV:model1:F:B:302,NUDT14,8OTV,1,.,A,A,179,178,.,LEU,.,7.781675205249831,false,false,false,false,observed,,false,false,,,F:W0O302:C4:.#3259|A:LEU178:N:.#1283,,not_estimated
8OTV:model1:F:B:302,NUDT14,8OTV,1,.,A,A,180,179,.,ILE,.,8.616499579295526,false,false,false,false,observed,,false,false,,,F:W0O302:N1:.#3280|A:ILE179:CD1:.#1298,,not_estimated
8OTV:model1:F:B:302,NUDT14,8OTV,1,.,A,A,181,180,.,GLU,.,13.482509410343463,false,false,false,false,observed,,false,false,,,F:W0O302:C19:.#3272|A:GLU180:O:.#1302,,not_estimated
8OTV:model1:F:B:302,NUDT14,8OTV,1,.,A,A,182,181,.,VAL,.,14.877263357217283,false,false,false,false,observed,,false,false,,,F:W0O302:C19:.#3272|A:VAL181:CA:.#1309,,not_estimated
8OTV:model1:F:B:302,NUDT14,8OTV,1,.,A,A,183,182,.,VAL,.,14.973083717123874,false,false,false,false,observed,,false,false,,,F:W0O302:C19:.#3272|A:VAL182:CG2:.#1321,,not_estimated
8OTV:model1:F:B:302,NUDT14,8OTV,1,.,A,A,184,183,.,HIS,.,18.015598630076102,false,false,false,false,observed,,false,false,,,F:W0O302:C19:.#3272|A:HIS183:N:.#1322,,not_estimated
8OTV:model1:F:B:302,NUDT14,8OTV,1,.,A,A,185,184,.,LEU,.,18.46915815623441,false,false,false,false,observed,,false,false,,,F:W0O302:C19:.#3272|A:LEU184:CD2:.#1339,,not_estimated
8OTV:model1:F:B:302,NUDT14,8OTV,1,.,A,A,186,185,.,PRO,.,22.13093043683433,false,false,false,false,observed,,false,false,,,F:W0O302:C19:.#3272|A:PRO185:N:.#1340,,not_estimated
8OTV:model1:F:B:302,NUDT14,8OTV,1,.,A,A,187,186,.,LEU,.,22.666758149325194,false,false,false,false,observed,,false,false,,,F:W0O302:C19:.#3272|A:LEU186:CD2:.#1354,,not_estimated
8OTV:model1:F:B:302,NUDT14,8OTV,1,.,A,A,188,187,.,GLU,.,26.009244587261662,false,false,false,false,observed,,false,false,,,F:W0O302:C19:.#3272|A:GLU187:N:.#1355,,not_estimated
8OTV:model1:F:B:302,NUDT14,8OTV,1,.,A,A,189,188,.,GLY,.,22.882805444263166,false,false,false,false,observed,,false,false,,,F:W0O302:C19:.#3272|A:GLY188:O:.#1367,,not_estimated
8OTV:model1:F:B:302,NUDT14,8OTV,1,.,A,A,190,189,.,ALA,.,20.530315657583056,false,false,false,false,observed,,false,false,,,F:W0O302:C19:.#3272|A:ALA189:O:.#1371,,not_estimated
8OTV:model1:F:B:302,NUDT14,8OTV,1,.,A,A,191,190,.,GLN,.,21.854213140719573,false,false,false,false,observed,,false,false,,,F:W0O302:C20:.#3273|A:GLN190:NE2:.#1381,,not_estimated
8OTV:model1:F:B:302,NUDT14,8OTV,1,.,A,A,192,191,.,ALA,.,22.36179082721239,false,false,false,false,observed,,false,false,,,F:W0O302:C20:.#3273|A:ALA191:O:.#1385,,not_estimated
8OTV:model1:F:B:302,NUDT14,8OTV,1,.,A,A,193,192,.,PHE,.,16.428648635843423,false,false,false,false,observed,,false,false,,,F:W0O302:C20:.#3273|A:PHE192:CE1:.#1395,,not_estimated
8OTV:model1:F:B:302,NUDT14,8OTV,1,.,A,A,194,193,.,ALA,.,18.424527239525034,false,false,false,false,observed,,false,false,,,F:W0O302:C20:.#3273|A:ALA193:CB:.#1402,,not_estimated
8OTV:model1:F:B:302,NUDT14,8OTV,1,.,A,A,195,194,.,ASP,.,20.42170526670092,false,false,false,false,observed,,false,false,,,F:W0O302:C20:.#3273|A:ASP194:N:.#1403,,not_estimated
8OTV:model1:F:B:302,NUDT14,8OTV,1,.,A,A,196,195,.,ASP,.,19.159052925444932,false,false,false,false,observed,,false,false,,,F:W0O302:C20:.#3273|A:ASP195:O:.#1414,,not_estimated
8OTV:model1:F:B:302,NUDT14,8OTV,1,.,A,A,197,196,.,PRO,.,19.305473368969743,false,false,false,false,observed,,false,false,,,F:W0O302:C20:.#3273|A:PRO196:O:.#1422,,not_estimated
8OTV:model1:F:B:302,NUDT14,8OTV,1,.,A,A,198,197,.,ASP,.,19.22075677490353,false,false,false,false,observed,,false,false,,,F:W0O302:C20:.#3273|A:ASP197:O:.#1429,,not_estimated
8OTV:model1:F:B:302,NUDT14,8OTV,1,.,A,A,199,198,.,ILE,.,15.806601943491842,false,false,false,false,observed,,false,false,,,F:W0O302:C20:.#3273|A:ILE198:O:.#1437,,not_estimated
8OTV:model1:F:B:302,NUDT14,8OTV,1,.,A,A,200,199,.,PRO,.,12.678387081959597,false,false,false,false,observed,,false,false,,,F:W0O302:C20:.#3273|A:PRO199:O:.#1445,,not_estimated
8OTV:model1:F:B:302,NUDT14,8OTV,1,.,A,A,201,200,.,LYS,.,11.313195834953094,false,false,false,false,observed,,false,false,,,F:W0O302:C20:.#3273|A:LYS200:C:.#1451,,not_estimated
8OTV:model1:F:B:302,NUDT14,8OTV,1,.,A,A,202,201,.,THR,.,7.609856634654822,false,false,false,false,observed,,false,false,,,F:W0O302:C20:.#3273|A:THR201:CG2:.#1464,,not_estimated
8OTV:model1:F:B:302,NUDT14,8OTV,1,.,A,A,203,202,.,LEU,.,10.999002863896346,false,false,false,false,observed,,false,false,,,F:W0O302:C20:.#3273|A:LEU202:N:.#1465,,not_estimated
8OTV:model1:F:B:302,NUDT14,8OTV,1,.,A,A,204,203,.,GLY,.,10.675293719612592,false,false,false,false,observed,,false,false,,,F:W0O302:C20:.#3273|A:GLY203:N:.#1473,,not_estimated
8OTV:model1:F:B:302,NUDT14,8OTV,1,.,A,A,205,204,.,VAL,.,11.13732059339229,false,false,false,false,observed,,false,false,,,F:W0O302:C20:.#3273|A:VAL204:CG2:.#1483,,not_estimated
8OTV:model1:F:B:302,NUDT14,8OTV,1,.,A,A,206,205,.,ILE,.,14.059762942525028,false,false,false,false,observed,,false,false,,,F:W0O302:C20:.#3273|A:ILE205:N:.#1484,,not_estimated
8OTV:model1:F:B:302,NUDT14,8OTV,1,.,A,A,207,206,.,PHE,.,15.216238989973837,false,false,false,false,observed,,false,false,,,F:W0O302:C20:.#3273|A:PHE206:CB:.#1496,,not_estimated
8OTV:model1:F:B:302,NUDT14,8OTV,1,.,A,A,208,207,.,GLY,.,15.046755696827143,false,false,false,false,observed,,false,false,,,F:W0O302:C19:.#3272|A:GLY207:N:.#1503,,not_estimated
8OTV:model1:F:B:302,NUDT14,8OTV,1,.,A,A,209,208,.,VAL,.,16.65693795389777,false,false,false,false,observed,,false,false,,,F:W0O302:C19:.#3272|A:VAL208:N:.#1507,,not_estimated
8OTV:model1:F:B:302,NUDT14,8OTV,1,.,A,A,210,209,.,SER,.,19.177084397791027,false,false,false,false,observed,,false,false,,,F:W0O302:C19:.#3272|A:SER209:N:.#1514,,not_estimated
8OTV:model1:F:B:302,NUDT14,8OTV,1,.,A,A,211,210,.,TRP,.,18.635731083056548,false,false,false,false,observed,,false,false,,,F:W0O302:C19:.#3272|A:TRP210:CE3:.#1530,,not_estimated
8OTV:model1:F:B:302,NUDT14,8OTV,1,.,A,A,212,211,.,PHE,.,19.864039996939194,false,false,false,false,observed,,false,false,,,F:W0O302:C19:.#3272|A:PHE211:CB:.#1538,,not_estimated
8OTV:model1:F:B:302,NUDT14,8OTV,1,.,A,A,213,212,.,LEU,.,22.24212496592895,false,false,false,false,observed,,false,false,,,F:W0O302:C19:.#3272|A:LEU212:N:.#1545,,not_estimated
8OTV:model1:F:B:302,NUDT14,8OTV,1,.,A,A,214,213,.,SER,.,24.055988817755964,false,false,false,false,observed,,false,false,,,F:W0O302:C19:.#3272|A:SER213:OG:.#1558,,not_estimated
8OTV:model1:F:B:302,NUDT14,8OTV,1,.,A,A,215,214,.,GLN,.,23.559405892339477,false,false,false,false,observed,,false,false,,,F:W0O302:C19:.#3272|A:GLN214:CB:.#1563,,not_estimated
8OTV:model1:F:B:302,NUDT14,8OTV,1,.,A,A,216,215,.,VAL,.,22.3509398907518,false,false,false,false,observed,,false,false,,,F:W0O302:C19:.#3272|A:VAL215:CG2:.#1574,,not_estimated
8OTV:model1:F:B:302,NUDT14,8OTV,1,.,A,A,217,216,.,ALA,.,25.288782177083974,false,false,false,false,observed,,false,false,,,F:W0O302:C19:.#3272|A:ALA216:N:.#1575,,not_estimated
8OTV:model1:F:B:302,NUDT14,8OTV,1,.,A,A,218,217,.,PRO,.,27.404770040998336,false,false,false,false,observed,,false,false,,,F:W0O302:C19:.#3272|A:PRO217:CD:.#1586,,not_estimated
8OTV:model1:F:B:302,NUDT14,8OTV,1,.,A,A,219,218,.,ASN,.,28.67881678172933,false,false,false,false,observed,,false,false,,,F:W0O302:C19:.#3272|A:ASN218:ND2:.#1594,,not_estimated
8OTV:model1:F:B:302,NUDT14,8OTV,1,.,A,A,220,219,.,LEU,.,26.322921836300775,false,false,false,false,observed,,false,false,,,F:W0O302:C19:.#3272|A:LEU219:CD1:.#1601,,not_estimated
8OTV:model1:F:B:302,NUDT14,8OTV,1,.,A,A,221,?,.,ASP,.,,,,,,refused,unobserved_residue,false,false,whole_residue,,,,not_estimated
8OTV:model1:F:B:302,NUDT14,8OTV,1,.,A,A,222,?,.,LEU,.,,,,,,refused,unobserved_residue,false,false,whole_residue,,,,not_estimated
8OTV:model1:F:B:302,NUDT14,8OTV,1,.,A,A,223,?,.,GLN,.,,,,,,refused,unobserved_residue,false,false,whole_residue,,,,not_estimated
8OTV:model1:F:B:302,NUDT14,8OTV,1,.,B,B,1,?,.,SER,.,,,,,,refused,unobserved_residue,false,false,whole_residue,,,,not_estimated
8OTV:model1:F:B:302,NUDT14,8OTV,1,.,B,B,2,1,.,MET,.,28.231857519476115,false,false,false,false,observed,,false,false,,,F:W0O302:C21:.#3277|B:MET1:CE:.#1610,,not_estimated
8OTV:model1:F:B:302,NUDT14,8OTV,1,.,B,B,3,2,.,GLU,.,29.32174633271354,false,false,false,false,observed,,false,false,,,F:W0O302:C21:.#3277|B:GLU2:OE2:.#1619,,not_estimated
8OTV:model1:F:B:302,NUDT14,8OTV,1,.,B,B,4,3,.,ARG,.,31.234640273260712,false,false,false,false,observed,,false,false,,,F:W0O302:O1:.#3285|B:ARG3:C:.#1622,,not_estimated
8OTV:model1:F:B:302,NUDT14,8OTV,1,.,B,B,5,4,.,ILE,.,27.11659598843483,false,false,false,false,observed,,false,false,,,F:W0O302:O1:.#3285|B:ILE4:CG2:.#1637,,not_estimated
8OTV:model1:F:B:302,NUDT14,8OTV,1,.,B,B,6,5,.,GLU,.,29.9054012679984,false,false,false,false,observed,,false,false,,,F:W0O302:O1:.#3285|B:GLU5:O:.#1642,,not_estimated
8OTV:model1:F:B:302,NUDT14,8OTV,1,.,B,B,7,6,.,GLY,.,28.77055976167304,false,false,false,false,observed,,false,false,,,F:W0O302:C14:.#3267|B:GLY6:O:.#1651,,not_estimated
8OTV:model1:F:B:302,NUDT14,8OTV,1,.,B,B,8,7,.,ALA,.,26.099502409049872,false,false,false,false,observed,,false,false,,,F:W0O302:O1:.#3285|B:ALA7:CB:.#1656,,not_estimated
8OTV:model1:F:B:302,NUDT14,8OTV,1,.,B,B,9,8,.,SER,.,23.624089823737126,false,false,false,false,observed,,false,false,,,F:W0O302:C14:.#3267|B:SER8:O:.#1660,,not_estimated
8OTV:model1:F:B:302,NUDT14,8OTV,1,.,B,B,10,9,.,VAL,.,19.476331944182917,false,false,false,false,observed,,false,false,,,F:W0O302:C14:.#3267|B:VAL9:CG2:.#1669,,not_estimated
8OTV:model1:F:B:302,NUDT14,8OTV,1,.,B,B,11,10,.,GLY,.,19.44099053546398,false,false,false,false,observed,,false,false,,,F:W0O302:N5:.#3284|B:GLY10:O:.#1673,,not_estimated
8OTV:model1:F:B:302,NUDT14,8OTV,1,.,B,B,12,11,.,ARG,.,18.88404101351191,false,false,false,false,partial_observed,,false,false,CD:?:flag1;CG:?:flag1;CZ:?:flag1;NE:?:flag1;NH1:?:flag1;NH2:?:flag1,,F:W0O302:N5:.#3284|B:ARG11:C:.#1676,,not_estimated
8OTV:model1:F:B:302,NUDT14,8OTV,1,.,B,B,13,12,.,CYS,.,15.821581115678672,false,false,false,false,observed,,false,false,,,F:W0O302:N5:.#3284|B:CYS12:O:.#1682,,not_estimated
8OTV:model1:F:B:302,NUDT14,8OTV,1,.,B,B,14,13,.,ALA,.,16.6960157223213,false,false,false,false,observed,,false,false,,,F:W0O302:N5:.#3284|B:ALA13:O:.#1688,,not_estimated
8OTV:model1:F:B:302,NUDT14,8OTV,1,.,B,B,15,14,.,ALA,.,16.93812625410497,false,false,false,false,observed,,false,false,,,F:W0O302:N5:.#3284|B:ALA14:O:.#1693,,not_estimated
8OTV:model1:F:B:302,NUDT14,8OTV,1,.,B,B,16,15,.,SER,.,17.554394150753254,false,false,false,false,observed,,false,false,,,F:W0O302:N5:.#3284|B:SER15:CB:.#1699,,not_estimated
8OTV:model1:F:B:302,NUDT14,8OTV,1,.,B,B,17,16,.,PRO,.,18.51481660724729,false,false,false,false,observed,,false,false,,,F:W0O302:N5:.#3284|B:PRO16:O:.#1704,,not_estimated
8OTV:model1:F:B:302,NUDT14,8OTV,1,.,B,B,18,17,.,TYR,.,14.999374653631396,false,false,false,false,observed,,false,false,,,F:W0O302:N5:.#3284|B:TYR17:O:.#1711,,not_estimated
8OTV:model1:F:B:302,NUDT14,8OTV,1,.,B,B,19,18,.,LEU,.,12.59100389166805,false,false,false,false,observed,,false,false,,,F:W0O302:N5:.#3284|B:LEU18:CD2:.#1727,,not_estimated
8OTV:model1:F:B:302,NUDT14,8OTV,1,.,B,B,20,19,.,ARG,.,11.34994101306258,false,false,false,false,observed,,false,false,,,F:W0O302:N5:.#3284|B:ARG19:O:.#1731,,not_estimated
8OTV:model1:F:B:302,NUDT14,8OTV,1,.,B,B,21,20,.,PRO,.,10.487453313364501,false,false,false,false,observed,,false,false,,,F:W0O302:N5:.#3284|B:PRO20:CA:.#1740,,not_estimated
8OTV:model1:F:B:302,NUDT14,8OTV,1,.,B,B,22,21,.,LEU,.,7.271275678998837,false,false,false,false,observed,,false,false,,,F:W0O302:N4:.#3283|B:LEU21:O:.#1749,,not_estimated
8OTV:model1:F:B:302,NUDT14,8OTV,1,.,B,B,23,22,.,THR,.,7.1284002412883645,false,false,false,false,observed,,false,false,,,F:W0O302:C8:.#3262|B:THR22:CG2:.#1760,,not_estimated
8OTV:model1:F:B:302,NUDT14,8OTV,1,.,B,B,24,23,.,LEU,.,7.461887763830276,false,false,false,false,observed,,false,false,,,F:W0O302:C8:.#3262|B:LEU23:O:.#1764,,not_estimated
8OTV:model1:F:B:302,NUDT14,8OTV,1,.,B,B,25,24,.,HIS,.,9.691968272750383,false,false,false,false,observed,,false,false,,,F:W0O302:C8:.#3262|B:HIS24:N:.#1769,,not_estimated
8OTV:model1:F:B:302,NUDT14,8OTV,1,.,B,B,26,25,.,TYR,.,6.669873911851709,false,false,false,false,observed,,false,false,,,F:W0O302:C5:.#3278|B:TYR25:OH:.#1790,,not_estimated
8OTV:model1:F:B:302,NUDT14,8OTV,1,.,B,B,27,26,.,ARG,.,12.762906291280212,false,false,false,false,observed,,false,false,,,F:W0O302:C4:.#3259|B:ARG26:C:.#1793,,not_estimated
8OTV:model1:F:B:302,NUDT14,8OTV,1,.,B,B,28,27,.,GLN,.,8.249991212116532,false,false,false,false,observed,,false,false,,,F:W0O302:C4:.#3259|B:GLN27:OE1:.#1809,,not_estimated
8OTV:model1:F:B:302,NUDT14,8OTV,1,.,B,B,29,28,.,ASN,.,10.063960403340227,false,false,false,false,observed,,false,false,,,F:W0O302:C4:.#3259|B:ASN28:ND2:.#1818,,not_estimated
8OTV:model1:F:B:302,NUDT14,8OTV,1,.,B,B,30,29,.,GLY,.,13.988848022621449,false,false,false,false,observed,,false,false,,,F:W0O302:C4:.#3259|B:GLY29:C:.#1821,,not_estimated
8OTV:model1:F:B:302,NUDT14,8OTV,1,.,B,B,31,30,.,ALA,.,10.836475903170737,false,false,false,false,observed,,false,false,,,F:W0O302:C4:.#3259|B:ALA30:CB:.#1827,,not_estimated
8OTV:model1:F:B:302,NUDT14,8OTV,1,.,B,B,32,31,.,GLN,.,9.450634740587532,false,false,false,false,observed,,false,false,,,F:W0O302:C4:.#3259|B:GLN31:O:.#1831,,not_estimated
8OTV:model1:F:B:302,NUDT14,8OTV,1,.,B,B,33,32,.,LYS,.,6.407330645440425,false,false,false,false,observed,,false,false,,,F:W0O302:C4:.#3259|B:LYS32:CD:.#1843,,not_estimated
8OTV:model1:F:B:302,NUDT14,8OTV,1,.,B,B,34,33,.,SER,.,3.8194534949387737,false,true,true,true,observed,,false,false,,,F:W0O302:C8:.#3262|B:SER33:O:.#1849,,not_estimated
8OTV:model1:F:B:302,NUDT14,8OTV,1,.,B,B,35,34,.,TRP,.,3.4333017636089034,true,true,true,true,observed,,false,false,,,F:W0O302:N5:.#3284|B:TRP34:NE1:.#1860,,not_estimated
8OTV:model1:F:B:302,NUDT14,8OTV,1,.,B,B,36,35,.,ASP,.,2.91750681233138,true,true,true,true,observed,,false,false,,,F:W0O302:N5:.#3284|B:ASP35:O:.#1869,,not_estimated
8OTV:model1:F:B:302,NUDT14,8OTV,1,.,B,B,37,36,.,PHE,.,5.1670753816835315,false,false,false,false,observed,,false,false,,,F:W0O302:N5:.#3284|B:PHE36:N:.#1874,,not_estimated
8OTV:model1:F:B:302,NUDT14,8OTV,1,.,B,B,38,37,.,MET,.,7.4952836504031,false,false,false,false,observed,,false,false,,,F:W0O302:N5:.#3284|B:MET37:N:.#1885,,not_estimated
8OTV:model1:F:B:302,NUDT14,8OTV,1,.,B,B,39,38,.,LYS,.,10.823869964111728,false,false,false,false,observed,,false,false,,,F:W0O302:N5:.#3284|B:LYS38:N:.#1893,,not_estimated
8OTV:model1:F:B:302,NUDT14,8OTV,1,.,B,B,40,39,.,THR,.,12.385467209596898,false,false,false,false,observed,,false,false,,,F:W0O302:N5:.#3284|B:THR39:CG2:.#1908,,not_estimated
8OTV:model1:F:B:302,NUDT14,8OTV,1,.,B,B,41,40,.,HIS,.,15.469035554940069,false,false,false,false,observed,,false,false,,,F:W0O302:C21:.#3277|B:HIS40:O:.#1912,,not_estimated
8OTV:model1:F:B:302,NUDT14,8OTV,1,.,B,B,42,41,.,ASP,.,15.924096018298812,false,false,false,false,observed,,false,false,,,F:W0O302:C21:.#3277|B:ASP41:OD1:.#1925,,not_estimated
8OTV:model1:F:B:302,NUDT14,8OTV,1,.,B,B,43,42,.,SER,.,16.336623029255463,false,false,false,false,observed,,false,false,,,F:W0O302:C21:.#3277|B:SER42:OG:.#1932,,not_estimated
8OTV:model1:F:B:302,NUDT14,8OTV,1,.,B,B,44,43,.,VAL,.,19.723446301293293,false,false,false,false,observed,,false,false,,,F:W0O302:C21:.#3277|B:VAL43:N:.#1933,,not_estimated
8OTV:model1:F:B:302,NUDT14,8OTV,1,.,B,B,45,44,.,THR,.,18.625594030795366,false,false,false,false,observed,,false,false,,,F:W0O302:C20:.#3273|B:THR44:CG2:.#1946,,not_estimated
8OTV:model1:F:B:302,NUDT14,8OTV,1,.,B,B,46,45,.,VAL,.,22.91934575855079,false,false,false,false,observed,,false,false,,,F:W0O302:C20:.#3273|B:VAL45:N:.#1947,,not_estimated
8OTV:model1:F:B:302,NUDT14,8OTV,1,.,B,B,47,46,.,LEU,.,24.59875527338731,false,false,false,false,observed,,false,false,,,F:W0O302:C20:.#3273|B:LEU46:N:.#1954,,not_estimated
8OTV:model1:F:B:302,NUDT14,8OTV,1,.,B,B,48,47,.,LEU,A,27.481561909760515,false,false,false,false,observed,,true,true,,,F:W0O302:C20:.#3273|B:LEU47:N:A#1962,,not_estimated
8OTV:model1:F:B:302,NUDT14,8OTV,1,.,B,B,48,47,.,LEU,B,27.48407646256283,false,false,false,false,observed,,true,true,,,F:W0O302:C20:.#3273|B:LEU47:N:B#1963,,not_estimated
8OTV:model1:F:B:302,NUDT14,8OTV,1,.,B,B,49,48,.,PHE,.,30.522543668573892,false,false,false,false,observed,,false,false,,,F:W0O302:C20:.#3273|B:PHE48:N:.#1978,,not_estimated
8OTV:model1:F:B:302,NUDT14,8OTV,1,.,B,B,50,49,.,ASN,.,33.23158398271139,false,false,false,false,observed,,false,false,,,F:W0O302:C20:.#3273|B:ASN49:N:.#1989,,not_estimated
8OTV:model1:F:B:302,NUDT14,8OTV,1,.,B,B,51,50,.,SER,.,36.187121797678245,false,false,false,false,observed,,false,false,,,F:W0O302:C20:.#3273|B:SER50:N:.#1997,,not_estimated
8OTV:model1:F:B:302,NUDT14,8OTV,1,.,B,B,52,51,.,SER,.,38.721391852566455,false,false,false,false,observed,,false,false,,,F:W0O302:C20:.#3273|B:SER51:N:.#2003,,not_estimated
8OTV:model1:F:B:302,NUDT14,8OTV,1,.,B,B,53,52,.,ARG,.,37.1672260197072,false,false,false,false,observed,,false,false,,,F:W0O302:C20:.#3273|B:ARG52:NE:.#2016,,not_estimated
8OTV:model1:F:B:302,NUDT14,8OTV,1,.,B,B,54,53,.,ARG,.,34.76239601926196,false,false,false,false,observed,,false,false,,,F:W0O302:C20:.#3273|B:ARG53:O:.#2023,,not_estimated
8OTV:model1:F:B:302,NUDT14,8OTV,1,.,B,B,55,54,.,SER,.,32.02843166625553,false,false,false,false,observed,,false,false,,,F:W0O302:C20:.#3273|B:SER54:C:.#2033,,not_estimated
8OTV:model1:F:B:302,NUDT14,8OTV,1,.,B,B,56,55,.,LEU,.,27.399069801728672,false,false,false,false,observed,,false,false,,,F:W0O302:C20:.#3273|B:LEU55:CD1:.#2043,,not_estimated
8OTV:model1:F:B:302,NUDT14,8OTV,1,.,B,B,57,56,.,VAL,.,26.92031853451961,false,false,false,false,observed,,false,false,,,F:W0O302:C20:.#3273|B:VAL56:O:.#2048,,not_estimated
8OTV:model1:F:B:302,NUDT14,8OTV,1,.,B,B,58,57,.,LEU,.,24.39220123318107,false,false,false,false,observed,,false,false,,,F:W0O302:C20:.#3273|B:LEU57:CD2:.#2059,,not_estimated
8OTV:model1:F:B:302,NUDT14,8OTV,1,.,B,B,59,58,.,VAL,.,24.119638658155722,false,false,false,false,observed,,false,false,,,F:W0O302:C20:.#3273|B:VAL58:CG2:.#2066,,not_estimated
8OTV:model1:F:B:302,NUDT14,8OTV,1,.,B,B,60,59,.,LYS,.,25.816287358952295,false,false,false,false,observed,,false,false,,,F:W0O302:C20:.#3273|B:LYS59:CA:.#2068,,not_estimated
8OTV:model1:F:B:302,NUDT14,8OTV,1,.,B,B,61,60,.,GLN,.,22.583020280733045,false,false,false,false,observed,,false,false,,,F:W0O302:C21:.#3277|B:GLN60:OE1:.#2083,,not_estimated
8OTV:model1:F:B:302,NUDT14,8OTV,1,.,B,B,62,61,.,PHE,.,22.783225693478965,false,false,false,false,observed,,false,false,,,F:W0O302:C21:.#3277|B:PHE61:C:.#2087,,not_estimated
8OTV:model1:F:B:302,NUDT14,8OTV,1,.,B,B,63,62,.,ARG,.,19.244815067960513,false,false,false,false,observed,,false,false,,,F:W0O302:C21:.#3277|B:ARG62:NE:.#2103,,not_estimated
8OTV:model1:F:B:302,NUDT14,8OTV,1,.,B,B,64,63,.,PRO,.,18.9876918291824,false,false,false,false,observed,,false,false,,,F:W0O302:O1:.#3285|B:PRO63:C:.#2109,,not_estimated
8OTV:model1:F:B:302,NUDT14,8OTV,1,.,B,B,65,64,.,ALA,.,15.508090598136189,false,false,false,false,observed,,false,false,,,F:W0O302:O1:.#3285|B:ALA64:CB:.#2118,,not_estimated
8OTV:model1:F:B:302,NUDT14,8OTV,1,.,B,B,66,65,.,VAL,.,16.543478020053705,false,false,false,false,observed,,false,false,,,F:W0O302:C21:.#3277|B:VAL65:CG2:.#2125,,not_estimated
8OTV:model1:F:B:302,NUDT14,8OTV,1,.,B,B,67,66,.,TYR,.,19.065903964931746,false,false,false,false,observed,,false,false,,,F:W0O302:O1:.#3285|B:TYR66:N:.#2126,,not_estimated
8OTV:model1:F:B:302,NUDT14,8OTV,1,.,B,B,68,67,.,ALA,.,17.60574068308403,false,false,false,false,observed,,false,false,,,F:W0O302:O1:.#3285|B:ALA67:C:.#2140,,not_estimated
8OTV:model1:F:B:302,NUDT14,8OTV,1,.,B,B,69,68,.,GLY,.,15.889466038857318,false,false,false,false,observed,,false,false,,,F:W0O302:O1:.#3285|B:GLY68:CA:.#2144,,not_estimated
8OTV:model1:F:B:302,NUDT14,8OTV,1,.,B,B,70,69,.,GLU,.,17.909697121950444,false,false,false,false,observed,,false,false,,,F:W0O302:O1:.#3285|B:GLU69:N:.#2147,,not_estimated
8OTV:model1:F:B:302,NUDT14,8OTV,1,.,B,B,71,70,.,VAL,.,20.00231231632983,false,false,false,false,observed,,false,false,,,F:W0O302:O1:.#3285|B:VAL70:N:.#2156,,not_estimated
8OTV:model1:F:B:302,NUDT14,8OTV,1,.,B,B,72,71,.,GLU,.,16.36327989737999,false,false,false,false,observed,,false,false,,,F:W0O302:O1:.#3285|B:GLU71:CG:.#2168,,not_estimated
8OTV:model1:F:B:302,NUDT14,8OTV,1,.,B,B,73,72,.,ARG,.,14.934775190808866,false,false,false,false,observed,,false,false,,,F:W0O302:C17:.#3270|B:ARG72:NH2:.#2182,,not_estimated
8OTV:model1:F:B:302,NUDT14,8OTV,1,.,B,B,74,73,.,ARG,.,21.357478338980002,false,false,false,false,observed,,false,false,,,F:W0O302:O1:.#3285|B:ARG73:N:.#2183,,not_estimated
8OTV:model1:F:B:302,NUDT14,8OTV,1,.,B,B,75,74,.,PHE,.,21.493117479788733,false,false,false,false,observed,,false,false,,,F:W0O302:C14:.#3267|B:PHE74:O:.#2197,,not_estimated
8OTV:model1:F:B:302,NUDT14,8OTV,1,.,B,B,76,75,.,PRO,.,20.611517193064653,false,false,false,false,observed,,false,false,,,F:W0O302:C14:.#3267|B:PRO75:CA:.#2206,,not_estimated
8OTV:model1:F:B:302,NUDT14,8OTV,1,.,B,B,77,76,.,GLY,.,19.8229002166686,false,false,false,false,observed,,false,false,,,F:W0O302:C14:.#3267|B:GLY76:N:.#2212,,not_estimated
8OTV:model1:F:B:302,NUDT14,8OTV,1,.,B,B,78,77,.,SER,.,19.921720482930183,false,false,false,false,observed,,false,false,,,F:W0O302:C14:.#3267|B:SER77:C:.#2218,,not_estimated
8OTV:model1:F:B:302,NUDT14,8OTV,1,.,B,B,79,78,.,LEU,.,15.878497189595745,false,false,false,false,observed,,false,false,,,F:W0O302:C14:.#3267|B:LEU78:CD1:.#2228,,not_estimated
8OTV:model1:F:B:302,NUDT14,8OTV,1,.,B,B,80,79,.,ALA,.,18.12628792665503,false,false,false,false,observed,,false,false,,,F:W0O302:C14:.#3267|B:ALA79:CA:.#2231,,not_estimated
8OTV:model1:F:B:302,NUDT14,8OTV,1,.,B,B,81,80,.,ALA,.,18.069383857785525,false,false,false,false,observed,,false,false,,,F:W0O302:N5:.#3284|B:ALA80:CB:.#2239,,not_estimated
8OTV:model1:F:B:302,NUDT14,8OTV,1,.,B,B,82,81,.,VAL,.,19.866694465864217,false,false,false,false,observed,,false,false,,,F:W0O302:N5:.#3284|B:VAL81:N:.#2240,,not_estimated
8OTV:model1:F:B:302,NUDT14,8OTV,1,.,B,B,83,82,.,ASP,.,22.945119263146136,false,false,false,false,observed,,false,false,,,F:W0O302:N5:.#3284|B:ASP82:N:.#2247,,not_estimated
8OTV:model1:F:B:302,NUDT14,8OTV,1,.,B,B,84,83,.,GLN,.,25.119000159242006,false,false,false,false,partial_observed,,false,false,CD:?:flag1;CG:?:flag1;NE2:?:flag1;OE1:?:flag1,,F:W0O302:N5:.#3284|B:GLN83:N:.#2255,,not_estimated
8OTV:model1:F:B:302,NUDT14,8OTV,1,.,B,B,85,84,.,ASP,.,27.28685927328391,false,false,false,false,partial_observed,,false,false,CG:?:flag1;OD1:?:flag1;OD2:?:flag1,,F:W0O302:N5:.#3284|B:ASP84:N:.#2260,,not_estimated
8OTV:model1:F:B:302,NUDT14,8OTV,1,.,B,B,86,85,.,GLY,.,25.80948108738337,false,false,false,false,observed,,false,false,,,F:W0O302:N5:.#3284|B:GLY85:O:.#2268,,not_estimated
8OTV:model1:F:B:302,NUDT14,8OTV,1,.,B,B,87,86,.,PRO,.,25.50130384901917,false,false,false,false,observed,,false,false,,,F:W0O302:C14:.#3267|B:PRO86:CA:.#2270,,not_estimated
8OTV:model1:F:B:302,NUDT14,8OTV,1,.,B,B,88,87,.,ARG,.,20.841131111338466,false,false,false,false,observed,,false,false,,,F:W0O302:C14:.#3267|B:ARG87:NH1:.#2285,,not_estimated
8OTV:model1:F:B:302,NUDT14,8OTV,1,.,B,B,89,88,.,GLU,.,27.10781167855495,false,false,false,false,observed,,false,false,,,F:W0O302:C14:.#3267|B:GLU88:C:.#2289,,not_estimated
8OTV:model1:F:B:302,NUDT14,8OTV,1,.,B,B,90,89,.,LEU,.,22.972776715059933,false,false,false,false,observed,,false,false,,,F:W0O302:C14:.#3267|B:LEU89:CD1:.#2302,,not_estimated
8OTV:model1:F:B:302,NUDT14,8OTV,1,.,B,B,91,90,.,GLN,.,28.585545123366106,false,false,false,false,observed,,false,false,,,F:W0O302:C14:.#3267|B:GLN90:N:.#2304,,not_estimated
8OTV:model1:F:B:302,NUDT14,8OTV,1,.,B,B,92,91,.,PRO,.,27.475576317886404,false,false,false,false,observed,,false,false,,,F:W0O302:O1:.#3285|B:PRO91:O:.#2316,,not_estimated
8OTV:model1:F:B:302,NUDT14,8OTV,1,.,B,B,93,92,.,ALA,.,26.801363883205646,false,false,false,false,observed,,false,false,,,F:W0O302:O1:.#3285|B:ALA92:CB:.#2324,,not_estimated
8OTV:model1:F:B:302,NUDT14,8OTV,1,.,B,B,94,93,.,LEU,.,23.410082550046678,false,false,false,false,observed,,false,false,,,F:W0O302:O1:.#3285|B:LEU93:CD1:.#2331,,not_estimated
8OTV:model1:F:B:302,NUDT14,8OTV,1,.,B,B,95,94,.,PRO,.,26.39046890451172,false,false,false,false,observed,,false,false,,,F:W0O302:O1:.#3285|B:PRO94:O:.#2336,,not_estimated
8OTV:model1:F:B:302,NUDT14,8OTV,1,.,B,B,96,95,.,GLY,.,25.615764482052843,false,false,false,false,observed,,false,false,,,F:W0O302:C21:.#3277|B:GLY95:O:.#2343,,not_estimated
8OTV:model1:F:B:302,NUDT14,8OTV,1,.,B,B,97,96,.,SER,.,24.787084318249292,false,false,false,false,observed,,false,false,,,F:W0O302:C21:.#3277|B:SER96:O:.#2347,,not_estimated
8OTV:model1:F:B:302,NUDT14,8OTV,1,.,B,B,98,97,.,ALA,.,21.616276529504336,false,false,false,false,observed,,false,false,,,F:W0O302:C21:.#3277|B:ALA97:O:.#2353,,not_estimated
8OTV:model1:F:B:302,NUDT14,8OTV,1,.,B,B,99,98,.,GLY,.,21.578358324951413,false,false,false,false,observed,,false,false,,,F:W0O302:C21:.#3277|B:GLY98:O:.#2358,,not_estimated
8OTV:model1:F:B:302,NUDT14,8OTV,1,.,B,B,100,99,.,VAL,.,22.59653179140551,false,false,false,false,observed,,false,false,,,F:W0O302:C21:.#3277|B:VAL99:O:.#2362,,not_estimated
8OTV:model1:F:B:302,NUDT14,8OTV,1,.,B,B,101,100,.,THR,.,19.425590235562982,false,false,false,false,observed,,false,false,,,F:W0O302:C21:.#3277|B:THR100:CG2:.#2372,,not_estimated
8OTV:model1:F:B:302,NUDT14,8OTV,1,.,B,B,102,101,.,VAL,.,20.242465314284228,false,false,false,false,observed,,false,false,,,F:W0O302:C20:.#3273|B:VAL101:O:.#2376,,not_estimated
8OTV:model1:F:B:302,NUDT14,8OTV,1,.,B,B,103,102,.,GLU,.,19.07069377343153,false,false,false,false,observed,,false,false,,,F:W0O302:C21:.#3277|B:GLU102:OE1:.#2387,,not_estimated
8OTV:model1:F:B:302,NUDT14,8OTV,1,.,B,B,104,103,.,LEU,.,20.31012176231349,false,false,false,false,observed,,false,false,,,F:W0O302:C20:.#3273|B:LEU103:CD1:.#2395,,not_estimated
8OTV:model1:F:B:302,NUDT14,8OTV,1,.,B,B,105,104,.,CYS,.,22.549159296967147,false,false,false,false,observed,,false,false,,,F:W0O302:C20:.#3273|B:CYS104:O:.#2400,,not_estimated
8OTV:model1:F:B:302,NUDT14,8OTV,1,.,B,B,106,105,.,ALA,.,20.401848886804352,false,false,false,false,observed,,false,false,,,F:W0O302:C20:.#3273|B:ALA105:CB:.#2407,,not_estimated
8OTV:model1:F:B:302,NUDT14,8OTV,1,.,B,B,107,106,.,GLY,.,20.562826483730294,false,false,false,false,observed,,false,false,,,F:W0O302:C21:.#3277|B:GLY106:O:.#2411,,not_estimated
8OTV:model1:F:B:302,NUDT14,8OTV,1,.,B,B,108,107,.,LEU,.,18.592730138417004,false,false,false,false,observed,,false,false,,,F:W0O302:C21:.#3277|B:LEU107:CD2:.#2419,,not_estimated
8OTV:model1:F:B:302,NUDT14,8OTV,1,.,B,B,109,108,.,VAL,.,20.96439355192513,false,false,false,false,observed,,false,false,,,F:W0O302:C21:.#3277|B:VAL108:CG2:.#2426,,not_estimated
8OTV:model1:F:B:302,NUDT14,8OTV,1,.,B,B,110,109,.,ASP,.,23.307923652698026,false,false,false,false,observed,,false,false,,,F:W0O302:C21:.#3277|B:ASP109:N:.#2427,,not_estimated
8OTV:model1:F:B:302,NUDT14,8OTV,1,.,B,B,111,110,.,GLN,.,25.950874070057832,false,false,false,false,observed,,false,false,,,F:W0O302:C21:.#3277|B:GLN110:N:.#2435,,not_estimated
8OTV:model1:F:B:302,NUDT14,8OTV,1,.,B,B,112,111,.,PRO,.,27.680785303166527,false,false,false,false,observed,,false,false,,,F:W0O302:N5:.#3284|B:PRO111:CD:.#2450,,not_estimated
8OTV:model1:F:B:302,NUDT14,8OTV,1,.,B,B,113,112,.,GLY,.,29.838656152715725,false,false,false,false,observed,,false,false,,,F:W0O302:C21:.#3277|B:GLY112:N:.#2451,,not_estimated
8OTV:model1:F:B:302,NUDT14,8OTV,1,.,B,B,114,113,.,LEU,.,27.628359976661663,false,false,false,false,observed,,false,false,,,F:W0O302:C21:.#3277|B:LEU113:O:.#2458,,not_estimated
8OTV:model1:F:B:302,NUDT14,8OTV,1,.,B,B,115,114,.,SER,.,27.3030753029764,false,false,false,false,observed,,false,false,,,F:W0O302:C21:.#3277|B:SER114:C:.#2465,,not_estimated
8OTV:model1:F:B:302,NUDT14,8OTV,1,.,B,B,116,115,.,LEU,.,22.49389074837877,false,false,false,false,observed,,false,false,,,F:W0O302:C20:.#3273|B:LEU115:CD1:.#2475,,not_estimated
8OTV:model1:F:B:302,NUDT14,8OTV,1,.,B,B,117,116,.,GLU,.,27.051414011101155,false,false,false,false,observed,,false,false,,,F:W0O302:C20:.#3273|B:GLU116:N:.#2477,,not_estimated
8OTV:model1:F:B:302,NUDT14,8OTV,1,.,B,B,118,117,.,GLU,.,28.988128363176536,false,false,false,false,observed,,false,false,,,F:W0O302:C21:.#3277|B:GLU117:C:.#2488,,not_estimated
8OTV:model1:F:B:302,NUDT14,8OTV,1,.,B,B,119,118,.,VAL,.,24.663724029432373,false,false,false,false,observed,,false,false,,,F:W0O302:C21:.#3277|B:VAL118:CG1:.#2500,,not_estimated
8OTV:model1:F:B:302,NUDT14,8OTV,1,.,B,B,120,119,.,ALA,.,26.0748861742482,false,false,false,false,observed,,false,false,,,F:W0O302:C20:.#3273|B:ALA119:CB:.#2506,,not_estimated
8OTV:model1:F:B:302,NUDT14,8OTV,1,.,B,B,121,120,.,CYS,.,28.850879120054557,false,false,false,false,observed,,false,false,,,F:W0O302:C20:.#3273|B:CYS120:N:.#2507,,not_estimated
8OTV:model1:F:B:302,NUDT14,8OTV,1,.,B,B,122,121,.,LYS,.,28.10401261385996,false,false,false,false,observed,,false,false,,,F:W0O302:C21:.#3277|B:LYS121:NZ:.#2521,,not_estimated
8OTV:model1:F:B:302,NUDT14,8OTV,1,.,B,B,123,122,.,GLU,.,25.364089102508686,false,false,false,false,observed,,false,false,,,F:W0O302:C21:.#3277|B:GLU122:CG:.#2527,,not_estimated
8OTV:model1:F:B:302,NUDT14,8OTV,1,.,B,B,124,123,.,ALA,.,28.65591076898447,false,false,false,false,observed,,false,false,,,F:W0O302:C20:.#3273|B:ALA123:N:.#2531,,not_estimated
8OTV:model1:F:B:302,NUDT14,8OTV,1,.,B,B,125,124,.,TRP,.,31.31404651270736,false,false,false,false,observed,,false,false,,,F:W0O302:C20:.#3273|B:TRP124:N:.#2536,,not_estimated
8OTV:model1:F:B:302,NUDT14,8OTV,1,.,B,B,126,125,.,GLU,.,29.609378058311183,false,false,false,false,observed,,false,false,,,F:W0O302:C21:.#3277|B:GLU125:OE1:.#2557,,not_estimated
8OTV:model1:F:B:302,NUDT14,8OTV,1,.,B,B,127,126,.,GLU,.,24.641372445543695,false,false,false,false,observed,,false,false,,,F:W0O302:C21:.#3277|B:GLU126:OE2:.#2567,,not_estimated
8OTV:model1:F:B:302,NUDT14,8OTV,1,.,B,B,128,127,.,CYS,.,28.55819882275491,false,false,false,false,observed,,false,false,,,F:W0O302:C20:.#3273|B:CYS127:SG:.#2573,,not_estimated
8OTV:model1:F:B:302,NUDT14,8OTV,1,.,B,B,129,128,.,GLY,.,33.036400500054484,false,false,false,false,observed,,false,false,,,F:W0O302:C20:.#3273|B:GLY128:N:.#2574,,not_estimated
8OTV:model1:F:B:302,NUDT14,8OTV,1,.,B,B,130,129,.,TYR,.,33.234144776118434,false,false,false,false,observed,,false,false,,,F:W0O302:C20:.#3273|B:TYR129:CD2:.#2585,,not_estimated
8OTV:model1:F:B:302,NUDT14,8OTV,1,.,B,B,131,130,.,HIS,.,35.65819168157578,false,false,false,false,observed,,false,false,,,F:W0O302:C20:.#3273|B:HIS130:C:.#2592,,not_estimated
8OTV:model1:F:B:302,NUDT14,8OTV,1,.,B,B,132,131,.,LEU,.,30.74239985752576,false,false,false,false,observed,,false,false,,,F:W0O302:C20:.#3273|B:LEU131:CD2:.#2607,,not_estimated
8OTV:model1:F:B:302,NUDT14,8OTV,1,.,B,B,133,132,.,ALA,.,33.424291795040325,false,false,false,false,observed,,false,false,,,F:W0O302:C20:.#3273|B:ALA132:O:.#2611,,not_estimated
8OTV:model1:F:B:302,NUDT14,8OTV,1,.,B,B,134,133,.,PRO,.,31.82850752077452,false,false,false,false,observed,,false,false,,,F:W0O302:C20:.#3273|B:PRO133:O:.#2616,,not_estimated
8OTV:model1:F:B:302,NUDT14,8OTV,1,.,B,B,135,134,.,SER,.,34.05045155354037,false,false,false,false,observed,,false,false,,,F:W0O302:C20:.#3273|B:SER134:N:.#2620,,not_estimated
8OTV:model1:F:B:302,NUDT14,8OTV,1,.,B,B,136,135,.,ASP,.,32.116280139518025,false,false,false,false,observed,,false,false,,,F:W0O302:C20:.#3273|B:ASP135:O:.#2629,,not_estimated
8OTV:model1:F:B:302,NUDT14,8OTV,1,.,B,B,137,136,.,LEU,.,28.592037160720114,false,false,false,false,observed,,false,false,,,F:W0O302:C20:.#3273|B:LEU136:CD1:.#2640,,not_estimated
8OTV:model1:F:B:302,NUDT14,8OTV,1,.,B,B,138,137,.,ARG,.,26.120763733091728,false,false,false,false,observed,,false,false,,,F:W0O302:C20:.#3273|B:ARG137:O:.#2645,,not_estimated
8OTV:model1:F:B:302,NUDT14,8OTV,1,.,B,B,139,138,.,ARG,.,23.37990361400149,false,false,false,false,observed,,false,false,,,F:W0O302:C20:.#3273|B:ARG138:CG:.#2658,,not_estimated
8OTV:model1:F:B:302,NUDT14,8OTV,1,.,B,B,140,139,.,VAL,.,21.60962651227457,false,false,false,false,observed,,false,false,,,F:W0O302:C20:.#3273|B:VAL139:O:.#2667,,not_estimated
8OTV:model1:F:B:302,NUDT14,8OTV,1,.,B,B,141,140,.,ALA,.,18.50301678105492,false,false,false,false,observed,,false,false,,,F:W0O302:C20:.#3273|B:ALA140:CB:.#2675,,not_estimated
8OTV:model1:F:B:302,NUDT14,8OTV,1,.,B,B,142,141,.,THR,.,16.09927992178532,false,false,false,false,observed,,false,false,,,F:W0O302:C20:.#3273|B:THR141:O:.#2679,,not_estimated
8OTV:model1:F:B:302,NUDT14,8OTV,1,.,B,B,143,142,.,TYR,.,12.920607803040845,false,false,false,false,observed,,false,false,,,F:W0O302:C20:.#3273|B:TYR142:C:.#2685,,not_estimated
8OTV:model1:F:B:302,NUDT14,8OTV,1,.,B,B,144,143,.,TRP,.,9.23794268222097,false,false,false,false,observed,,false,false,,,F:W0O302:C20:.#3273|B:TRP143:O:.#2698,,not_estimated
8OTV:model1:F:B:302,NUDT14,8OTV,1,.,B,B,145,144,.,SER,.,8.255799234477545,false,false,false,false,observed,,false,false,,,F:W0O302:C20:.#3273|B:SER144:O:.#2712,,not_estimated
8OTV:model1:F:B:302,NUDT14,8OTV,1,.,B,B,146,145,.,GLY,.,7.015235847781598,false,false,false,false,observed,,false,false,,,F:W0O302:C21:.#3277|B:GLY145:C:.#2717,,not_estimated
8OTV:model1:F:B:302,NUDT14,8OTV,1,.,B,B,147,146,.,VAL,.,4.178762256936855,false,false,true,true,observed,,false,false,,,F:W0O302:C20:.#3273|B:VAL146:CG2:.#2725,,not_estimated
8OTV:model1:F:B:302,NUDT14,8OTV,1,.,B,B,148,147,.,GLY,.,3.838422332156794,false,true,true,true,observed,,false,false,,,F:W0O302:C21:.#3277|B:GLY147:CA:.#2727,,not_estimated
8OTV:model1:F:B:302,NUDT14,8OTV,1,.,B,B,149,148,.,LEU,.,3.3118398210058415,true,true,true,true,observed,,false,false,,,F:W0O302:N5:.#3284|B:LEU148:CD2:.#2737,,not_estimated
8OTV:model1:F:B:302,NUDT14,8OTV,1,.,B,B,150,149,.,THR,.,7.250865672455944,false,false,false,false,observed,,false,false,,,F:W0O302:C14:.#3267|B:THR149:N:.#2738,,not_estimated
8OTV:model1:F:B:302,NUDT14,8OTV,1,.,B,B,151,150,.,GLY,.,9.831252921169307,false,false,false,false,observed,,false,false,,,F:W0O302:C21:.#3277|B:GLY150:N:.#2745,,not_estimated
8OTV:model1:F:B:302,NUDT14,8OTV,1,.,B,B,152,151,.,SER,.,11.134055640241789,false,false,false,false,observed,,false,false,,,F:W0O302:C21:.#3277|B:SER151:N:.#2749,,not_estimated
8OTV:model1:F:B:302,NUDT14,8OTV,1,.,B,B,153,152,.,ARG,.,13.792333413893386,false,false,false,false,observed,,false,false,,,F:W0O302:C21:.#3277|B:ARG152:N:.#2755,,not_estimated
8OTV:model1:F:B:302,NUDT14,8OTV,1,.,B,B,154,153,.,GLN,.,14.926081870336903,false,false,false,false,observed,,false,false,,,F:W0O302:C20:.#3273|B:GLN153:N:.#2766,,not_estimated
8OTV:model1:F:B:302,NUDT14,8OTV,1,.,B,B,155,154,.,THR,.,17.912283522767275,false,false,false,false,observed,,false,false,,,F:W0O302:C20:.#3273|B:THR154:N:.#2775,,not_estimated
8OTV:model1:F:B:302,NUDT14,8OTV,1,.,B,B,156,155,.,MET,.,19.677315416489108,false,false,false,false,observed,,false,false,,,F:W0O302:C20:.#3273|B:MET155:CB:.#2786,,not_estimated
8OTV:model1:F:B:302,NUDT14,8OTV,1,.,B,B,157,156,.,PHE,.,22.752124340377534,false,false,false,false,observed,,false,false,,,F:W0O302:C20:.#3273|B:PHE156:N:.#2790,,not_estimated
8OTV:model1:F:B:302,NUDT14,8OTV,1,.,B,B,158,157,.,TYR,.,25.901516731651064,false,false,false,false,observed,,false,false,,,F:W0O302:C20:.#3273|B:TYR157:N:.#2801,,not_estimated
8OTV:model1:F:B:302,NUDT14,8OTV,1,.,B,B,159,158,.,THR,.,28.947350776884576,false,false,false,false,observed,,false,false,,,F:W0O302:C20:.#3273|B:THR158:N:.#2813,,not_estimated
8OTV:model1:F:B:302,NUDT14,8OTV,1,.,B,B,160,159,.,GLU,.,32.30759313226537,false,false,false,false,observed,,false,false,,,F:W0O302:C20:.#3273|B:GLU159:N:.#2820,,not_estimated
8OTV:model1:F:B:302,NUDT14,8OTV,1,.,B,B,161,160,.,VAL,.,33.766115693102755,false,false,false,false,observed,,false,false,,,F:W0O302:C20:.#3273|B:VAL160:CG1:.#2834,,not_estimated
8OTV:model1:F:B:302,NUDT14,8OTV,1,.,B,B,162,161,.,THR,.,37.521308252778184,false,false,false,false,observed,,false,false,,,F:W0O302:C20:.#3273|B:THR161:N:.#2836,,not_estimated
8OTV:model1:F:B:302,NUDT14,8OTV,1,.,B,B,163,162,.,ASP,.,39.25845471997083,false,false,false,false,observed,,false,false,,,F:W0O302:C20:.#3273|B:ASP162:OD1:.#2849,,not_estimated
8OTV:model1:F:B:302,NUDT14,8OTV,1,.,B,B,164,163,.,ALA,.,41.16873207909129,false,false,false,false,observed,,false,false,,,F:W0O302:C20:.#3273|B:ALA163:C:.#2853,,not_estimated
8OTV:model1:F:B:302,NUDT14,8OTV,1,.,B,B,165,164,.,GLN,.,36.60657398610255,false,false,false,false,observed,,false,false,,,F:W0O302:C20:.#3273|B:GLN164:NE2:.#2864,,not_estimated
8OTV:model1:F:B:302,NUDT14,8OTV,1,.,B,B,166,165,.,ARG,.,36.335276935782396,false,false,false,false,observed,,false,false,,,F:W0O302:C20:.#3273|B:ARG165:NH2:.#2875,,not_estimated
8OTV:model1:F:B:302,NUDT14,8OTV,1,.,B,B,167,166,.,SER,.,38.60606203693923,false,false,false,false,observed,,false,false,,,F:W0O302:C20:.#3273|B:SER166:OG:.#2881,,not_estimated
8OTV:model1:F:B:302,NUDT14,8OTV,1,.,B,B,168,167,.,GLY,.,40.93024193673915,false,false,false,false,observed,,false,false,,,F:W0O302:C21:.#3277|B:GLY167:O:.#2885,,not_estimated
8OTV:model1:F:B:302,NUDT14,8OTV,1,.,B,B,169,168,.,PRO,.,41.83460225698339,false,false,false,false,observed,,false,false,,,F:W0O302:C21:.#3277|B:PRO168:CA:.#2887,,not_estimated
8OTV:model1:F:B:302,NUDT14,8OTV,1,.,B,B,170,?,.,GLY,.,,,,,,refused,unobserved_residue,false,false,whole_residue,,,,not_estimated
8OTV:model1:F:B:302,NUDT14,8OTV,1,.,B,B,171,?,.,GLY,.,,,,,,refused,unobserved_residue,false,false,whole_residue,,,,not_estimated
8OTV:model1:F:B:302,NUDT14,8OTV,1,.,B,B,172,?,.,GLY,.,,,,,,refused,unobserved_residue,false,false,whole_residue,,,,not_estimated
8OTV:model1:F:B:302,NUDT14,8OTV,1,.,B,B,173,?,.,LEU,.,,,,,,refused,unobserved_residue,false,false,whole_residue,,,,not_estimated
8OTV:model1:F:B:302,NUDT14,8OTV,1,.,B,B,174,?,.,VAL,.,,,,,,refused,unobserved_residue,false,false,whole_residue,,,,not_estimated
8OTV:model1:F:B:302,NUDT14,8OTV,1,.,B,B,175,?,.,GLU,.,,,,,,refused,unobserved_residue,false,false,whole_residue,,,,not_estimated
8OTV:model1:F:B:302,NUDT14,8OTV,1,.,B,B,176,?,.,GLU,.,,,,,,refused,unobserved_residue,false,false,whole_residue,,,,not_estimated
8OTV:model1:F:B:302,NUDT14,8OTV,1,.,B,B,177,?,.,GLY,.,,,,,,refused,unobserved_residue,false,false,whole_residue,,,,not_estimated
8OTV:model1:F:B:302,NUDT14,8OTV,1,.,B,B,178,?,.,GLU,.,,,,,,refused,unobserved_residue,false,false,whole_residue,,,,not_estimated
8OTV:model1:F:B:302,NUDT14,8OTV,1,.,B,B,179,178,.,LEU,.,28.420655604683013,false,false,false,false,observed,,false,false,,,F:W0O302:C21:.#3277|B:LEU178:O:.#2896,,not_estimated
8OTV:model1:F:B:302,NUDT14,8OTV,1,.,B,B,180,179,.,ILE,.,26.49948031565902,false,false,false,false,observed,,false,false,,,F:W0O302:C21:.#3277|B:ILE179:CD1:.#2908,,not_estimated
8OTV:model1:F:B:302,NUDT14,8OTV,1,.,B,B,181,180,.,GLU,.,28.686537086236115,false,false,false,false,observed,,false,false,,,F:W0O302:C20:.#3273|B:GLU180:O:.#2912,,not_estimated
8OTV:model1:F:B:302,NUDT14,8OTV,1,.,B,B,182,181,.,VAL,.,30.675020603090065,false,false,false,false,observed,,false,false,,,F:W0O302:C20:.#3273|B:VAL181:CA:.#2919,,not_estimated
8OTV:model1:F:B:302,NUDT14,8OTV,1,.,B,B,183,182,.,VAL,.,28.713920874725556,false,false,false,false,observed,,false,false,,,F:W0O302:C20:.#3273|B:VAL182:CG2:.#2931,,not_estimated
8OTV:model1:F:B:302,NUDT14,8OTV,1,.,B,B,184,183,.,HIS,.,31.50753024278482,false,false,false,false,observed,,false,false,,,F:W0O302:C20:.#3273|B:HIS183:N:.#2932,,not_estimated
8OTV:model1:F:B:302,NUDT14,8OTV,1,.,B,B,185,184,.,LEU,.,27.208136742526126,false,false,false,false,observed,,false,false,,,F:W0O302:C20:.#3273|B:LEU184:CD2:.#2949,,not_estimated
8OTV:model1:F:B:302,NUDT14,8OTV,1,.,B,B,186,185,.,PRO,.,31.698691234812834,false,false,false,false,observed,,false,false,,,F:W0O302:C20:.#3273|B:PRO185:O:.#2953,,not_estimated
8OTV:model1:F:B:302,NUDT14,8OTV,1,.,B,B,187,186,.,LEU,.,31.289006455942317,false,false,false,false,observed,,false,false,,,F:W0O302:C20:.#3273|B:LEU186:CD2:.#2964,,not_estimated
8OTV:model1:F:B:302,NUDT14,8OTV,1,.,B,B,188,187,.,GLU,.,32.95373819462672,false,false,false,false,observed,,false,false,,,F:W0O302:C20:.#3273|B:GLU187:O:.#2968,,not_estimated
8OTV:model1:F:B:302,NUDT14,8OTV,1,.,B,B,189,188,.,GLY,.,29.432341021400255,false,false,false,false,observed,,false,false,,,F:W0O302:C20:.#3273|B:GLY188:O:.#2977,,not_estimated
8OTV:model1:F:B:302,NUDT14,8OTV,1,.,B,B,190,189,.,ALA,.,26.457865919230905,false,false,false,false,observed,,false,false,,,F:W0O302:C20:.#3273|B:ALA189:O:.#2981,,not_estimated
8OTV:model1:F:B:302,NUDT14,8OTV,1,.,B,B,191,190,.,GLN,.,24.06424021239815,false,false,false,false,observed,,false,false,,,F:W0O302:C19:.#3272|B:GLN190:NE2:.#2991,,not_estimated
8OTV:model1:F:B:302,NUDT14,8OTV,1,.,B,B,192,191,.,ALA,.,26.3796796796322,false,false,false,false,observed,,false,false,,,F:W0O302:C19:.#3272|B:ALA191:O:.#2995,,not_estimated
8OTV:model1:F:B:302,NUDT14,8OTV,1,.,B,B,193,192,.,PHE,.,24.269042688165516,false,false,false,false,observed,,false,false,,,F:W0O302:C20:.#3273|B:PHE192:O:.#3000,,not_estimated
8OTV:model1:F:B:302,NUDT14,8OTV,1,.,B,B,194,193,.,ALA,.,21.412449766432612,false,false,false,false,observed,,false,false,,,F:W0O302:C20:.#3273|B:ALA193:O:.#3011,,not_estimated
8OTV:model1:F:B:302,NUDT14,8OTV,1,.,B,B,195,194,.,ASP,.,22.81088849650535,false,false,false,false,observed,,false,false,,,F:W0O302:C19:.#3272|B:ASP194:O:.#3016,,not_estimated
8OTV:model1:F:B:302,NUDT14,8OTV,1,.,B,B,196,195,.,ASP,.,22.435210362285442,false,false,false,false,observed,,false,false,,,F:W0O302:C19:.#3272|B:ASP195:O:.#3024,,not_estimated
8OTV:model1:F:B:302,NUDT14,8OTV,1,.,B,B,197,196,.,PRO,.,21.27163613829458,false,false,false,false,observed,,false,false,,,F:W0O302:C19:.#3272|B:PRO196:CB:.#3033,,not_estimated
8OTV:model1:F:B:302,NUDT14,8OTV,1,.,B,B,198,197,.,ASP,.,23.362167793250695,false,false,false,false,observed,,false,false,,,F:W0O302:C19:.#3272|B:ASP197:N:.#3036,,not_estimated
8OTV:model1:F:B:302,NUDT14,8OTV,1,.,B,B,199,198,.,ILE,.,21.199359825240006,false,false,false,false,observed,,false,false,,,F:W0O302:C20:.#3273|B:ILE198:O:.#3047,,not_estimated
8OTV:model1:F:B:302,NUDT14,8OTV,1,.,B,B,200,199,.,PRO,.,20.175560710919537,false,false,false,false,observed,,false,false,,,F:W0O302:C20:.#3273|B:PRO199:C:.#3054,,not_estimated
8OTV:model1:F:B:302,NUDT14,8OTV,1,.,B,B,201,200,.,LYS,.,16.7425583767834,false,false,false,false,observed,,false,false,,,F:W0O302:C20:.#3273|B:LYS200:O:.#3062,,not_estimated
8OTV:model1:F:B:302,NUDT14,8OTV,1,.,B,B,202,201,.,THR,.,15.857517018751707,false,false,false,false,observed,,false,false,,,F:W0O302:C20:.#3273|B:THR201:C:.#3070,,not_estimated
8OTV:model1:F:B:302,NUDT14,8OTV,1,.,B,B,203,202,.,LEU,.,11.792859110495641,false,false,false,false,observed,,false,false,,,F:W0O302:C20:.#3273|B:LEU202:CD2:.#3082,,not_estimated
8OTV:model1:F:B:302,NUDT14,8OTV,1,.,B,B,204,203,.,GLY,.,15.70573720014441,false,false,false,false,observed,,false,false,,,F:W0O302:C20:.#3273|B:GLY203:N:.#3083,,not_estimated
8OTV:model1:F:B:302,NUDT14,8OTV,1,.,B,B,205,204,.,VAL,.,18.44464466993062,false,false,false,false,observed,,false,false,,,F:W0O302:C20:.#3273|B:VAL204:N:.#3087,,not_estimated
8OTV:model1:F:B:302,NUDT14,8OTV,1,.,B,B,206,205,.,ILE,.,17.23698468410296,false,false,false,false,observed,,false,false,,,F:W0O302:C20:.#3273|B:ILE205:CD1:.#3101,,not_estimated
8OTV:model1:F:B:302,NUDT14,8OTV,1,.,B,B,207,206,.,PHE,.,17.584111094962978,false,false,false,false,observed,,false,false,,,F:W0O302:C20:.#3273|B:PHE206:CB:.#3106,,not_estimated
8OTV:model1:F:B:302,NUDT14,8OTV,1,.,B,B,208,207,.,GLY,.,20.244114478040277,false,false,false,false,observed,,false,false,,,F:W0O302:C20:.#3273|B:GLY207:N:.#3113,,not_estimated
8OTV:model1:F:B:302,NUDT14,8OTV,1,.,B,B,209,208,.,VAL,.,22.711348462828006,false,false,false,false,observed,,false,false,,,F:W0O302:C20:.#3273|B:VAL208:N:.#3117,,not_estimated
8OTV:model1:F:B:302,NUDT14,8OTV,1,.,B,B,210,209,.,SER,.,21.791802036545764,false,false,false,false,observed,,false,false,,,F:W0O302:C20:.#3273|B:SER209:OG:.#3129,,not_estimated
8OTV:model1:F:B:302,NUDT14,8OTV,1,.,B,B,211,210,.,TRP,.,22.75467437692748,false,false,false,false,observed,,false,false,,,F:W0O302:C20:.#3273|B:TRP210:CB:.#3134,,not_estimated
8OTV:model1:F:B:302,NUDT14,8OTV,1,.,B,B,212,211,.,PHE,.,25.356988425284264,false,false,false,false,observed,,false,false,,,F:W0O302:C20:.#3273|B:PHE211:N:.#3144,,not_estimated
8OTV:model1:F:B:302,NUDT14,8OTV,1,.,B,B,213,212,.,LEU,.,27.38685929419436,false,false,false,false,observed,,false,false,,,F:W0O302:C20:.#3273|B:LEU212:N:.#3155,,not_estimated
8OTV:model1:F:B:302,NUDT14,8OTV,1,.,B,B,214,213,.,SER,.,25.96436167133712,false,false,false,false,observed,,false,false,,,F:W0O302:C20:.#3273|B:SER213:OG:.#3168,,not_estimated
8OTV:model1:F:B:302,NUDT14,8OTV,1,.,B,B,215,214,.,GLN,.,26.194724068025607,false,false,false,false,observed,,false,false,,,F:W0O302:C20:.#3273|B:GLN214:CG:.#3174,,not_estimated
8OTV:model1:F:B:302,NUDT14,8OTV,1,.,B,B,216,215,.,VAL,.,29.322312391760647,false,false,false,false,observed,,false,false,,,F:W0O302:C20:.#3273|B:VAL215:CG2:.#3184,,not_estimated
8OTV:model1:F:B:302,NUDT14,8OTV,1,.,B,B,217,216,.,ALA,.,31.4859707330106,false,false,false,false,observed,,false,false,,,F:W0O302:C20:.#3273|B:ALA216:N:.#3185,,not_estimated
8OTV:model1:F:B:302,NUDT14,8OTV,1,.,B,B,218,217,.,PRO,.,32.013946617060505,false,false,false,false,observed,,false,false,,,F:W0O302:C20:.#3273|B:PRO217:CD:.#3196,,not_estimated
8OTV:model1:F:B:302,NUDT14,8OTV,1,.,B,B,219,218,.,ASN,.,34.31340512103105,false,false,false,false,observed,,false,false,,,F:W0O302:C20:.#3273|B:ASN218:ND2:.#3204,,not_estimated
8OTV:model1:F:B:302,NUDT14,8OTV,1,.,B,B,220,219,.,LEU,.,35.44889555402255,false,false,false,false,observed,,false,false,,,F:W0O302:C20:.#3273|B:LEU219:CD1:.#3211,,not_estimated
8OTV:model1:F:B:302,NUDT14,8OTV,1,.,B,B,221,220,.,ASP,.,39.93257804099305,false,false,false,false,observed,,false,false,,,F:W0O302:C20:.#3273|B:ASP220:N:.#3213,,not_estimated
8OTV:model1:F:B:302,NUDT14,8OTV,1,.,B,B,222,?,.,LEU,.,,,,,,refused,unobserved_residue,false,false,whole_residue,,,,not_estimated
8OTV:model1:F:B:302,NUDT14,8OTV,1,.,B,B,223,?,.,GLN,.,,,,,,refused,unobserved_residue,false,false,whole_residue,,,,not_estimated
8RIY:model1:C:AAA:301,NUDT5,8RIY,1,.,A,AAA,1,?,.,SER,.,,,,,,refused,unobserved_residue,false,false,whole_residue,,,,not_estimated
8RIY:model1:C:AAA:301,NUDT5,8RIY,1,.,A,AAA,2,?,.,MET,.,,,,,,refused,unobserved_residue,false,false,whole_residue,,,,not_estimated
8RIY:model1:C:AAA:301,NUDT5,8RIY,1,.,A,AAA,3,?,.,GLU,.,,,,,,refused,unobserved_residue,false,false,whole_residue,,,,not_estimated
8RIY:model1:C:AAA:301,NUDT5,8RIY,1,.,A,AAA,4,?,.,SER,.,,,,,,refused,unobserved_residue,false,false,whole_residue,,,,not_estimated
8RIY:model1:C:AAA:301,NUDT5,8RIY,1,.,A,AAA,5,?,.,GLN,.,,,,,,refused,unobserved_residue,false,false,whole_residue,,,,not_estimated
8RIY:model1:C:AAA:301,NUDT5,8RIY,1,.,A,AAA,6,?,.,GLU,.,,,,,,refused,unobserved_residue,false,false,whole_residue,,,,not_estimated
8RIY:model1:C:AAA:301,NUDT5,8RIY,1,.,A,AAA,7,?,.,PRO,.,,,,,,refused,unobserved_residue,false,false,whole_residue,,,,not_estimated
8RIY:model1:C:AAA:301,NUDT5,8RIY,1,.,A,AAA,8,?,.,THR,.,,,,,,refused,unobserved_residue,false,false,whole_residue,,,,not_estimated
8RIY:model1:C:AAA:301,NUDT5,8RIY,1,.,A,AAA,9,?,.,GLU,.,,,,,,refused,unobserved_residue,false,false,whole_residue,,,,not_estimated
8RIY:model1:C:AAA:301,NUDT5,8RIY,1,.,A,AAA,10,?,.,SER,.,,,,,,refused,unobserved_residue,false,false,whole_residue,,,,not_estimated
8RIY:model1:C:AAA:301,NUDT5,8RIY,1,.,A,AAA,11,?,.,SER,.,,,,,,refused,unobserved_residue,false,false,whole_residue,,,,not_estimated
8RIY:model1:C:AAA:301,NUDT5,8RIY,1,.,A,AAA,12,?,.,GLN,.,,,,,,refused,unobserved_residue,false,false,whole_residue,,,,not_estimated
8RIY:model1:C:AAA:301,NUDT5,8RIY,1,.,A,AAA,13,?,.,ASN,.,,,,,,refused,unobserved_residue,false,false,whole_residue,,,,not_estimated
8RIY:model1:C:AAA:301,NUDT5,8RIY,1,.,A,AAA,14,?,.,GLY,.,,,,,,refused,unobserved_residue,false,false,whole_residue,,,,not_estimated
8RIY:model1:C:AAA:301,NUDT5,8RIY,1,.,A,AAA,15,14,.,LYS,.,23.520609792265166,false,false,false,false,observed,,false,false,,,C:W0O301:C20:.#2940|A:LYS14:C:.#3,,not_estimated
8RIY:model1:C:AAA:301,NUDT5,8RIY,1,.,A,AAA,16,15,.,GLN,.,20.05231186172806,false,false,false,false,observed,,false,false,,,C:W0O301:C20:.#2940|A:GLN15:OE1:.#17,,not_estimated
8RIY:model1:C:AAA:301,NUDT5,8RIY,1,.,A,AAA,17,16,.,TYR,.,18.465567226597724,false,false,false,false,observed,,false,false,,,C:W0O301:C20:.#2940|A:TYR16:C:.#21,,not_estimated
8RIY:model1:C:AAA:301,NUDT5,8RIY,1,.,A,AAA,18,17,.,ILE,.,13.234978239498544,false,false,false,false,observed,,false,false,,,C:W0O301:C20:.#2940|A:ILE17:CD1:.#38,,not_estimated
8RIY:model1:C:AAA:301,NUDT5,8RIY,1,.,A,AAA,19,18,.,ILE,.,18.435166693035352,false,false,false,false,observed,,false,false,,,C:W0O301:C20:.#2940|A:ILE18:N:.#39,,not_estimated
8RIY:model1:C:AAA:301,NUDT5,8RIY,1,.,A,AAA,20,19,.,SER,.,15.720569741583793,false,false,false,false,observed,,false,false,,,C:W0O301:C20:.#2940|A:SER19:O:.#50,,not_estimated
8RIY:model1:C:AAA:301,NUDT5,8RIY,1,.,A,AAA,21,20,.,GLU,.,10.001273918856537,false,false,false,false,observed,,false,false,,,C:W0O301:C20:.#2940|A:GLU20:OE1:.#60,,not_estimated
8RIY:model1:C:AAA:301,NUDT5,8RIY,1,.,A,AAA,22,21,.,GLU,.,14.253355850465535,false,false,false,false,partial_observed,,false,false,CD:?:flag1;CG:?:flag1;OE1:?:flag1;OE2:?:flag1,,C:W0O301:C20:.#2940|A:GLU21:O:.#65,,not_estimated
8RIY:model1:C:AAA:301,NUDT5,8RIY,1,.,A,AAA,23,22,.,LEU,.,12.718344113916718,false,false,false,false,observed,,false,false,,,C:W0O301:C20:.#2940|A:LEU22:CD1:.#73,,not_estimated
8RIY:model1:C:AAA:301,NUDT5,8RIY,1,.,A,AAA,24,23,.,ILE,.,14.11339370952288,false,false,false,false,observed,,false,false,,,C:W0O301:C20:.#2940|A:ILE23:N:.#75,,not_estimated
8RIY:model1:C:AAA:301,NUDT5,8RIY,1,.,A,AAA,25,24,.,SER,.,11.482173182808207,false,false,false,false,observed,,false,false,,,C:W0O301:N5:.#2951|A:SER24:O:.#86,,not_estimated
8RIY:model1:C:AAA:301,NUDT5,8RIY,1,.,A,AAA,26,25,.,GLU,.,10.516364010436305,false,false,false,false,observed,,false,false,,,C:W0O301:N5:.#2951|A:GLU25:C:.#91,,not_estimated
8RIY:model1:C:AAA:301,NUDT5,8RIY,1,.,A,AAA,27,26,.,GLY,.,8.355807082502563,false,false,false,false,observed,,false,false,,,C:W0O301:N5:.#2951|A:GLY26:C:.#100,,not_estimated
8RIY:model1:C:AAA:301,NUDT5,8RIY,1,.,A,AAA,28,27,.,LYS,.,6.925326707094764,false,false,false,false,observed,,false,false,,,C:W0O301:C8:.#2929|A:LYS27:CB:.#106,,not_estimated
8RIY:model1:C:AAA:301,NUDT5,8RIY,1,.,A,AAA,29,28,.,TRP,.,3.067194320547688,true,true,true,true,observed,,false,false,,,C:W0O301:N4:.#2950|A:TRP28:CE3:.#121,,not_estimated
8RIY:model1:C:AAA:301,NUDT5,8RIY,1,.,A,AAA,30,29,.,VAL,.,4.378902488067071,false,false,true,true,observed,,false,false,,,C:W0O301:C21:.#2944|A:VAL29:CG2:.#131,,not_estimated
8RIY:model1:C:AAA:301,NUDT5,8RIY,1,.,A,AAA,31,30,.,LYS,.,7.059169427064347,false,false,false,false,observed,,false,false,,,C:W0O301:C21:.#2944|A:LYS30:O:.#135,,not_estimated
8RIY:model1:C:AAA:301,NUDT5,8RIY,1,.,A,AAA,32,31,.,LEU,.,9.284307082383693,false,false,false,false,observed,,false,false,,,C:W0O301:C21:.#2944|A:LEU31:N:.#141,,not_estimated
8RIY:model1:C:AAA:301,NUDT5,8RIY,1,.,A,AAA,33,32,.,GLU,.,10.08985886918147,false,false,false,false,observed,,false,false,,,C:W0O301:C20:.#2940|A:GLU32:OE1:.#156,,not_estimated
8RIY:model1:C:AAA:301,NUDT5,8RIY,1,.,A,AAA,34,33,.,LYS,.,13.285337368693355,false,false,false,false,observed,,false,false,,,C:W0O301:C20:.#2940|A:LYS33:N:.#158,,not_estimated
8RIY:model1:C:AAA:301,NUDT5,8RIY,1,.,A,AAA,35,34,.,THR,.,11.6421928346854,false,false,false,false,observed,,false,false,,,C:W0O301:C20:.#2940|A:THR34:OG1:.#172,,not_estimated
8RIY:model1:C:AAA:301,NUDT5,8RIY,1,.,A,AAA,36,35,.,THR,.,16.358981019611214,false,false,false,false,observed,,false,false,,,C:W0O301:C20:.#2940|A:THR35:N:.#174,,not_estimated
8RIY:model1:C:AAA:301,NUDT5,8RIY,1,.,A,AAA,37,36,.,TYR,.,17.083543221474873,false,false,false,false,observed,,false,false,,,C:W0O301:C20:.#2940|A:TYR36:CD1:.#187,,not_estimated
8RIY:model1:C:AAA:301,NUDT5,8RIY,1,.,A,AAA,38,37,.,MET,.,20.472864992472356,false,false,false,false,observed,,false,false,,,C:W0O301:C20:.#2940|A:MET37:N:.#193,,not_estimated
8RIY:model1:C:AAA:301,NUDT5,8RIY,1,.,A,AAA,39,38,.,ASP,.,22.53282197151524,false,false,false,false,observed,,false,false,,,C:W0O301:C20:.#2940|A:ASP38:N:.#201,,not_estimated
8RIY:model1:C:AAA:301,NUDT5,8RIY,1,.,A,AAA,40,39,.,PRO,.,23.94578683192515,false,false,false,false,observed,,false,false,,,C:W0O301:C20:.#2940|A:PRO39:CD:.#215,,not_estimated
8RIY:model1:C:AAA:301,NUDT5,8RIY,1,.,A,AAA,41,40,.,THR,.,27.008575934321307,false,false,false,false,observed,,false,false,,,C:W0O301:C20:.#2940|A:THR40:N:.#216,,not_estimated
8RIY:model1:C:AAA:301,NUDT5,8RIY,1,.,A,AAA,42,41,.,GLY,.,27.55406788479698,false,false,false,false,observed,,false,false,,,C:W0O301:C20:.#2940|A:GLY41:C:.#225,,not_estimated
8RIY:model1:C:AAA:301,NUDT5,8RIY,1,.,A,AAA,43,42,.,LYS,.,24.233508495469657,false,false,false,false,observed,,false,false,,,C:W0O301:C20:.#2940|A:LYS42:O:.#230,,not_estimated
8RIY:model1:C:AAA:301,NUDT5,8RIY,1,.,A,AAA,44,43,.,THR,.,22.94946559290652,false,false,false,false,observed,,false,false,,,C:W0O301:C20:.#2940|A:THR43:C:.#238,,not_estimated
8RIY:model1:C:AAA:301,NUDT5,8RIY,1,.,A,AAA,45,44,.,ARG,.,19.329839652723454,false,false,false,false,observed,,false,false,,,C:W0O301:C20:.#2940|A:ARG44:O:.#246,,not_estimated
8RIY:model1:C:AAA:301,NUDT5,8RIY,1,.,A,AAA,46,45,.,THR,.,16.89387525110802,false,false,false,false,observed,,false,false,,,C:W0O301:C20:.#2940|A:THR45:C:.#256,,not_estimated
8RIY:model1:C:AAA:301,NUDT5,8RIY,1,.,A,AAA,47,46,.,TRP,.,12.12286884363598,false,false,false,false,observed,,false,false,,,C:W0O301:C20:.#2940|A:TRP46:CD1:.#267,,not_estimated
8RIY:model1:C:AAA:301,NUDT5,8RIY,1,.,A,AAA,48,47,.,GLU,.,10.705348289523325,false,false,false,false,observed,,false,false,,,C:W0O301:C20:.#2940|A:GLU47:O:.#278,,not_estimated
8RIY:model1:C:AAA:301,NUDT5,8RIY,1,.,A,AAA,49,48,.,SER,.,7.735341621415307,false,false,false,false,observed,,false,false,,,C:W0O301:C20:.#2940|A:SER48:C:.#286,,not_estimated
8RIY:model1:C:AAA:301,NUDT5,8RIY,1,.,A,AAA,50,49,.,VAL,.,4.138365619420307,false,false,true,true,observed,,false,false,,,C:W0O301:C20:.#2940|A:VAL49:O:.#293,,not_estimated
8RIY:model1:C:AAA:301,NUDT5,8RIY,1,.,A,AAA,51,50,.,LYS,.,4.033102775779465,false,false,true,true,observed,,false,false,,,C:W0O301:C20:.#2940|A:LYS50:CA:.#298,,not_estimated
8RIY:model1:C:AAA:301,NUDT5,8RIY,1,.,A,AAA,52,51,.,ARG,.,3.7555613428620767,false,true,true,true,partial_observed,,true,false,CZ:?:flag0,A:ARG51:CZ:.#314,C:W0O301:C20:.#2940|A:ARG51:N:.#306,,not_estimated
8RIY:model1:C:AAA:301,NUDT5,8RIY,1,.,A,AAA,53,52,.,THR,.,6.531633027046145,false,false,false,false,observed,,false,false,,,C:W0O301:C14:.#2934|A:THR52:N:.#317,,not_estimated
8RIY:model1:C:AAA:301,NUDT5,8RIY,1,.,A,AAA,54,53,.,THR,.,7.2987885296122945,false,false,false,false,observed,,false,false,,,C:W0O301:C18:.#2938|A:THR53:O:.#327,,not_estimated
8RIY:model1:C:AAA:301,NUDT5,8RIY,1,.,A,AAA,55,54,.,ARG,.,8.683694893304347,false,false,false,false,partial_observed,,false,false,CD:?:flag1;CZ:?:flag1;NE:?:flag1;NH1:?:flag1;NH2:?:flag1,,C:W0O301:C18:.#2938|A:ARG54:C:.#333,,not_estimated
8RIY:model1:C:AAA:301,NUDT5,8RIY,1,.,A,AAA,56,55,.,LYS,.,7.334879480945821,false,false,false,false,partial_observed,,false,false,CD:?:flag1;CE:?:flag1;CG:?:flag1;NZ:?:flag1,,C:W0O301:C18:.#2938|A:LYS55:CB:.#341,,not_estimated
8RIY:model1:C:AAA:301,NUDT5,8RIY,1,.,A,AAA,57,56,.,GLU,.,10.663560662367892,false,false,false,false,partial_observed,,false,false,CD:?:flag1;CG:?:flag1;OE1:?:flag1;OE2:?:flag1,,C:W0O301:C18:.#2938|A:GLU56:N:.#342,,not_estimated
8RIY:model1:C:AAA:301,NUDT5,8RIY,1,.,A,AAA,58,57,.,GLN,.,9.980094488530657,false,false,false,false,partial_observed,,false,false,CD:?:flag1;CG:?:flag1;NE2:?:flag1;OE1:?:flag1,,C:W0O301:C18:.#2938|A:GLN57:O:.#350,,not_estimated
8RIY:model1:C:AAA:301,NUDT5,8RIY,1,.,A,AAA,59,58,.,THR,.,9.083078167669811,false,false,false,false,observed,,false,false,,,C:W0O301:C18:.#2938|A:THR58:O:.#355,,not_estimated
8RIY:model1:C:AAA:301,NUDT5,8RIY,1,.,A,AAA,60,59,.,ALA,.,7.586053849004765,false,false,false,false,observed,,false,false,,,C:W0O301:C18:.#2938|A:ALA59:C:.#361,,not_estimated
8RIY:model1:C:AAA:301,NUDT5,8RIY,1,.,A,AAA,61,60,.,ASP,.,3.6900837388872354,false,true,true,true,observed,,false,false,,,C:W0O301:C18:.#2938|A:ASP60:CG:.#369,,not_estimated
8RIY:model1:C:AAA:301,NUDT5,8RIY,1,.,A,AAA,62,61,.,GLY,.,6.777115020419826,false,false,false,false,observed,,false,false,,,C:W0O301:C18:.#2938|A:GLY61:N:.#372,,not_estimated
8RIY:model1:C:AAA:301,NUDT5,8RIY,1,.,A,AAA,63,62,.,VAL,.,9.7294876535201,false,false,false,false,observed,,false,false,,,C:W0O301:C17:.#2937|A:VAL62:N:.#376,,not_estimated
8RIY:model1:C:AAA:301,NUDT5,8RIY,1,.,A,AAA,64,63,.,ALA,.,11.718322490868735,false,false,false,false,observed,,false,false,,,C:W0O301:C17:.#2937|A:ALA63:N:.#383,,not_estimated
8RIY:model1:C:AAA:301,NUDT5,8RIY,1,.,A,AAA,65,64,.,VAL,.,14.553266093904833,false,false,false,false,observed,,false,false,,,C:W0O301:C4:.#2926|A:VAL64:CG2:.#394,,not_estimated
8RIY:model1:C:AAA:301,NUDT5,8RIY,1,.,A,AAA,66,65,.,ILE,.,17.96874678434754,false,false,false,false,observed,,false,false,,,C:W0O301:C17:.#2937|A:ILE65:N:.#395,,not_estimated
8RIY:model1:C:AAA:301,NUDT5,8RIY,1,.,A,AAA,67,66,.,PRO,.,18.656619549103745,false,false,false,false,observed,,false,false,,,C:W0O301:C4:.#2926|A:PRO66:CG:.#408,,not_estimated
8RIY:model1:C:AAA:301,NUDT5,8RIY,1,.,A,AAA,68,67,.,VAL,.,22.940409608374477,false,false,false,false,observed,,false,false,,,C:W0O301:C4:.#2926|A:VAL67:N:.#410,,not_estimated
8RIY:model1:C:AAA:301,NUDT5,8RIY,1,.,A,AAA,69,68,.,LEU,.,24.943520160554726,false,false,false,false,observed,,false,false,,,C:W0O301:C4:.#2926|A:LEU68:N:.#417,,not_estimated
8RIY:model1:C:AAA:301,NUDT5,8RIY,1,.,A,AAA,70,69,.,GLN,.,27.642164694538668,false,false,false,false,observed,,false,false,,,C:W0O301:C4:.#2926|A:GLN69:N:.#425,,not_estimated
8RIY:model1:C:AAA:301,NUDT5,8RIY,1,.,A,AAA,71,70,.,ARG,.,28.905525042801074,false,false,false,false,observed,,false,false,,,C:W0O301:C4:.#2926|A:ARG70:NH1:.#443,,not_estimated
8RIY:model1:C:AAA:301,NUDT5,8RIY,1,.,A,AAA,72,71,.,THR,.,34.02974470959193,false,false,false,false,observed,,false,false,,,C:W0O301:C4:.#2926|A:THR71:N:.#445,,not_estimated
8RIY:model1:C:AAA:301,NUDT5,8RIY,1,.,A,AAA,73,72,.,LEU,.,36.21776017370483,false,false,false,false,partial_observed,,false,false,CD1:?:flag1;CD2:?:flag1;CG:?:flag1,,C:W0O301:C4:.#2926|A:LEU72:C:.#454,,not_estimated
8RIY:model1:C:AAA:301,NUDT5,8RIY,1,.,A,AAA,74,73,.,HIS,.,32.7658620670966,false,false,false,false,observed,,false,false,,,C:W0O301:C4:.#2926|A:HIS73:CD2:.#464,,not_estimated
8RIY:model1:C:AAA:301,NUDT5,8RIY,1,.,A,AAA,75,74,.,TYR,.,30.742580796022967,false,false,false,false,observed,,false,false,,,C:W0O301:C4:.#2926|A:TYR74:O:.#470,,not_estimated
8RIY:model1:C:AAA:301,NUDT5,8RIY,1,.,A,AAA,76,75,.,GLU,.,29.007534228196647,false,false,false,false,observed,,false,false,,,C:W0O301:C4:.#2926|A:GLU75:C:.#481,,not_estimated
8RIY:model1:C:AAA:301,NUDT5,8RIY,1,.,A,AAA,77,76,.,CYS,.,25.334209204157133,false,false,false,false,observed,,false,false,,,C:W0O301:C4:.#2926|A:CYS76:O:.#491,,not_estimated
8RIY:model1:C:AAA:301,NUDT5,8RIY,1,.,A,AAA,78,77,.,ILE,.,22.00645023623755,false,false,false,false,observed,,false,false,,,C:W0O301:C22:.#2941|A:ILE77:CG2:.#500,,not_estimated
8RIY:model1:C:AAA:301,NUDT5,8RIY,1,.,A,AAA,79,78,.,VAL,.,18.730032407873725,false,false,false,false,observed,,false,false,,,C:W0O301:C4:.#2926|A:VAL78:O:.#505,,not_estimated
8RIY:model1:C:AAA:301,NUDT5,8RIY,1,.,A,AAA,80,79,.,LEU,.,17.406315434347384,false,false,false,false,observed,,false,false,,,C:W0O301:C5:.#2945|A:LEU79:C:.#511,,not_estimated
8RIY:model1:C:AAA:301,NUDT5,8RIY,1,.,A,AAA,81,80,.,VAL,.,13.42790359661552,false,false,false,false,observed,,false,false,,,C:W0O301:C5:.#2945|A:VAL80:CG2:.#523,,not_estimated
8RIY:model1:C:AAA:301,NUDT5,8RIY,1,.,A,AAA,82,81,.,LYS,.,14.853361168435917,false,false,false,false,partial_observed,,false,false,NZ:?:flag1,,C:W0O301:C5:.#2945|A:LYS81:C:.#526,,not_estimated
8RIY:model1:C:AAA:301,NUDT5,8RIY,1,.,A,AAA,83,82,.,GLN,.,8.665448978558468,false,false,false,false,observed,,false,false,,,C:W0O301:C5:.#2945|A:GLN82:NE2:.#540,,not_estimated
8RIY:model1:C:AAA:301,NUDT5,8RIY,1,.,A,AAA,84,83,.,PHE,.,10.41860734455426,false,false,false,false,observed,,false,false,,,C:W0O301:N3:.#2949|A:PHE83:O:.#544,,not_estimated
8RIY:model1:C:AAA:301,NUDT5,8RIY,1,.,A,AAA,85,84,.,ARG,.,6.630194265630532,false,false,false,false,observed,,false,false,,,C:W0O301:C23:.#2942|A:ARG84:NH1:.#561,,not_estimated
8RIY:model1:C:AAA:301,NUDT5,8RIY,1,.,A,AAA,86,85,.,PRO,.,7.121047886371781,false,false,false,false,observed,,false,false,,,C:W0O301:C8:.#2929|A:PRO85:CG:.#568,,not_estimated
8RIY:model1:C:AAA:301,NUDT5,8RIY,1,.,A,AAA,87,86,.,PRO,.,6.102035807826763,false,false,false,false,observed,,false,false,,,C:W0O301:N5:.#2951|A:PRO86:CG:.#575,,not_estimated
8RIY:model1:C:AAA:301,NUDT5,8RIY,1,.,A,AAA,88,87,.,MET,.,10.273270608720477,false,false,false,false,observed,,false,false,,,C:W0O301:N5:.#2951|A:MET87:N:.#577,,not_estimated
8RIY:model1:C:AAA:301,NUDT5,8RIY,1,.,A,AAA,89,88,.,GLY,.,12.22958057334756,false,false,false,false,observed,,false,false,,,C:W0O301:N5:.#2951|A:GLY88:N:.#585,,not_estimated
8RIY:model1:C:AAA:301,NUDT5,8RIY,1,.,A,AAA,90,89,.,GLY,.,13.448166120330312,false,false,false,false,observed,,false,false,,,C:W0O301:N4:.#2950|A:GLY89:O:.#592,,not_estimated
8RIY:model1:C:AAA:301,NUDT5,8RIY,1,.,A,AAA,91,90,.,TYR,.,15.3267618889314,false,false,false,false,observed,,false,false,,,C:W0O301:C23:.#2942|A:TYR90:C:.#595,,not_estimated
8RIY:model1:C:AAA:301,NUDT5,8RIY,1,.,A,AAA,92,91,.,CYS,.,12.548889990752173,false,false,false,false,observed,,false,false,,,C:W0O301:C23:.#2942|A:CYS91:SG:.#610,,not_estimated
8RIY:model1:C:AAA:301,NUDT5,8RIY,1,.,A,AAA,93,92,.,ILE,.,15.521214192195146,false,false,false,false,observed,,false,false,,,C:W0O301:C22:.#2941|A:ILE92:C:.#613,,not_estimated
8RIY:model1:C:AAA:301,NUDT5,8RIY,1,.,A,AAA,94,93,.,GLU,.,10.060692023911676,false,false,false,false,observed,,false,false,,,C:W0O301:C23:.#2942|A:GLU93:OE1:.#626,,not_estimated
8RIY:model1:C:AAA:301,NUDT5,8RIY,1,.,A,AAA,95,94,.,PHE,.,12.980768852421646,false,false,false,false,observed,,false,false,,,C:W0O301:C5:.#2945|A:PHE94:O:.#631,,not_estimated
8RIY:model1:C:AAA:301,NUDT5,8RIY,1,.,A,AAA,96,95,.,PRO,.,12.398479584207086,false,false,false,false,observed,,false,false,,,C:W0O301:C5:.#2945|A:PRO95:C:.#641,,not_estimated
8RIY:model1:C:AAA:301,NUDT5,8RIY,1,.,A,AAA,97,96,.,ALA,.,8.491795393201604,false,false,false,false,observed,,false,false,,,C:W0O301:C5:.#2945|A:ALA96:O:.#649,,not_estimated
8RIY:model1:C:AAA:301,NUDT5,8RIY,1,.,A,AAA,98,97,.,GLY,.,7.55704287403479,false,false,false,false,observed,,false,false,,,C:W0O301:C5:.#2945|A:GLY97:CA:.#652,,not_estimated
8RIY:model1:C:AAA:301,NUDT5,8RIY,1,.,A,AAA,99,98,.,LEU,.,4.833802437005468,false,false,false,true,observed,,false,false,,,C:W0O301:C13:.#2933|A:LEU98:CD2:.#662,,not_estimated
8RIY:model1:C:AAA:301,NUDT5,8RIY,1,.,A,AAA,100,99,.,ILE,.,9.366501267816068,false,false,false,false,observed,,false,false,,,C:W0O301:N1:.#2947|A:ILE99:N:.#663,,not_estimated
8RIY:model1:C:AAA:301,NUDT5,8RIY,1,.,A,AAA,101,100,.,ASP,.,7.4751070226452265,false,false,false,false,observed,,false,false,,,C:W0O301:C1:.#2923|A:ASP100:OD1:.#677,,not_estimated
8RIY:model1:C:AAA:301,NUDT5,8RIY,1,.,A,AAA,102,101,.,ASP,.,11.072947845989344,false,false,false,false,observed,,false,false,,,C:W0O301:C1:.#2923|A:ASP101:N:.#679,,not_estimated
8RIY:model1:C:AAA:301,NUDT5,8RIY,1,.,A,AAA,103,102,.,GLY,.,14.608164053021857,false,false,false,false,observed,,false,false,,,C:W0O301:C1:.#2923|A:GLY102:N:.#687,,not_estimated
8RIY:model1:C:AAA:301,NUDT5,8RIY,1,.,A,AAA,104,103,.,GLU,.,11.314284157647801,false,false,false,false,observed,,false,false,,,C:W0O301:C1:.#2923|A:GLU103:OE1:.#698,,not_estimated
8RIY:model1:C:AAA:301,NUDT5,8RIY,1,.,A,AAA,105,104,.,THR,.,15.799751801848029,false,false,false,false,observed,,false,false,,,C:W0O301:C1:.#2923|A:THR104:O:.#703,,not_estimated
8RIY:model1:C:AAA:301,NUDT5,8RIY,1,.,A,AAA,106,105,.,PRO,.,14.553255409014165,false,false,false,false,observed,,false,false,,,C:W0O301:C18:.#2938|A:PRO105:CB:.#711,,not_estimated
8RIY:model1:C:AAA:301,NUDT5,8RIY,1,.,A,AAA,107,106,.,GLU,.,17.06171691243293,false,false,false,false,observed,,false,false,,,C:W0O301:C18:.#2938|A:GLU106:N:.#714,,not_estimated
8RIY:model1:C:AAA:301,NUDT5,8RIY,1,.,A,AAA,108,107,.,ALA,.,14.995829453551412,false,false,false,false,observed,,false,false,,,C:W0O301:C1:.#2923|A:ALA107:O:.#726,,not_estimated
8RIY:model1:C:AAA:301,NUDT5,8RIY,1,.,A,AAA,109,108,.,ALA,.,12.682125925884824,false,false,false,false,observed,,false,false,,,C:W0O301:C1:.#2923|A:ALA108:O:.#731,,not_estimated
8RIY:model1:C:AAA:301,NUDT5,8RIY,1,.,A,AAA,110,109,.,ALA,.,14.46586869150968,false,false,false,false,observed,,false,false,,,C:W0O301:C4:.#2926|A:ALA109:N:.#733,,not_estimated
8RIY:model1:C:AAA:301,NUDT5,8RIY,1,.,A,AAA,111,110,.,LEU,.,15.401899980197248,false,false,false,false,observed,,false,false,,,C:W0O301:C1:.#2923|A:LEU110:C:.#740,,not_estimated
8RIY:model1:C:AAA:301,NUDT5,8RIY,1,.,A,AAA,112,111,.,ARG,.,8.2118451641516,false,false,false,false,observed,,false,false,,,C:W0O301:C1:.#2923|A:ARG111:NH1:.#755,,not_estimated
8RIY:model1:C:AAA:301,NUDT5,8RIY,1,.,A,AAA,113,112,.,GLU,.,7.302779265457775,false,false,false,false,observed,,false,false,,,C:W0O301:C4:.#2926|A:GLU112:OE2:.#765,,not_estimated
8RIY:model1:C:AAA:301,NUDT5,8RIY,1,.,A,AAA,114,113,.,LEU,.,13.5617244110032,false,false,false,false,observed,,false,false,,,C:W0O301:C4:.#2926|A:LEU113:N:.#766,,not_estimated
8RIY:model1:C:AAA:301,NUDT5,8RIY,1,.,A,AAA,115,114,.,GLU,.,14.44475133050064,false,false,false,false,observed,,false,false,,,C:W0O301:C1:.#2923|A:GLU114:C:.#776,,not_estimated
8RIY:model1:C:AAA:301,NUDT5,8RIY,1,.,A,AAA,116,115,.,GLU,.,8.547890207530745,false,false,false,false,observed,,false,false,,,C:W0O301:C1:.#2923|A:GLU115:OE1:.#790,,not_estimated
8RIY:model1:C:AAA:301,NUDT5,8RIY,1,.,A,AAA,117,116,.,GLU,.,8.77850693455328,false,false,false,false,observed,,false,false,,,C:W0O301:C4:.#2926|A:GLU116:OE2:.#800,,not_estimated
8RIY:model1:C:AAA:301,NUDT5,8RIY,1,.,A,AAA,118,117,.,THR,.,14.740574310385604,false,false,false,false,observed,,false,false,,,C:W0O301:C4:.#2926|A:THR117:N:.#801,,not_estimated
8RIY:model1:C:AAA:301,NUDT5,8RIY,1,.,A,AAA,119,118,.,GLY,.,16.749619816580914,false,false,false,false,observed,,false,false,,,C:W0O301:C4:.#2926|A:GLY118:N:.#808,,not_estimated
8RIY:model1:C:AAA:301,NUDT5,8RIY,1,.,A,AAA,120,119,.,TYR,.,18.488472138064846,false,false,false,false,observed,,false,false,,,C:W0O301:C1:.#2923|A:TYR119:O:.#815,,not_estimated
8RIY:model1:C:AAA:301,NUDT5,8RIY,1,.,A,AAA,121,120,.,LYS,.,20.265979398982918,false,false,false,false,observed,,false,false,,,C:W0O301:C1:.#2923|A:LYS120:NZ:.#832,,not_estimated
8RIY:model1:C:AAA:301,NUDT5,8RIY,1,.,A,AAA,122,121,.,GLY,.,21.21965968153118,false,false,false,false,observed,,false,false,,,C:W0O301:C1:.#2923|A:GLY121:N:.#833,,not_estimated
8RIY:model1:C:AAA:301,NUDT5,8RIY,1,.,A,AAA,123,122,.,ASP,.,23.261774416411146,false,false,false,false,observed,,false,false,,,C:W0O301:C4:.#2926|A:ASP122:N:.#837,,not_estimated
8RIY:model1:C:AAA:301,NUDT5,8RIY,1,.,A,AAA,124,123,.,ILE,.,20.606660695027717,false,false,false,false,observed,,false,false,,,C:W0O301:C4:.#2926|A:ILE123:CD1:.#852,,not_estimated
8RIY:model1:C:AAA:301,NUDT5,8RIY,1,.,A,AAA,125,124,.,ALA,.,23.848837057600942,false,false,false,false,observed,,false,false,,,C:W0O301:C18:.#2938|A:ALA124:N:.#853,,not_estimated
8RIY:model1:C:AAA:301,NUDT5,8RIY,1,.,A,AAA,126,125,.,GLU,.,20.174128209169286,false,false,false,false,observed,,false,false,,,C:W0O301:C18:.#2938|A:GLU125:O:.#861,,not_estimated
8RIY:model1:C:AAA:301,NUDT5,8RIY,1,.,A,AAA,127,126,.,CYS,.,16.704790630235387,false,false,false,false,observed,,false,false,,,C:W0O301:C18:.#2938|A:CYS126:SG:.#872,,not_estimated
8RIY:model1:C:AAA:301,NUDT5,8RIY,1,.,A,AAA,128,127,.,SER,.,14.812007662703932,false,false,false,false,observed,,false,false,,,C:W0O301:C18:.#2938|A:SER127:OG:.#878,,not_estimated
8RIY:model1:C:AAA:301,NUDT5,8RIY,1,.,A,AAA,129,128,.,PRO,.,13.884569096662672,false,false,false,false,observed,,false,false,,,C:W0O301:C18:.#2938|A:PRO128:O:.#882,,not_estimated
8RIY:model1:C:AAA:301,NUDT5,8RIY,1,.,A,AAA,130,129,.,ALA,.,11.315503921611269,false,false,false,false,observed,,false,false,,,C:W0O301:C18:.#2938|A:ALA129:CB:.#890,,not_estimated
8RIY:model1:C:AAA:301,NUDT5,8RIY,1,.,A,AAA,131,130,.,VAL,.,9.418112815208788,false,false,false,false,observed,,false,false,,,C:W0O301:C18:.#2938|A:VAL130:O:.#894,,not_estimated
8RIY:model1:C:AAA:301,NUDT5,8RIY,1,.,A,AAA,132,131,.,CYS,.,9.250495932651393,false,false,false,false,observed,,false,false,,,C:W0O301:C19:.#2939|A:CYS131:CA:.#899,,not_estimated
8RIY:model1:C:AAA:301,NUDT5,8RIY,1,.,A,AAA,133,132,.,MET,.,7.218133415225852,false,false,false,false,observed,,false,false,,,C:W0O301:C17:.#2937|A:MET132:CB:.#908,,not_estimated
8RIY:model1:C:AAA:301,NUDT5,8RIY,1,.,A,AAA,134,133,.,ASP,.,7.40178775702195,false,false,false,false,observed,,false,false,,,C:W0O301:C21:.#2944|A:ASP133:CB:.#916,,not_estimated
8RIY:model1:C:AAA:301,NUDT5,8RIY,1,.,A,AAA,135,134,.,PRO,.,9.220603450967836,false,false,false,false,observed,,false,false,,,C:W0O301:C20:.#2940|A:PRO134:N:.#920,,not_estimated
8RIY:model1:C:AAA:301,NUDT5,8RIY,1,.,A,AAA,136,135,.,GLY,.,10.322795406284094,false,false,false,false,observed,,false,false,,,C:W0O301:C20:.#2940|A:GLY135:C:.#929,,not_estimated
8RIY:model1:C:AAA:301,NUDT5,8RIY,1,.,A,AAA,137,136,.,LEU,.,6.959852943848743,false,false,false,false,observed,,false,false,,,C:W0O301:C20:.#2940|A:LEU136:C:.#933,,not_estimated
8RIY:model1:C:AAA:301,NUDT5,8RIY,1,.,A,AAA,138,137,.,SER,.,3.3782033686561843,true,true,true,true,observed,,false,false,,,C:W0O301:C20:.#2940|A:SER137:OG:.#944,,not_estimated
8RIY:model1:C:AAA:301,NUDT5,8RIY,1,.,A,AAA,139,138,.,ASN,.,3.416457961105333,true,true,true,true,observed,,false,false,,,C:W0O301:C19:.#2939|A:ASN138:OD1:.#951,,not_estimated
8RIY:model1:C:AAA:301,NUDT5,8RIY,1,.,A,AAA,140,139,.,CYS,.,3.4934683339054318,true,true,true,true,observed,,false,false,,,C:W0O301:C19:.#2939|A:CYS139:CA:.#954,,not_estimated
8RIY:model1:C:AAA:301,NUDT5,8RIY,1,.,A,AAA,141,140,.,THR,.,5.282352600877757,false,false,false,false,observed,,false,false,,,C:W0O301:C18:.#2938|A:THR140:N:.#959,,not_estimated
8RIY:model1:C:AAA:301,NUDT5,8RIY,1,.,A,AAA,142,141,.,ILE,.,7.416153720089683,false,false,false,false,observed,,false,false,,,C:W0O301:C17:.#2937|A:ILE141:CG2:.#972,,not_estimated
8RIY:model1:C:AAA:301,NUDT5,8RIY,1,.,A,AAA,143,142,.,HIS,.,10.831350192842995,false,false,false,false,observed,,false,false,,,C:W0O301:C18:.#2938|A:HIS142:N:.#974,,not_estimated
8RIY:model1:C:AAA:301,NUDT5,8RIY,1,.,A,AAA,144,143,.,ILE,.,13.711896367753075,false,false,false,false,observed,,false,false,,,C:W0O301:C18:.#2938|A:ILE143:N:.#984,,not_estimated
8RIY:model1:C:AAA:301,NUDT5,8RIY,1,.,A,AAA,145,144,.,VAL,.,15.783784368775443,false,false,false,false,observed,,false,false,,,C:W0O301:C18:.#2938|A:VAL144:CG2:.#998,,not_estimated
8RIY:model1:C:AAA:301,NUDT5,8RIY,1,.,A,AAA,146,145,.,THR,.,19.43786045324948,false,false,false,false,observed,,false,false,,,C:W0O301:C17:.#2937|A:THR145:N:.#999,,not_estimated
8RIY:model1:C:AAA:301,NUDT5,8RIY,1,.,A,AAA,147,146,.,VAL,.,19.564364288164334,false,false,false,false,observed,,false,false,,,C:W0O301:C4:.#2926|A:VAL146:CG2:.#1012,,not_estimated
8RIY:model1:C:AAA:301,NUDT5,8RIY,1,.,A,AAA,148,147,.,THR,.,23.713117171725866,false,false,false,false,observed,,false,false,,,C:W0O301:C4:.#2926|A:THR147:N:.#1013,,not_estimated
8RIY:model1:C:AAA:301,NUDT5,8RIY,1,.,A,AAA,149,148,.,ILE,.,21.484685196669744,false,false,false,false,observed,,false,false,,,C:W0O301:C4:.#2926|A:ILE148:CD1:.#1027,,not_estimated
8RIY:model1:C:AAA:301,NUDT5,8RIY,1,.,A,AAA,150,149,.,ASN,.,26.650770045160048,false,false,false,false,observed,,false,false,,,C:W0O301:C4:.#2926|A:ASN149:N:.#1028,,not_estimated
8RIY:model1:C:AAA:301,NUDT5,8RIY,1,.,A,AAA,151,150,.,GLY,.,28.060031735548698,false,false,false,false,observed,,false,false,,,C:W0O301:C4:.#2926|A:GLY150:CA:.#1037,,not_estimated
8RIY:model1:C:AAA:301,NUDT5,8RIY,1,.,A,AAA,152,151,.,ASP,.,30.307843885700613,false,false,false,false,observed,,false,false,,,C:W0O301:C4:.#2926|A:ASP151:N:.#1040,,not_estimated
8RIY:model1:C:AAA:301,NUDT5,8RIY,1,.,A,AAA,153,152,.,ASP,.,28.44211219301408,false,false,false,false,observed,,false,false,,,C:W0O301:C1:.#2923|A:ASP152:OD2:.#1055,,not_estimated
8RIY:model1:C:AAA:301,NUDT5,8RIY,1,.,A,AAA,154,153,.,ALA,.,27.60529059799951,false,false,false,false,observed,,false,false,,,C:W0O301:C1:.#2923|A:ALA153:O:.#1059,,not_estimated
8RIY:model1:C:AAA:301,NUDT5,8RIY,1,.,A,AAA,155,154,.,GLU,.,24.146487715607833,false,false,false,false,observed,,false,false,,,C:W0O301:C1:.#2923|A:GLU154:O:.#1064,,not_estimated
8RIY:model1:C:AAA:301,NUDT5,8RIY,1,.,A,AAA,156,155,.,ASN,.,23.44062554626049,false,false,false,false,observed,,false,false,,,C:W0O301:C1:.#2923|A:ASN155:OD1:.#1076,,not_estimated
8RIY:model1:C:AAA:301,NUDT5,8RIY,1,.,A,AAA,157,156,.,ALA,.,26.88033442872317,false,false,false,false,observed,,false,false,,,C:W0O301:C1:.#2923|A:ALA156:N:.#1078,,not_estimated
8RIY:model1:C:AAA:301,NUDT5,8RIY,1,.,A,AAA,158,157,.,ARG,.,23.437325444683317,false,false,false,false,partial_observed,,false,false,CD:?:flag1;CG:?:flag1;CZ:?:flag1;NE:?:flag1;NH1:?:flag1;NH2:?:flag1,,C:W0O301:C1:.#2923|A:ARG157:O:.#1086,,not_estimated
8RIY:model1:C:AAA:301,NUDT5,8RIY,1,.,A,AAA,159,158,.,PRO,.,20.904049559834093,false,false,false,false,observed,,false,false,,,C:W0O301:C1:.#2923|A:PRO158:O:.#1091,,not_estimated
8RIY:model1:C:AAA:301,NUDT5,8RIY,1,.,A,AAA,160,159,.,LYS,.,17.591982776253506,false,false,false,false,partial_observed,,false,false,CD:?:flag1;CE:?:flag1;CG:?:flag1;NZ:?:flag1,,C:W0O301:C1:.#2923|A:LYS159:O:.#1098,,not_estimated
8RIY:model1:C:AAA:301,NUDT5,8RIY,1,.,A,AAA,161,160,.,PRO,.,15.138754043843898,false,false,false,false,observed,,false,false,,,C:W0O301:C1:.#2923|A:PRO160:C:.#1102,,not_estimated
8RIY:model1:C:AAA:301,NUDT5,8RIY,1,.,A,AAA,162,161,.,LYS,.,10.850377965766906,false,false,false,false,partial_observed,,false,false,CD:?:flag1;CE:?:flag1;CG:?:flag1;NZ:?:flag1,,C:W0O301:C1:.#2923|A:LYS161:O:.#1110,,not_estimated
8RIY:model1:C:AAA:301,NUDT5,8RIY,1,.,A,AAA,163,162,.,PRO,.,8.478558485969181,false,false,false,false,observed,,false,false,,,C:W0O301:C1:.#2923|A:PRO162:O:.#1115,,not_estimated
8RIY:model1:C:AAA:301,NUDT5,8RIY,1,.,A,AAA,164,163,.,GLY,.,7.474788358207875,false,false,false,false,observed,,false,false,,,C:W0O301:C1:.#2923|A:GLY163:C:.#1121,,not_estimated
8RIY:model1:C:AAA:301,NUDT5,8RIY,1,.,A,AAA,165,164,.,ASP,.,5.660781659806357,false,false,false,false,observed,,false,false,,,C:W0O301:C1:.#2923|A:ASP164:O:.#1126,,not_estimated
8RIY:model1:C:AAA:301,NUDT5,8RIY,1,.,A,AAA,166,165,.,GLY,.,7.555343208617329,false,false,false,false,observed,,false,false,,,C:W0O301:C4:.#2926|A:GLY165:O:.#1134,,not_estimated
8RIY:model1:C:AAA:301,NUDT5,8RIY,1,.,A,AAA,167,166,.,GLU,.,5.9900219532152,false,false,false,false,observed,,false,false,,,C:W0O301:C4:.#2926|A:GLU166:CG:.#1140,,not_estimated
8RIY:model1:C:AAA:301,NUDT5,8RIY,1,.,A,AAA,168,167,.,PHE,.,10.100846004172128,false,false,false,false,observed,,false,false,,,C:W0O301:C4:.#2926|A:PHE167:N:.#1144,,not_estimated
8RIY:model1:C:AAA:301,NUDT5,8RIY,1,.,A,AAA,169,168,.,VAL,.,10.863395555718295,false,false,false,false,observed,,false,false,,,C:W0O301:C4:.#2926|A:VAL168:CG2:.#1161,,not_estimated
8RIY:model1:C:AAA:301,NUDT5,8RIY,1,.,A,AAA,170,169,.,GLU,.,15.251654795464,false,false,false,false,observed,,false,false,,,C:W0O301:C4:.#2926|A:GLU169:N:.#1162,,not_estimated
8RIY:model1:C:AAA:301,NUDT5,8RIY,1,.,A,AAA,171,170,.,VAL,.,17.550125953963978,false,false,false,false,observed,,false,false,,,C:W0O301:C4:.#2926|A:VAL170:CG2:.#1177,,not_estimated
8RIY:model1:C:AAA:301,NUDT5,8RIY,1,.,A,AAA,172,171,.,ILE,.,19.742676540935378,false,false,false,false,observed,,false,false,,,C:W0O301:C4:.#2926|A:ILE171:N:.#1178,,not_estimated
8RIY:model1:C:AAA:301,NUDT5,8RIY,1,.,A,AAA,173,172,.,SER,.,22.556728951689784,false,false,false,false,observed,,false,false,,,C:W0O301:C4:.#2926|A:SER172:N:.#1186,,not_estimated
8RIY:model1:C:AAA:301,NUDT5,8RIY,1,.,A,AAA,174,173,.,LEU,.,24.234008252866467,false,false,false,false,observed,,false,false,,,C:W0O301:C22:.#2941|A:LEU173:CD1:.#1198,,not_estimated
8RIY:model1:C:AAA:301,NUDT5,8RIY,1,.,A,AAA,175,174,.,PRO,.,28.061791924251736,false,false,false,false,observed,,false,false,,,C:W0O301:C5:.#2945|A:PRO174:N:.#1200,,not_estimated
8RIY:model1:C:AAA:301,NUDT5,8RIY,1,.,A,AAA,176,175,.,LYS,.,28.204579734504115,false,false,false,false,observed,,false,false,,,C:W0O301:C17:.#2937|A:LYS175:CD:.#1213,,not_estimated
8RIY:model1:C:AAA:301,NUDT5,8RIY,1,.,A,AAA,177,176,.,ASN,.,30.42230882099516,false,false,false,false,observed,,false,false,,,C:W0O301:C22:.#2941|A:ASN176:N:.#1216,,not_estimated
8RIY:model1:C:AAA:301,NUDT5,8RIY,1,.,A,AAA,178,177,.,ASP,.,29.12216066846689,false,false,false,false,observed,,false,false,,,C:W0O301:C22:.#2941|A:ASP177:O:.#1227,,not_estimated
8RIY:model1:C:AAA:301,NUDT5,8RIY,1,.,A,AAA,179,178,.,LEU,.,23.767154373210097,false,false,false,false,observed,,false,false,,,C:W0O301:C22:.#2941|A:LEU178:CD2:.#1239,,not_estimated
8RIY:model1:C:AAA:301,NUDT5,8RIY,1,.,A,AAA,180,179,.,LEU,.,25.500641403698065,false,false,false,false,observed,,false,false,,,C:W0O301:C22:.#2941|A:LEU179:CD1:.#1246,,not_estimated
8RIY:model1:C:AAA:301,NUDT5,8RIY,1,.,A,AAA,181,180,.,GLN,.,28.308709278241565,false,false,false,false,observed,,false,false,,,C:W0O301:C22:.#2941|A:GLN180:N:.#1248,,not_estimated
8RIY:model1:C:AAA:301,NUDT5,8RIY,1,.,A,AAA,182,181,.,ARG,.,26.503809707285477,false,false,false,false,observed,,false,false,,,C:W0O301:C22:.#2941|A:ARG181:O:.#1260,,not_estimated
8RIY:model1:C:AAA:301,NUDT5,8RIY,1,.,A,AAA,183,182,.,LEU,.,21.993873533327413,false,false,false,false,observed,,false,false,,,C:W0O301:C22:.#2941|A:LEU182:CD1:.#1274,,not_estimated
8RIY:model1:C:AAA:301,NUDT5,8RIY,1,.,A,AAA,184,183,.,ASP,.,25.602465252393177,false,false,false,false,observed,,false,false,,,C:W0O301:C22:.#2941|A:ASP183:OD1:.#1282,,not_estimated
8RIY:model1:C:AAA:301,NUDT5,8RIY,1,.,A,AAA,185,184,.,ALA,.,27.305217926249917,false,false,false,false,observed,,false,false,,,C:W0O301:C22:.#2941|A:ALA184:C:.#1286,,not_estimated
8RIY:model1:C:AAA:301,NUDT5,8RIY,1,.,A,AAA,186,185,.,LEU,.,23.6656537201067,false,false,false,false,observed,,false,false,,,C:W0O301:C23:.#2942|A:LEU185:CD2:.#1296,,not_estimated
8RIY:model1:C:AAA:301,NUDT5,8RIY,1,.,A,AAA,187,186,.,VAL,.,22.25912237712889,false,false,false,false,observed,,false,false,,,C:W0O301:C22:.#2941|A:VAL186:CG2:.#1303,,not_estimated
8RIY:model1:C:AAA:301,NUDT5,8RIY,1,.,A,AAA,188,187,.,ALA,.,25.932314243044335,false,false,false,false,observed,,false,false,,,C:W0O301:C22:.#2941|A:ALA187:N:.#1304,,not_estimated
8RIY:model1:C:AAA:301,NUDT5,8RIY,1,.,A,AAA,189,188,.,GLU,.,27.072149138921347,false,false,false,false,partial_observed,,false,false,CD:?:flag1;CG:?:flag1;OE1:?:flag1;OE2:?:flag1,,C:W0O301:C23:.#2942|A:GLU188:C:.#1311,,not_estimated
8RIY:model1:C:AAA:301,NUDT5,8RIY,1,.,A,AAA,190,189,.,GLU,.,23.968187040324935,false,false,false,false,partial_observed,,false,false,CD:?:flag1;OE1:?:flag1;OE2:?:flag1,,C:W0O301:C23:.#2942|A:GLU189:CB:.#1318,,not_estimated
8RIY:model1:C:AAA:301,NUDT5,8RIY,1,.,A,AAA,191,190,.,HIS,.,20.16276020290873,false,false,false,false,partial_observed,,false,false,CD2:?:flag1;CE1:?:flag1;CG:?:flag1;ND1:?:flag1;NE2:?:flag1,,C:W0O301:C23:.#2942|A:HIS190:O:.#1323,,not_estimated
8RIY:model1:C:AAA:301,NUDT5,8RIY,1,.,A,AAA,192,191,.,LEU,.,18.81612632823239,false,false,false,false,observed,,false,false,,,C:W0O301:C23:.#2942|A:LEU191:CD2:.#1332,,not_estimated
8RIY:model1:C:AAA:301,NUDT5,8RIY,1,.,A,AAA,193,192,.,THR,.,16.188358100808124,false,false,false,false,observed,,false,false,,,C:W0O301:C22:.#2941|A:THR192:CG2:.#1339,,not_estimated
8RIY:model1:C:AAA:301,NUDT5,8RIY,1,.,A,AAA,194,193,.,VAL,.,16.06446553732803,false,false,false,false,observed,,false,false,,,C:W0O301:C22:.#2941|A:VAL193:O:.#1343,,not_estimated
8RIY:model1:C:AAA:301,NUDT5,8RIY,1,.,A,AAA,195,194,.,ASP,.,11.66675297587122,false,false,false,false,observed,,false,false,,,C:W0O301:C22:.#2941|A:ASP194:OD1:.#1353,,not_estimated
8RIY:model1:C:AAA:301,NUDT5,8RIY,1,.,A,AAA,196,195,.,ALA,.,14.713579646027679,false,false,false,false,observed,,false,false,,,C:W0O301:C22:.#2941|A:ALA195:N:.#1355,,not_estimated
8RIY:model1:C:AAA:301,NUDT5,8RIY,1,.,A,AAA,197,196,.,ARG,.,11.0834103506096,false,false,false,false,observed,,false,false,,,C:W0O301:O1:.#2952|A:ARG196:NH2:.#1370,,not_estimated
8RIY:model1:C:AAA:301,NUDT5,8RIY,1,.,A,AAA,198,197,.,VAL,.,16.418677474145106,false,false,false,false,observed,,false,false,,,C:W0O301:C22:.#2941|A:VAL197:CG2:.#1377,,not_estimated
8RIY:model1:C:AAA:301,NUDT5,8RIY,1,.,A,AAA,199,198,.,TYR,.,18.91023260036745,false,false,false,false,observed,,false,false,,,C:W0O301:C22:.#2941|A:TYR198:N:.#1378,,not_estimated
8RIY:model1:C:AAA:301,NUDT5,8RIY,1,.,A,AAA,200,199,.,SER,.,18.419417851821485,false,false,false,false,observed,,false,false,,,C:W0O301:O1:.#2952|A:SER199:OG:.#1395,,not_estimated
8RIY:model1:C:AAA:301,NUDT5,8RIY,1,.,A,AAA,201,200,.,TYR,.,20.55279343544327,false,false,false,false,observed,,false,false,,,C:W0O301:O1:.#2952|A:TYR200:N:.#1396,,not_estimated
8RIY:model1:C:AAA:301,NUDT5,8RIY,1,.,A,AAA,202,201,.,ALA,.,22.682200797100798,false,false,false,false,observed,,false,false,,,C:W0O301:O1:.#2952|A:ALA201:N:.#1408,,not_estimated
8RIY:model1:C:AAA:301,NUDT5,8RIY,1,.,A,AAA,203,202,.,LEU,.,24.306718803655915,false,false,false,false,observed,,false,false,,,C:W0O301:O1:.#2952|A:LEU202:CD2:.#1420,,not_estimated
8RIY:model1:C:AAA:301,NUDT5,8RIY,1,.,A,AAA,204,203,.,ALA,.,24.942562578853043,false,false,false,false,observed,,false,false,,,C:W0O301:C17:.#2937|A:ALA203:CB:.#1425,,not_estimated
8RIY:model1:C:AAA:301,NUDT5,8RIY,1,.,A,AAA,205,204,.,LEU,.,26.136792515532584,false,false,false,false,observed,,false,false,,,C:W0O301:O1:.#2952|A:LEU204:CD1:.#1432,,not_estimated
8RIY:model1:C:AAA:301,NUDT5,8RIY,1,.,A,AAA,206,205,.,LYS,.,29.091127272761366,false,false,false,false,observed,,false,false,,,C:W0O301:O1:.#2952|A:LYS205:N:.#1434,,not_estimated
8RIY:model1:C:AAA:301,NUDT5,8RIY,1,.,A,AAA,207,206,.,HIS,.,27.997525854975116,false,false,false,false,observed,,false,false,,,C:W0O301:O1:.#2952|A:HIS206:CE1:.#1451,,not_estimated
8RIY:model1:C:AAA:301,NUDT5,8RIY,1,.,A,AAA,208,207,.,ALA,.,30.440717222168075,false,false,false,false,observed,,false,false,,,C:W0O301:C17:.#2937|A:ALA207:CB:.#1457,,not_estimated
8RIY:model1:C:AAA:301,NUDT5,8RIY,1,.,A,AAA,209,208,.,ASN,.,32.85272037442258,false,false,false,false,observed,,false,false,,,C:W0O301:C17:.#2937|A:ASN208:OD1:.#1464,,not_estimated
8RIY:model1:C:AAA:301,NUDT5,8RIY,1,.,B,BBB,1,?,.,SER,.,,,,,,refused,unobserved_residue,false,false,whole_residue,,,,not_estimated
8RIY:model1:C:AAA:301,NUDT5,8RIY,1,.,B,BBB,2,?,.,MET,.,,,,,,refused,unobserved_residue,false,false,whole_residue,,,,not_estimated
8RIY:model1:C:AAA:301,NUDT5,8RIY,1,.,B,BBB,3,?,.,GLU,.,,,,,,refused,unobserved_residue,false,false,whole_residue,,,,not_estimated
8RIY:model1:C:AAA:301,NUDT5,8RIY,1,.,B,BBB,4,?,.,SER,.,,,,,,refused,unobserved_residue,false,false,whole_residue,,,,not_estimated
8RIY:model1:C:AAA:301,NUDT5,8RIY,1,.,B,BBB,5,?,.,GLN,.,,,,,,refused,unobserved_residue,false,false,whole_residue,,,,not_estimated
8RIY:model1:C:AAA:301,NUDT5,8RIY,1,.,B,BBB,6,?,.,GLU,.,,,,,,refused,unobserved_residue,false,false,whole_residue,,,,not_estimated
8RIY:model1:C:AAA:301,NUDT5,8RIY,1,.,B,BBB,7,?,.,PRO,.,,,,,,refused,unobserved_residue,false,false,whole_residue,,,,not_estimated
8RIY:model1:C:AAA:301,NUDT5,8RIY,1,.,B,BBB,8,?,.,THR,.,,,,,,refused,unobserved_residue,false,false,whole_residue,,,,not_estimated
8RIY:model1:C:AAA:301,NUDT5,8RIY,1,.,B,BBB,9,?,.,GLU,.,,,,,,refused,unobserved_residue,false,false,whole_residue,,,,not_estimated
8RIY:model1:C:AAA:301,NUDT5,8RIY,1,.,B,BBB,10,?,.,SER,.,,,,,,refused,unobserved_residue,false,false,whole_residue,,,,not_estimated
8RIY:model1:C:AAA:301,NUDT5,8RIY,1,.,B,BBB,11,?,.,SER,.,,,,,,refused,unobserved_residue,false,false,whole_residue,,,,not_estimated
8RIY:model1:C:AAA:301,NUDT5,8RIY,1,.,B,BBB,12,?,.,GLN,.,,,,,,refused,unobserved_residue,false,false,whole_residue,,,,not_estimated
8RIY:model1:C:AAA:301,NUDT5,8RIY,1,.,B,BBB,13,?,.,ASN,.,,,,,,refused,unobserved_residue,false,false,whole_residue,,,,not_estimated
8RIY:model1:C:AAA:301,NUDT5,8RIY,1,.,B,BBB,14,?,.,GLY,.,,,,,,refused,unobserved_residue,false,false,whole_residue,,,,not_estimated
8RIY:model1:C:AAA:301,NUDT5,8RIY,1,.,B,BBB,15,14,.,LYS,.,17.342245904149785,false,false,false,false,observed,,false,false,,,C:W0O301:C8:.#2929|B:LYS14:O:.#1470,,not_estimated
8RIY:model1:C:AAA:301,NUDT5,8RIY,1,.,B,BBB,16,15,.,GLN,.,12.416468620344515,false,false,false,false,observed,,false,false,,,C:W0O301:C8:.#2929|B:GLN15:OE1:.#1483,,not_estimated
8RIY:model1:C:AAA:301,NUDT5,8RIY,1,.,B,BBB,17,16,.,TYR,.,13.661388070031537,false,false,false,false,observed,,false,false,,,C:W0O301:C8:.#2929|B:TYR16:O:.#1488,,not_estimated
8RIY:model1:C:AAA:301,NUDT5,8RIY,1,.,B,BBB,18,17,.,ILE,.,11.277129466313669,false,false,false,false,observed,,false,false,,,C:W0O301:N4:.#2950|B:ILE17:CD1:.#1504,,not_estimated
8RIY:model1:C:AAA:301,NUDT5,8RIY,1,.,B,BBB,19,18,.,ILE,.,14.063732399331268,false,false,false,false,observed,,false,false,,,C:W0O301:C8:.#2929|B:ILE18:N:.#1505,,not_estimated
8RIY:model1:C:AAA:301,NUDT5,8RIY,1,.,B,BBB,20,19,.,SER,.,11.956076697646266,false,false,false,false,observed,,false,false,,,C:W0O301:N4:.#2950|B:SER19:O:.#1516,,not_estimated
8RIY:model1:C:AAA:301,NUDT5,8RIY,1,.,B,BBB,21,20,.,GLU,.,10.368843426342208,false,false,false,false,observed,,false,false,,,C:W0O301:N4:.#2950|B:GLU20:OE2:.#1527,,not_estimated
8RIY:model1:C:AAA:301,NUDT5,8RIY,1,.,B,BBB,22,21,.,GLU,.,11.475189976640912,false,false,false,false,observed,,false,false,,,C:W0O301:N4:.#2950|B:GLU21:O:.#1531,,not_estimated
8RIY:model1:C:AAA:301,NUDT5,8RIY,1,.,B,BBB,23,22,.,LEU,.,13.293172270003875,false,false,false,false,observed,,false,false,,,C:W0O301:N5:.#2951|B:LEU22:C:.#1539,,not_estimated
8RIY:model1:C:AAA:301,NUDT5,8RIY,1,.,B,BBB,24,23,.,ILE,.,8.472282514175268,false,false,false,false,observed,,false,false,,,C:W0O301:N5:.#2951|B:ILE23:CD1:.#1552,,not_estimated
8RIY:model1:C:AAA:301,NUDT5,8RIY,1,.,B,BBB,25,24,.,SER,.,12.874912543392286,false,false,false,false,observed,,false,false,,,C:W0O301:N5:.#2951|B:SER24:N:.#1553,,not_estimated
8RIY:model1:C:AAA:301,NUDT5,8RIY,1,.,B,BBB,26,25,.,GLU,.,15.244120997945402,false,false,false,false,observed,,false,false,,,C:W0O301:N5:.#2951|B:GLU25:N:.#1559,,not_estimated
8RIY:model1:C:AAA:301,NUDT5,8RIY,1,.,B,BBB,27,26,.,GLY,.,16.1015972499625,false,false,false,false,observed,,false,false,,,C:W0O301:N5:.#2951|B:GLY26:N:.#1568,,not_estimated
8RIY:model1:C:AAA:301,NUDT5,8RIY,1,.,B,BBB,28,27,.,LYS,.,17.836643798652254,false,false,false,false,partial_observed,,false,false,CD:?:flag1;CE:?:flag1;CG:?:flag1;NZ:?:flag1,,C:W0O301:C21:.#2944|B:LYS27:N:.#1572,,not_estimated
8RIY:model1:C:AAA:301,NUDT5,8RIY,1,.,B,BBB,29,28,.,TRP,.,15.73795796791947,false,false,false,false,observed,,false,false,,,C:W0O301:C21:.#2944|B:TRP28:C:.#1579,,not_estimated
8RIY:model1:C:AAA:301,NUDT5,8RIY,1,.,B,BBB,30,29,.,VAL,.,11.72349099031513,false,false,false,false,observed,,false,false,,,C:W0O301:C21:.#2944|B:VAL29:CG2:.#1597,,not_estimated
8RIY:model1:C:AAA:301,NUDT5,8RIY,1,.,B,BBB,31,30,.,LYS,.,10.734008477730955,false,false,false,false,observed,,false,false,,,C:W0O301:N5:.#2951|B:LYS30:O:.#1601,,not_estimated
8RIY:model1:C:AAA:301,NUDT5,8RIY,1,.,B,BBB,32,31,.,LEU,.,6.613962050087678,false,false,false,false,observed,,false,false,,,C:W0O301:N5:.#2951|B:LEU31:CD1:.#1613,,not_estimated
8RIY:model1:C:AAA:301,NUDT5,8RIY,1,.,B,BBB,33,32,.,GLU,.,7.453002079699161,false,false,false,false,observed,,false,false,,,C:W0O301:N5:.#2951|B:GLU32:O:.#1618,,not_estimated
8RIY:model1:C:AAA:301,NUDT5,8RIY,1,.,B,BBB,34,33,.,LYS,.,8.06273421365234,false,false,false,false,partial_observed,,false,false,CD:?:flag1;CE:?:flag1;NZ:?:flag1,,C:W0O301:N4:.#2950|B:LYS33:CG:.#1629,,not_estimated
8RIY:model1:C:AAA:301,NUDT5,8RIY,1,.,B,BBB,35,34,.,THR,.,7.406616636494698,false,false,false,false,observed,,false,false,,,C:W0O301:N4:.#2950|B:THR34:O:.#1633,,not_estimated
8RIY:model1:C:AAA:301,NUDT5,8RIY,1,.,B,BBB,36,35,.,THR,.,9.632624668282265,false,false,false,false,observed,,false,false,,,C:W0O301:N4:.#2950|B:THR35:N:.#1637,,not_estimated
8RIY:model1:C:AAA:301,NUDT5,8RIY,1,.,B,BBB,37,36,.,TYR,.,6.697799265430399,false,false,false,false,observed,,false,false,,,C:W0O301:C8:.#2929|B:TYR36:OH:.#1655,,not_estimated
8RIY:model1:C:AAA:301,NUDT5,8RIY,1,.,B,BBB,38,37,.,MET,.,12.58985540028161,false,false,false,false,observed,,false,false,,,C:W0O301:C8:.#2929|B:MET37:N:.#1656,,not_estimated
8RIY:model1:C:AAA:301,NUDT5,8RIY,1,.,B,BBB,39,38,.,ASP,.,12.210838259513553,false,false,false,false,observed,,false,false,,,C:W0O301:N3:.#2949|B:ASP38:CB:.#1668,,not_estimated
8RIY:model1:C:AAA:301,NUDT5,8RIY,1,.,B,BBB,40,39,.,PRO,.,14.231036856111363,false,false,false,false,observed,,false,false,,,C:W0O301:N3:.#2949|B:PRO39:CD:.#1678,,not_estimated
8RIY:model1:C:AAA:301,NUDT5,8RIY,1,.,B,BBB,41,40,.,THR,.,15.265182147619466,false,false,false,false,observed,,false,false,,,C:W0O301:C4:.#2926|B:THR40:CG2:.#1685,,not_estimated
8RIY:model1:C:AAA:301,NUDT5,8RIY,1,.,B,BBB,42,41,.,GLY,.,16.978423984575247,false,false,false,false,observed,,false,false,,,C:W0O301:C8:.#2929|B:GLY41:C:.#1688,,not_estimated
8RIY:model1:C:AAA:301,NUDT5,8RIY,1,.,B,BBB,43,42,.,LYS,.,12.762955574630821,false,false,false,false,observed,,false,false,,,C:W0O301:N3:.#2949|B:LYS42:CE:.#1697,,not_estimated
8RIY:model1:C:AAA:301,NUDT5,8RIY,1,.,B,BBB,44,43,.,THR,.,11.129442034531651,false,false,false,false,observed,,false,false,,,C:W0O301:C8:.#2929|B:THR43:C:.#1701,,not_estimated
8RIY:model1:C:AAA:301,NUDT5,8RIY,1,.,B,BBB,45,44,.,ARG,.,7.999208210816867,false,false,false,false,observed,,false,false,,,C:W0O301:C8:.#2929|B:ARG44:C:.#1708,,not_estimated
8RIY:model1:C:AAA:301,NUDT5,8RIY,1,.,B,BBB,46,45,.,THR,.,4.28312152524301,false,false,true,true,observed,,false,false,,,C:W0O301:C8:.#2929|B:THR45:O:.#1720,,not_estimated
8RIY:model1:C:AAA:301,NUDT5,8RIY,1,.,B,BBB,47,46,.,TRP,.,3.3264885389852186,true,true,true,true,observed,,false,false,,,C:W0O301:C8:.#2929|B:TRP46:CD2:.#1731,,not_estimated
8RIY:model1:C:AAA:301,NUDT5,8RIY,1,.,B,BBB,48,47,.,GLU,.,2.9814575294644063,true,true,true,true,observed,,false,false,,,C:W0O301:N5:.#2951|B:GLU47:O:.#1741,,not_estimated
8RIY:model1:C:AAA:301,NUDT5,8RIY,1,.,B,BBB,49,48,.,SER,.,5.182049787487573,false,false,false,false,observed,,false,false,,,C:W0O301:N5:.#2951|B:SER48:N:.#1747,,not_estimated
8RIY:model1:C:AAA:301,NUDT5,8RIY,1,.,B,BBB,50,49,.,VAL,.,7.266805832000742,false,false,false,false,observed,,false,false,,,C:W0O301:N5:.#2951|B:VAL49:N:.#1753,,not_estimated
8RIY:model1:C:AAA:301,NUDT5,8RIY,1,.,B,BBB,51,50,.,LYS,.,10.375150215780009,false,false,false,false,observed,,false,false,,,C:W0O301:N5:.#2951|B:LYS50:NZ:.#1768,,not_estimated
8RIY:model1:C:AAA:301,NUDT5,8RIY,1,.,B,BBB,52,51,.,ARG,.,14.329326327500535,false,false,false,false,observed,,true,false,,,C:W0O301:N5:.#2951|B:ARG51:N:.#1769,,not_estimated
8RIY:model1:C:AAA:301,NUDT5,8RIY,1,.,B,BBB,53,52,.,THR,.,16.782059736516253,false,false,false,false,observed,,false,false,,,C:W0O301:N5:.#2951|B:THR52:N:.#1780,,not_estimated
8RIY:model1:C:AAA:301,NUDT5,8RIY,1,.,B,BBB,54,53,.,THR,.,19.202135636433777,false,false,false,false,observed,,false,false,,,C:W0O301:N5:.#2951|B:THR53:N:.#1787,,not_estimated
8RIY:model1:C:AAA:301,NUDT5,8RIY,1,.,B,BBB,55,?,.,ARG,.,,,,,,refused,unobserved_residue,false,false,whole_residue,,,,not_estimated
8RIY:model1:C:AAA:301,NUDT5,8RIY,1,.,B,BBB,56,?,.,LYS,.,,,,,,refused,unobserved_residue,false,false,whole_residue,,,,not_estimated
8RIY:model1:C:AAA:301,NUDT5,8RIY,1,.,B,BBB,57,?,.,GLU,.,,,,,,refused,unobserved_residue,false,false,whole_residue,,,,not_estimated
8RIY:model1:C:AAA:301,NUDT5,8RIY,1,.,B,BBB,58,57,.,GLN,.,22.41774435575533,false,false,false,false,partial_observed,,false,false,CD:?:flag1;CG:?:flag1;NE2:?:flag1;OE1:?:flag1,,C:W0O301:C22:.#2941|B:GLN57:O:.#1797,,not_estimated
8RIY:model1:C:AAA:301,NUDT5,8RIY,1,.,B,BBB,59,58,.,THR,.,20.80131712175938,false,false,false,false,observed,,false,false,,,C:W0O301:C22:.#2941|B:THR58:O:.#1802,,not_estimated
8RIY:model1:C:AAA:301,NUDT5,8RIY,1,.,B,BBB,60,59,.,ALA,.,20.357861528166463,false,false,false,false,observed,,false,false,,,C:W0O301:C22:.#2941|B:ALA59:C:.#1808,,not_estimated
8RIY:model1:C:AAA:301,NUDT5,8RIY,1,.,B,BBB,61,60,.,ASP,.,15.894630571359624,false,false,false,false,observed,,false,false,,,C:W0O301:C22:.#2941|B:ASP60:OD2:.#1818,,not_estimated
8RIY:model1:C:AAA:301,NUDT5,8RIY,1,.,B,BBB,62,61,.,GLY,.,19.22571704774623,false,false,false,false,observed,,false,false,,,C:W0O301:O1:.#2952|B:GLY61:N:.#1819,,not_estimated
8RIY:model1:C:AAA:301,NUDT5,8RIY,1,.,B,BBB,63,62,.,VAL,.,20.117157378715312,false,false,false,false,observed,,false,false,,,C:W0O301:C21:.#2944|B:VAL62:O:.#1826,,not_estimated
8RIY:model1:C:AAA:301,NUDT5,8RIY,1,.,B,BBB,64,63,.,ALA,.,19.232657668663474,false,false,false,false,observed,,false,false,,,C:W0O301:C21:.#2944|B:ALA63:CB:.#1834,,not_estimated
8RIY:model1:C:AAA:301,NUDT5,8RIY,1,.,B,BBB,65,64,.,VAL,.,22.319646816202088,false,false,false,false,observed,,false,false,,,C:W0O301:C21:.#2944|B:VAL64:N:.#1835,,not_estimated
8RIY:model1:C:AAA:301,NUDT5,8RIY,1,.,B,BBB,66,65,.,ILE,.,23.319120802465946,false,false,false,false,observed,,false,false,,,C:W0O301:O1:.#2952|B:ILE65:CD1:.#1849,,not_estimated
8RIY:model1:C:AAA:301,NUDT5,8RIY,1,.,B,BBB,67,66,.,PRO,.,25.5339005050149,false,false,false,false,observed,,false,false,,,C:W0O301:C20:.#2940|B:PRO66:CD:.#1856,,not_estimated
8RIY:model1:C:AAA:301,NUDT5,8RIY,1,.,B,BBB,68,67,.,VAL,.,29.684963769558486,false,false,false,false,observed,,false,false,,,C:W0O301:C20:.#2940|B:VAL67:N:.#1857,,not_estimated
8RIY:model1:C:AAA:301,NUDT5,8RIY,1,.,B,BBB,69,68,.,LEU,.,31.76549859517398,false,false,false,false,observed,,false,false,,,C:W0O301:C20:.#2940|B:LEU68:N:.#1864,,not_estimated
8RIY:model1:C:AAA:301,NUDT5,8RIY,1,.,B,BBB,70,69,.,GLN,.,35.07726296334992,false,false,false,false,observed,,false,false,,,C:W0O301:C20:.#2940|B:GLN69:N:.#1872,,not_estimated
8RIY:model1:C:AAA:301,NUDT5,8RIY,1,.,B,BBB,71,70,.,ARG,.,35.33120552712573,false,false,false,false,observed,,false,false,,,C:W0O301:C19:.#2939|B:ARG70:NH2:.#1891,,not_estimated
8RIY:model1:C:AAA:301,NUDT5,8RIY,1,.,B,BBB,72,71,.,THR,.,41.27361453761955,false,false,false,false,observed,,false,false,,,C:W0O301:C19:.#2939|B:THR71:N:.#1892,,not_estimated
8RIY:model1:C:AAA:301,NUDT5,8RIY,1,.,B,BBB,73,72,.,LEU,.,41.65830158563837,false,false,false,false,observed,,false,false,,,C:W0O301:C19:.#2939|B:LEU72:C:.#1901,,not_estimated
8RIY:model1:C:AAA:301,NUDT5,8RIY,1,.,B,BBB,74,73,.,HIS,.,38.24079762504961,false,false,false,false,observed,,false,false,,,C:W0O301:C19:.#2939|B:HIS73:C:.#1909,,not_estimated
8RIY:model1:C:AAA:301,NUDT5,8RIY,1,.,B,BBB,75,74,.,TYR,.,35.16244682896797,false,false,false,false,observed,,false,false,,,C:W0O301:C19:.#2939|B:TYR74:O:.#1920,,not_estimated
8RIY:model1:C:AAA:301,NUDT5,8RIY,1,.,B,BBB,76,75,.,GLU,.,32.08054809382159,false,false,false,false,observed,,false,false,,,C:W0O301:C19:.#2939|B:GLU75:O:.#1932,,not_estimated
8RIY:model1:C:AAA:301,NUDT5,8RIY,1,.,B,BBB,77,76,.,CYS,.,29.93231207240764,false,false,false,false,observed,,false,false,,,C:W0O301:C19:.#2939|B:CYS76:C:.#1940,,not_estimated
8RIY:model1:C:AAA:301,NUDT5,8RIY,1,.,B,BBB,78,77,.,ILE,.,25.214458986859107,false,false,false,false,observed,,false,false,,,C:W0O301:C19:.#2939|B:ILE77:CG2:.#1950,,not_estimated
8RIY:model1:C:AAA:301,NUDT5,8RIY,1,.,B,BBB,79,78,.,VAL,.,24.77722268536165,false,false,false,false,observed,,false,false,,,C:W0O301:C20:.#2940|B:VAL78:O:.#1955,,not_estimated
8RIY:model1:C:AAA:301,NUDT5,8RIY,1,.,B,BBB,80,79,.,LEU,.,22.162862563306213,false,false,false,false,observed,,false,false,,,C:W0O301:C19:.#2939|B:LEU79:CD1:.#1965,,not_estimated
8RIY:model1:C:AAA:301,NUDT5,8RIY,1,.,B,BBB,81,80,.,VAL,.,19.702874561850106,false,false,false,false,observed,,false,false,,,C:W0O301:C20:.#2940|B:VAL80:O:.#1970,,not_estimated
8RIY:model1:C:AAA:301,NUDT5,8RIY,1,.,B,BBB,82,81,.,LYS,.,20.149525527912562,false,false,false,false,observed,,false,false,,,C:W0O301:C20:.#2940|B:LYS81:C:.#1976,,not_estimated
8RIY:model1:C:AAA:301,NUDT5,8RIY,1,.,B,BBB,83,82,.,GLN,.,16.79678737139933,false,false,false,false,observed,,false,false,,,C:W0O301:C20:.#2940|B:GLN82:O:.#1986,,not_estimated
8RIY:model1:C:AAA:301,NUDT5,8RIY,1,.,B,BBB,84,83,.,PHE,.,15.741527530706797,false,false,false,false,observed,,false,false,,,C:W0O301:C20:.#2940|B:PHE83:C:.#1994,,not_estimated
8RIY:model1:C:AAA:301,NUDT5,8RIY,1,.,B,BBB,85,84,.,ARG,.,11.974313967822958,false,false,false,false,observed,,false,false,,,C:W0O301:C20:.#2940|B:ARG84:O:.#2006,,not_estimated
8RIY:model1:C:AAA:301,NUDT5,8RIY,1,.,B,BBB,86,85,.,PRO,.,10.805555885746928,false,false,false,false,observed,,false,false,,,C:W0O301:C20:.#2940|B:PRO85:O:.#2017,,not_estimated
8RIY:model1:C:AAA:301,NUDT5,8RIY,1,.,B,BBB,87,86,.,PRO,.,7.484664454736764,false,false,false,false,observed,,false,false,,,C:W0O301:C20:.#2940|B:PRO86:O:.#2024,,not_estimated
8RIY:model1:C:AAA:301,NUDT5,8RIY,1,.,B,BBB,88,87,.,MET,.,7.788626965004808,false,false,false,false,observed,,false,false,,,C:W0O301:C19:.#2939|B:MET87:SD:.#2034,,not_estimated
8RIY:model1:C:AAA:301,NUDT5,8RIY,1,.,B,BBB,89,88,.,GLY,.,11.05686700652585,false,false,false,false,observed,,false,false,,,C:W0O301:C20:.#2940|B:GLY88:N:.#2036,,not_estimated
8RIY:model1:C:AAA:301,NUDT5,8RIY,1,.,B,BBB,90,89,.,GLY,.,13.320879137654545,false,false,false,false,observed,,false,false,,,C:W0O301:C19:.#2939|B:GLY89:N:.#2040,,not_estimated
8RIY:model1:C:AAA:301,NUDT5,8RIY,1,.,B,BBB,91,90,.,TYR,.,15.197839385912726,false,false,false,false,observed,,false,false,,,C:W0O301:C19:.#2939|B:TYR90:O:.#2047,,not_estimated
8RIY:model1:C:AAA:301,NUDT5,8RIY,1,.,B,BBB,92,91,.,CYS,.,12.494713041922974,false,false,false,false,observed,,false,false,,,C:W0O301:C19:.#2939|B:CYS91:SG:.#2061,,not_estimated
8RIY:model1:C:AAA:301,NUDT5,8RIY,1,.,B,BBB,93,92,.,ILE,.,16.655162232773357,false,false,false,false,observed,,false,false,,,C:W0O301:C19:.#2939|B:ILE92:N:.#2062,,not_estimated
8RIY:model1:C:AAA:301,NUDT5,8RIY,1,.,B,BBB,94,93,.,GLU,.,14.654600301611776,false,false,false,false,observed,,false,false,,,C:W0O301:C20:.#2940|B:GLU93:OE2:.#2078,,not_estimated
8RIY:model1:C:AAA:301,NUDT5,8RIY,1,.,B,BBB,95,94,.,PHE,.,19.105902805154223,false,false,false,false,observed,,false,false,,,C:W0O301:C20:.#2940|B:PHE94:N:.#2079,,not_estimated
8RIY:model1:C:AAA:301,NUDT5,8RIY,1,.,B,BBB,96,95,.,PRO,.,21.423123348382234,false,false,false,false,observed,,false,false,,,C:W0O301:C20:.#2940|B:PRO95:C:.#2092,,not_estimated
8RIY:model1:C:AAA:301,NUDT5,8RIY,1,.,B,BBB,97,96,.,ALA,.,18.701266641594096,false,false,false,false,observed,,false,false,,,C:W0O301:C21:.#2944|B:ALA96:CB:.#2101,,not_estimated
8RIY:model1:C:AAA:301,NUDT5,8RIY,1,.,B,BBB,98,97,.,GLY,.,20.432562443315817,false,false,false,false,observed,,false,false,,,C:W0O301:C21:.#2944|B:GLY97:N:.#2102,,not_estimated
8RIY:model1:C:AAA:301,NUDT5,8RIY,1,.,B,BBB,99,98,.,LEU,.,18.551776330044518,false,false,false,false,observed,,false,false,,,C:W0O301:C21:.#2944|B:LEU98:CD2:.#2113,,not_estimated
8RIY:model1:C:AAA:301,NUDT5,8RIY,1,.,B,BBB,100,99,.,ILE,.,22.562578819806923,false,false,false,false,observed,,false,false,,,C:W0O301:C21:.#2944|B:ILE99:N:.#2114,,not_estimated
8RIY:model1:C:AAA:301,NUDT5,8RIY,1,.,B,BBB,101,100,.,ASP,.,25.75142935838708,false,false,false,false,observed,,false,false,,,C:W0O301:C21:.#2944|B:ASP100:N:.#2122,,not_estimated
8RIY:model1:C:AAA:301,NUDT5,8RIY,1,.,B,BBB,102,101,.,ASP,.,26.834876355221017,false,false,false,false,observed,,false,false,,,C:W0O301:C21:.#2944|B:ASP101:OD1:.#2136,,not_estimated
8RIY:model1:C:AAA:301,NUDT5,8RIY,1,.,B,BBB,103,102,.,GLY,.,29.725612424305066,false,false,false,false,observed,,false,false,,,C:W0O301:C21:.#2944|B:GLY102:N:.#2138,,not_estimated
8RIY:model1:C:AAA:301,NUDT5,8RIY,1,.,B,BBB,104,103,.,GLU,.,27.59240660036743,false,false,false,false,observed,,false,false,,,C:W0O301:C21:.#2944|B:GLU103:OE1:.#2149,,not_estimated
8RIY:model1:C:AAA:301,NUDT5,8RIY,1,.,B,BBB,105,104,.,THR,.,28.615564872984773,false,false,false,false,observed,,false,false,,,C:W0O301:O1:.#2952|B:THR104:O:.#2154,,not_estimated
8RIY:model1:C:AAA:301,NUDT5,8RIY,1,.,B,BBB,106,105,.,PRO,.,25.98815539818092,false,false,false,false,observed,,false,false,,,C:W0O301:O1:.#2952|B:PRO105:CB:.#2162,,not_estimated
8RIY:model1:C:AAA:301,NUDT5,8RIY,1,.,B,BBB,107,106,.,GLU,.,28.492527458967203,false,false,false,false,observed,,false,false,,,C:W0O301:O1:.#2952|B:GLU106:N:.#2165,,not_estimated
8RIY:model1:C:AAA:301,NUDT5,8RIY,1,.,B,BBB,108,107,.,ALA,.,29.668051418992786,false,false,false,false,observed,,false,false,,,C:W0O301:C21:.#2944|B:ALA107:C:.#2176,,not_estimated
8RIY:model1:C:AAA:301,NUDT5,8RIY,1,.,B,BBB,109,108,.,ALA,.,26.18045939245528,false,false,false,false,observed,,false,false,,,C:W0O301:C21:.#2944|B:ALA108:CB:.#2183,,not_estimated
8RIY:model1:C:AAA:301,NUDT5,8RIY,1,.,B,BBB,110,109,.,ALA,.,26.596063975708887,false,false,false,false,observed,,false,false,,,C:W0O301:C21:.#2944|B:ALA109:CA:.#2185,,not_estimated
8RIY:model1:C:AAA:301,NUDT5,8RIY,1,.,B,BBB,111,110,.,LEU,.,28.921328824934722,false,false,false,false,observed,,false,false,,,C:W0O301:C21:.#2944|B:LEU110:N:.#2189,,not_estimated
8RIY:model1:C:AAA:301,NUDT5,8RIY,1,.,B,BBB,112,111,.,ARG,.,25.697401522332953,false,false,false,false,observed,,false,false,,,C:W0O301:C21:.#2944|B:ARG111:NH2:.#2207,,not_estimated
8RIY:model1:C:AAA:301,NUDT5,8RIY,1,.,B,BBB,113,112,.,GLU,.,22.597607218464525,false,false,false,false,observed,,false,false,,,C:W0O301:C21:.#2944|B:GLU112:OE2:.#2216,,not_estimated
8RIY:model1:C:AAA:301,NUDT5,8RIY,1,.,B,BBB,114,113,.,LEU,.,27.194531453952283,false,false,false,false,observed,,false,false,,,C:W0O301:C21:.#2944|B:LEU113:N:.#2217,,not_estimated
8RIY:model1:C:AAA:301,NUDT5,8RIY,1,.,B,BBB,115,114,.,GLU,.,29.72386801881612,false,false,false,false,observed,,false,false,,,C:W0O301:C20:.#2940|B:GLU114:N:.#2225,,not_estimated
8RIY:model1:C:AAA:301,NUDT5,8RIY,1,.,B,BBB,116,115,.,GLU,.,27.335915514209503,false,false,false,false,observed,,false,false,,,C:W0O301:C20:.#2940|B:GLU115:OE1:.#2241,,not_estimated
8RIY:model1:C:AAA:301,NUDT5,8RIY,1,.,B,BBB,117,116,.,GLU,.,21.95793098176602,false,false,false,false,observed,,false,false,,,C:W0O301:C20:.#2940|B:GLU116:OE2:.#2251,,not_estimated
8RIY:model1:C:AAA:301,NUDT5,8RIY,1,.,B,BBB,118,117,.,THR,.,27.01430569161458,false,false,false,false,observed,,false,false,,,C:W0O301:C20:.#2940|B:THR117:CG2:.#2258,,not_estimated
8RIY:model1:C:AAA:301,NUDT5,8RIY,1,.,B,BBB,119,118,.,GLY,.,30.82866142082721,false,false,false,false,observed,,false,false,,,C:W0O301:C20:.#2940|B:GLY118:N:.#2259,,not_estimated
8RIY:model1:C:AAA:301,NUDT5,8RIY,1,.,B,BBB,120,119,.,TYR,.,31.258493325814666,false,false,false,false,observed,,false,false,,,C:W0O301:C20:.#2940|B:TYR119:CD2:.#2270,,not_estimated
8RIY:model1:C:AAA:301,NUDT5,8RIY,1,.,B,BBB,121,120,.,LYS,.,34.46946490736403,false,false,false,false,observed,,false,false,,,C:W0O301:C20:.#2940|B:LYS120:N:.#2275,,not_estimated
8RIY:model1:C:AAA:301,NUDT5,8RIY,1,.,B,BBB,122,121,.,GLY,.,33.70632301215901,false,false,false,false,observed,,false,false,,,C:W0O301:C21:.#2944|B:GLY121:CA:.#2285,,not_estimated
8RIY:model1:C:AAA:301,NUDT5,8RIY,1,.,B,BBB,123,122,.,ASP,.,33.14572065893273,false,false,false,false,observed,,false,false,,,C:W0O301:C21:.#2944|B:ASP122:O:.#2291,,not_estimated
8RIY:model1:C:AAA:301,NUDT5,8RIY,1,.,B,BBB,124,123,.,ILE,.,30.86474010906296,false,false,false,false,observed,,false,false,,,C:W0O301:O1:.#2952|B:ILE123:CD1:.#2303,,not_estimated
8RIY:model1:C:AAA:301,NUDT5,8RIY,1,.,B,BBB,125,124,.,ALA,.,31.91988397535304,false,false,false,false,observed,,false,false,,,C:W0O301:O1:.#2952|B:ALA124:CB:.#2308,,not_estimated
8RIY:model1:C:AAA:301,NUDT5,8RIY,1,.,B,BBB,126,125,.,GLU,.,28.152668736729026,false,false,false,false,observed,,false,false,,,C:W0O301:O1:.#2952|B:GLU125:O:.#2312,,not_estimated
8RIY:model1:C:AAA:301,NUDT5,8RIY,1,.,B,BBB,127,126,.,CYS,.,26.343367780145346,false,false,false,false,observed,,false,false,,,C:W0O301:O1:.#2952|B:CYS126:C:.#2320,,not_estimated
8RIY:model1:C:AAA:301,NUDT5,8RIY,1,.,B,BBB,128,127,.,SER,.,21.978896287120516,false,false,false,false,observed,,false,false,,,C:W0O301:O1:.#2952|B:SER127:OG:.#2329,,not_estimated
8RIY:model1:C:AAA:301,NUDT5,8RIY,1,.,B,BBB,129,128,.,PRO,.,21.345542227828272,false,false,false,false,observed,,false,false,,,C:W0O301:C22:.#2941|B:PRO128:O:.#2333,,not_estimated
8RIY:model1:C:AAA:301,NUDT5,8RIY,1,.,B,BBB,130,129,.,ALA,.,19.02446955896537,false,false,false,false,observed,,false,false,,,C:W0O301:C22:.#2941|B:ALA129:C:.#2339,,not_estimated
8RIY:model1:C:AAA:301,NUDT5,8RIY,1,.,B,BBB,131,130,.,VAL,.,15.73071333411171,false,false,false,false,observed,,false,false,,,C:W0O301:C22:.#2941|B:VAL130:O:.#2345,,not_estimated
8RIY:model1:C:AAA:301,NUDT5,8RIY,1,.,B,BBB,132,131,.,CYS,.,12.701332016761079,false,false,false,false,observed,,false,false,,,C:W0O301:C22:.#2941|B:CYS131:CB:.#2353,,not_estimated
8RIY:model1:C:AAA:301,NUDT5,8RIY,1,.,B,BBB,133,132,.,MET,.,9.873652920778612,false,false,false,false,observed,,false,false,,,C:W0O301:O1:.#2952|B:MET132:O:.#2358,,not_estimated
8RIY:model1:C:AAA:301,NUDT5,8RIY,1,.,B,BBB,134,133,.,ASP,.,5.370916588441864,false,false,false,false,observed,,false,false,,,C:W0O301:O1:.#2952|B:ASP133:OD2:.#2370,,not_estimated
8RIY:model1:C:AAA:301,NUDT5,8RIY,1,.,B,BBB,135,134,.,PRO,.,7.277466317338747,false,false,false,false,observed,,false,false,,,C:W0O301:C22:.#2941|B:PRO134:C:.#2373,,not_estimated
8RIY:model1:C:AAA:301,NUDT5,8RIY,1,.,B,BBB,136,135,.,GLY,.,3.3413395517367,true,true,true,true,observed,,false,false,,,C:W0O301:C23:.#2942|B:GLY135:O:.#2381,,not_estimated
8RIY:model1:C:AAA:301,NUDT5,8RIY,1,.,B,BBB,137,136,.,LEU,.,4.1106323114576915,false,false,true,true,observed,,false,false,,,C:W0O301:C22:.#2941|B:LEU136:CB:.#2386,,not_estimated
8RIY:model1:C:AAA:301,NUDT5,8RIY,1,.,B,BBB,138,137,.,SER,.,6.8893355993158005,false,false,false,false,observed,,false,false,,,C:W0O301:C22:.#2941|B:SER137:N:.#2390,,not_estimated
8RIY:model1:C:AAA:301,NUDT5,8RIY,1,.,B,BBB,139,138,.,ASN,.,10.513349846742473,false,false,false,false,observed,,false,false,,,C:W0O301:C22:.#2941|B:ASN138:N:.#2396,,not_estimated
8RIY:model1:C:AAA:301,NUDT5,8RIY,1,.,B,BBB,140,139,.,CYS,.,11.990951004820259,false,false,false,false,observed,,false,false,,,C:W0O301:C22:.#2941|B:CYS139:N:.#2404,,not_estimated
8RIY:model1:C:AAA:301,NUDT5,8RIY,1,.,B,BBB,141,140,.,THR,.,14.750984068868085,false,false,false,false,observed,,false,false,,,C:W0O301:C22:.#2941|B:THR140:N:.#2410,,not_estimated
8RIY:model1:C:AAA:301,NUDT5,8RIY,1,.,B,BBB,142,141,.,ILE,.,16.571092903004317,false,false,false,false,observed,,false,false,,,C:W0O301:O1:.#2952|B:ILE141:CG2:.#2423,,not_estimated
8RIY:model1:C:AAA:301,NUDT5,8RIY,1,.,B,BBB,143,142,.,HIS,.,20.298759986757815,false,false,false,false,observed,,false,false,,,C:W0O301:O1:.#2952|B:HIS142:N:.#2425,,not_estimated
8RIY:model1:C:AAA:301,NUDT5,8RIY,1,.,B,BBB,144,143,.,ILE,.,19.077790805017234,false,false,false,false,observed,,false,false,,,C:W0O301:O1:.#2952|B:ILE143:CD1:.#2442,,not_estimated
8RIY:model1:C:AAA:301,NUDT5,8RIY,1,.,B,BBB,145,144,.,VAL,.,23.864229256357724,false,false,false,false,observed,,false,false,,,C:W0O301:O1:.#2952|B:VAL144:N:.#2443,,not_estimated
8RIY:model1:C:AAA:301,NUDT5,8RIY,1,.,B,BBB,146,145,.,THR,.,26.79294231696101,false,false,false,false,observed,,false,false,,,C:W0O301:O1:.#2952|B:THR145:N:.#2450,,not_estimated
8RIY:model1:C:AAA:301,NUDT5,8RIY,1,.,B,BBB,147,146,.,VAL,.,28.827163405371675,false,false,false,false,observed,,false,false,,,C:W0O301:C21:.#2944|B:VAL146:CG2:.#2463,,not_estimated
8RIY:model1:C:AAA:301,NUDT5,8RIY,1,.,B,BBB,148,147,.,THR,.,32.22399933279542,false,false,false,false,observed,,false,false,,,C:W0O301:C21:.#2944|B:THR147:N:.#2464,,not_estimated
8RIY:model1:C:AAA:301,NUDT5,8RIY,1,.,B,BBB,149,148,.,ILE,.,31.058325936856292,false,false,false,false,observed,,false,false,,,C:W0O301:C20:.#2940|B:ILE148:CD1:.#2478,,not_estimated
8RIY:model1:C:AAA:301,NUDT5,8RIY,1,.,B,BBB,150,149,.,ASN,.,36.920335128489825,false,false,false,false,observed,,false,false,,,C:W0O301:C20:.#2940|B:ASN149:N:.#2479,,not_estimated
8RIY:model1:C:AAA:301,NUDT5,8RIY,1,.,B,BBB,151,150,.,GLY,.,37.842469607571864,false,false,false,false,observed,,false,false,,,C:W0O301:C20:.#2940|B:GLY150:N:.#2487,,not_estimated
8RIY:model1:C:AAA:301,NUDT5,8RIY,1,.,B,BBB,152,151,.,ASP,.,40.36770342736877,false,false,false,false,observed,,false,false,,,C:W0O301:C20:.#2940|B:ASP151:N:.#2491,,not_estimated
8RIY:model1:C:AAA:301,NUDT5,8RIY,1,.,B,BBB,153,152,.,ASP,.,41.36983631826455,false,false,false,false,observed,,false,false,,,C:W0O301:C20:.#2940|B:ASP152:CB:.#2503,,not_estimated
8RIY:model1:C:AAA:301,NUDT5,8RIY,1,.,B,BBB,154,153,.,ALA,.,41.632282930437526,false,false,false,false,observed,,false,false,,,C:W0O301:C20:.#2940|B:ALA153:O:.#2510,,not_estimated
8RIY:model1:C:AAA:301,NUDT5,8RIY,1,.,B,BBB,155,154,.,GLU,.,38.55355984860542,false,false,false,false,observed,,false,false,,,C:W0O301:C20:.#2940|B:GLU154:O:.#2515,,not_estimated
8RIY:model1:C:AAA:301,NUDT5,8RIY,1,.,B,BBB,156,155,.,ASN,.,36.38962757435146,false,false,false,false,observed,,false,false,,,C:W0O301:C20:.#2940|B:ASN155:OD1:.#2527,,not_estimated
8RIY:model1:C:AAA:301,NUDT5,8RIY,1,.,B,BBB,157,156,.,ALA,.,39.28255406665916,false,false,false,false,observed,,false,false,,,C:W0O301:C20:.#2940|B:ALA156:O:.#2532,,not_estimated
8RIY:model1:C:AAA:301,NUDT5,8RIY,1,.,B,BBB,158,157,.,ARG,.,37.77001940693174,false,false,false,false,partial_observed,,false,false,CD:?:flag1;CG:?:flag1;CZ:?:flag1;NE:?:flag1;NH1:?:flag1;NH2:?:flag1,,C:W0O301:C20:.#2940|B:ARG157:C:.#2536,,not_estimated
8RIY:model1:C:AAA:301,NUDT5,8RIY,1,.,B,BBB,159,158,.,PRO,.,34.35363046316939,false,false,false,false,observed,,false,false,,,C:W0O301:C20:.#2940|B:PRO158:O:.#2542,,not_estimated
8RIY:model1:C:AAA:301,NUDT5,8RIY,1,.,B,BBB,160,159,.,LYS,.,33.652799318927386,false,false,false,false,partial_observed,,false,false,CD:?:flag1;CE:?:flag1;CG:?:flag1;NZ:?:flag1,,C:W0O301:C20:.#2940|B:LYS159:C:.#2548,,not_estimated
8RIY:model1:C:AAA:301,NUDT5,8RIY,1,.,B,BBB,161,160,.,PRO,.,30.05829970241164,false,false,false,false,observed,,false,false,,,C:W0O301:C20:.#2940|B:PRO160:CB:.#2555,,not_estimated
8RIY:model1:C:AAA:301,NUDT5,8RIY,1,.,B,BBB,162,161,.,LYS,.,30.284385580691577,false,false,false,false,partial_observed,,false,false,CD:?:flag1;CE:?:flag1;CG:?:flag1;NZ:?:flag1,,C:W0O301:C20:.#2940|B:LYS161:O:.#2561,,not_estimated
8RIY:model1:C:AAA:301,NUDT5,8RIY,1,.,B,BBB,163,162,.,PRO,.,27.121810872432544,false,false,false,false,observed,,false,false,,,C:W0O301:C20:.#2940|B:PRO162:CB:.#2567,,not_estimated
8RIY:model1:C:AAA:301,NUDT5,8RIY,1,.,B,BBB,164,163,.,GLY,.,26.68186901249611,false,false,false,false,observed,,false,false,,,C:W0O301:C20:.#2940|B:GLY163:O:.#2573,,not_estimated
8RIY:model1:C:AAA:301,NUDT5,8RIY,1,.,B,BBB,165,164,.,ASP,.,25.204137557155175,false,false,false,false,observed,,false,false,,,C:W0O301:C20:.#2940|B:ASP164:O:.#2577,,not_estimated
8RIY:model1:C:AAA:301,NUDT5,8RIY,1,.,B,BBB,166,165,.,GLY,.,22.12145313943006,false,false,false,false,observed,,false,false,,,C:W0O301:C20:.#2940|B:GLY165:O:.#2585,,not_estimated
8RIY:model1:C:AAA:301,NUDT5,8RIY,1,.,B,BBB,167,166,.,GLU,.,21.71291445200298,false,false,false,false,observed,,false,false,,,C:W0O301:C20:.#2940|B:GLU166:OE2:.#2594,,not_estimated
8RIY:model1:C:AAA:301,NUDT5,8RIY,1,.,B,BBB,168,167,.,PHE,.,21.99263344849816,false,false,false,false,observed,,false,false,,,C:W0O301:C20:.#2940|B:PHE167:O:.#2598,,not_estimated
8RIY:model1:C:AAA:301,NUDT5,8RIY,1,.,B,BBB,169,168,.,VAL,.,22.617711312155347,false,false,false,false,observed,,false,false,,,C:W0O301:C20:.#2940|B:VAL168:CG2:.#2612,,not_estimated
8RIY:model1:C:AAA:301,NUDT5,8RIY,1,.,B,BBB,170,169,.,GLU,.,23.8066504573827,false,false,false,false,observed,,false,false,,,C:W0O301:C20:.#2940|B:GLU169:O:.#2616,,not_estimated
8RIY:model1:C:AAA:301,NUDT5,8RIY,1,.,B,BBB,171,170,.,VAL,.,26.07818925845888,false,false,false,false,observed,,false,false,,,C:W0O301:C20:.#2940|B:VAL170:N:.#2622,,not_estimated
8RIY:model1:C:AAA:301,NUDT5,8RIY,1,.,B,BBB,172,171,.,ILE,.,23.753766375040406,false,false,false,false,observed,,false,false,,,C:W0O301:C19:.#2939|B:ILE171:CD1:.#2636,,not_estimated
8RIY:model1:C:AAA:301,NUDT5,8RIY,1,.,B,BBB,173,172,.,SER,.,27.816800912398246,false,false,false,false,observed,,false,false,,,C:W0O301:C19:.#2939|B:SER172:N:.#2637,,not_estimated
8RIY:model1:C:AAA:301,NUDT5,8RIY,1,.,B,BBB,174,173,.,LEU,.,24.46696760941167,false,false,false,false,observed,,false,false,,,C:W0O301:C19:.#2939|B:LEU173:CD1:.#2649,,not_estimated
8RIY:model1:C:AAA:301,NUDT5,8RIY,1,.,B,BBB,175,174,.,PRO,.,29.044459471644497,false,false,false,false,observed,,false,false,,,C:W0O301:C18:.#2938|B:PRO174:O:.#2654,,not_estimated
8RIY:model1:C:AAA:301,NUDT5,8RIY,1,.,B,BBB,176,175,.,LYS,.,28.931212314730264,false,false,false,false,partial_observed,,false,false,CD:?:flag1;CE:?:flag1;NZ:?:flag1,,C:W0O301:C18:.#2938|B:LYS175:O:.#2661,,not_estimated
8RIY:model1:C:AAA:301,NUDT5,8RIY,1,.,B,BBB,177,176,.,ASN,.,30.758131884105055,false,false,false,false,observed,,false,false,,,C:W0O301:C18:.#2938|B:ASN176:C:.#2666,,not_estimated
8RIY:model1:C:AAA:301,NUDT5,8RIY,1,.,B,BBB,178,177,.,ASP,.,27.71709237997377,false,false,false,false,observed,,false,false,,,C:W0O301:C18:.#2938|B:ASP177:O:.#2675,,not_estimated
8RIY:model1:C:AAA:301,NUDT5,8RIY,1,.,B,BBB,179,178,.,LEU,.,24.54227719670691,false,false,false,false,observed,,false,false,,,C:W0O301:C18:.#2938|B:LEU178:O:.#2683,,not_estimated
8RIY:model1:C:AAA:301,NUDT5,8RIY,1,.,B,BBB,180,179,.,LEU,.,21.720068577239807,false,false,false,false,observed,,false,false,,,C:W0O301:C18:.#2938|B:LEU179:CD1:.#2694,,not_estimated
8RIY:model1:C:AAA:301,NUDT5,8RIY,1,.,B,BBB,181,180,.,GLN,.,25.339860930952245,false,false,false,false,observed,,false,false,,,C:W0O301:C18:.#2938|B:GLN180:N:.#2696,,not_estimated
8RIY:model1:C:AAA:301,NUDT5,8RIY,1,.,B,BBB,182,181,.,ARG,.,24.601575843835697,false,false,false,false,observed,,false,false,,,C:W0O301:C19:.#2939|B:ARG181:O:.#2708,,not_estimated
8RIY:model1:C:AAA:301,NUDT5,8RIY,1,.,B,BBB,183,182,.,LEU,.,20.738383471235167,false,false,false,false,observed,,false,false,,,C:W0O301:C18:.#2938|B:LEU182:CD1:.#2722,,not_estimated
8RIY:model1:C:AAA:301,NUDT5,8RIY,1,.,B,BBB,184,183,.,ASP,.,20.57349083165033,false,false,false,false,observed,,false,false,,,C:W0O301:C18:.#2938|B:ASP183:OD1:.#2730,,not_estimated
8RIY:model1:C:AAA:301,NUDT5,8RIY,1,.,B,BBB,185,184,.,ALA,.,23.65638943287838,false,false,false,false,observed,,false,false,,,C:W0O301:C19:.#2939|B:ALA184:N:.#2732,,not_estimated
8RIY:model1:C:AAA:301,NUDT5,8RIY,1,.,B,BBB,186,185,.,LEU,.,21.353502686912982,false,false,false,false,observed,,false,false,,,C:W0O301:C19:.#2939|B:LEU185:O:.#2740,,not_estimated
8RIY:model1:C:AAA:301,NUDT5,8RIY,1,.,B,BBB,187,186,.,VAL,.,17.68713453332676,false,false,false,false,observed,,false,false,,,C:W0O301:C19:.#2939|B:VAL186:CG1:.#2750,,not_estimated
8RIY:model1:C:AAA:301,NUDT5,8RIY,1,.,B,BBB,188,187,.,ALA,.,20.93806722216738,false,false,false,false,observed,,false,false,,,C:W0O301:C19:.#2939|B:ALA187:N:.#2752,,not_estimated
8RIY:model1:C:AAA:301,NUDT5,8RIY,1,.,B,BBB,189,188,.,GLU,.,23.07462716925238,false,false,false,false,partial_observed,,false,false,CD:?:flag1;CG:?:flag1;OE1:?:flag1;OE2:?:flag1,,C:W0O301:C19:.#2939|B:GLU188:N:.#2757,,not_estimated
8RIY:model1:C:AAA:301,NUDT5,8RIY,1,.,B,BBB,190,189,.,GLU,.,19.820880908779007,false,false,false,false,observed,,false,false,,,C:W0O301:C19:.#2939|B:GLU189:O:.#2765,,not_estimated
8RIY:model1:C:AAA:301,NUDT5,8RIY,1,.,B,BBB,191,190,.,HIS,.,17.439166866567913,false,false,false,false,observed,,false,false,,,C:W0O301:C19:.#2939|B:HIS190:O:.#2774,,not_estimated
8RIY:model1:C:AAA:301,NUDT5,8RIY,1,.,B,BBB,192,191,.,LEU,.,15.813937333883679,false,false,false,false,observed,,false,false,,,C:W0O301:C19:.#2939|B:LEU191:O:.#2784,,not_estimated
8RIY:model1:C:AAA:301,NUDT5,8RIY,1,.,B,BBB,193,192,.,THR,.,11.82512080276561,false,false,false,false,observed,,false,false,,,C:W0O301:C19:.#2939|B:THR192:CG2:.#2795,,not_estimated
8RIY:model1:C:AAA:301,NUDT5,8RIY,1,.,B,BBB,194,193,.,VAL,.,13.48580561182757,false,false,false,false,observed,,false,false,,,C:W0O301:C19:.#2939|B:VAL193:O:.#2799,,not_estimated
8RIY:model1:C:AAA:301,NUDT5,8RIY,1,.,B,BBB,195,194,.,ASP,.,13.076279363794578,false,false,false,false,observed,,false,false,,,C:W0O301:C20:.#2940|B:ASP194:OD1:.#2809,,not_estimated
8RIY:model1:C:AAA:301,NUDT5,8RIY,1,.,B,BBB,196,195,.,ALA,.,12.197507614262841,false,false,false,false,observed,,false,false,,,C:W0O301:C18:.#2938|B:ALA195:CB:.#2815,,not_estimated
8RIY:model1:C:AAA:301,NUDT5,8RIY,1,.,B,BBB,197,196,.,ARG,.,13.65161785284074,false,false,false,false,observed,,false,false,,,C:W0O301:C21:.#2944|B:ARG196:NH1:.#2825,,not_estimated
8RIY:model1:C:AAA:301,NUDT5,8RIY,1,.,B,BBB,198,197,.,VAL,.,17.494862960309234,false,false,false,false,observed,,false,false,,,C:W0O301:C18:.#2938|B:VAL197:N:.#2827,,not_estimated
8RIY:model1:C:AAA:301,NUDT5,8RIY,1,.,B,BBB,199,198,.,TYR,.,16.84243681894042,false,false,false,false,observed,,false,false,,,C:W0O301:C18:.#2938|B:TYR198:CB:.#2838,,not_estimated
8RIY:model1:C:AAA:301,NUDT5,8RIY,1,.,B,BBB,200,199,.,SER,.,16.26598340095059,false,false,false,false,observed,,false,false,,,C:W0O301:C17:.#2937|B:SER199:OG:.#2851,,not_estimated
8RIY:model1:C:AAA:301,NUDT5,8RIY,1,.,B,BBB,201,200,.,TYR,.,20.248385170180857,false,false,false,false,observed,,false,false,,,C:W0O301:C17:.#2937|B:TYR200:N:.#2852,,not_estimated
8RIY:model1:C:AAA:301,NUDT5,8RIY,1,.,B,BBB,202,201,.,ALA,.,22.17473359479207,false,false,false,false,observed,,false,false,,,C:W0O301:C18:.#2938|B:ALA201:N:.#2864,,not_estimated
8RIY:model1:C:AAA:301,NUDT5,8RIY,1,.,B,BBB,203,202,.,LEU,.,19.52177415093208,false,false,false,false,observed,,false,false,,,C:W0O301:C18:.#2938|B:LEU202:CD2:.#2876,,not_estimated
8RIY:model1:C:AAA:301,NUDT5,8RIY,1,.,B,BBB,204,203,.,ALA,.,23.353114610261304,false,false,false,false,observed,,false,false,,,C:W0O301:C17:.#2937|B:ALA203:N:.#2877,,not_estimated
8RIY:model1:C:AAA:301,NUDT5,8RIY,1,.,B,BBB,205,204,.,LEU,.,25.87497549757294,false,false,false,false,observed,,false,false,,,C:W0O301:C17:.#2937|B:LEU204:N:.#2882,,not_estimated
8RIY:model1:C:AAA:301,NUDT5,8RIY,1,.,B,BBB,206,205,.,LYS,.,26.298563801089973,false,false,false,false,observed,,false,false,,,C:W0O301:C18:.#2938|B:LYS205:CD:.#2896,,not_estimated
8RIY:model1:C:AAA:301,NUDT5,8RIY,1,.,B,BBB,207,206,.,HIS,.,23.27051984808247,false,false,false,false,observed,,false,false,,,C:W0O301:C17:.#2937|B:HIS206:CE1:.#2907,,not_estimated
8RIY:model1:C:AAA:301,NUDT5,8RIY,1,.,B,BBB,208,207,.,ALA,.,28.692078784919023,false,false,false,false,observed,,false,false,,,C:W0O301:C17:.#2937|B:ALA207:N:.#2909,,not_estimated
8RIY:model1:C:AAA:301,NUDT5,8RIY,1,.,B,BBB,209,208,.,ASN,.,31.898729347734218,false,false,false,false,observed,,false,false,,,C:W0O301:C17:.#2937|B:ASN208:N:.#2914,,not_estimated
8RIY:model1:D:BBB:301,NUDT5,8RIY,1,.,A,AAA,1,?,.,SER,.,,,,,,refused,unobserved_residue,false,false,whole_residue,,,,not_estimated
8RIY:model1:D:BBB:301,NUDT5,8RIY,1,.,A,AAA,2,?,.,MET,.,,,,,,refused,unobserved_residue,false,false,whole_residue,,,,not_estimated
8RIY:model1:D:BBB:301,NUDT5,8RIY,1,.,A,AAA,3,?,.,GLU,.,,,,,,refused,unobserved_residue,false,false,whole_residue,,,,not_estimated
8RIY:model1:D:BBB:301,NUDT5,8RIY,1,.,A,AAA,4,?,.,SER,.,,,,,,refused,unobserved_residue,false,false,whole_residue,,,,not_estimated
8RIY:model1:D:BBB:301,NUDT5,8RIY,1,.,A,AAA,5,?,.,GLN,.,,,,,,refused,unobserved_residue,false,false,whole_residue,,,,not_estimated
8RIY:model1:D:BBB:301,NUDT5,8RIY,1,.,A,AAA,6,?,.,GLU,.,,,,,,refused,unobserved_residue,false,false,whole_residue,,,,not_estimated
8RIY:model1:D:BBB:301,NUDT5,8RIY,1,.,A,AAA,7,?,.,PRO,.,,,,,,refused,unobserved_residue,false,false,whole_residue,,,,not_estimated
8RIY:model1:D:BBB:301,NUDT5,8RIY,1,.,A,AAA,8,?,.,THR,.,,,,,,refused,unobserved_residue,false,false,whole_residue,,,,not_estimated
8RIY:model1:D:BBB:301,NUDT5,8RIY,1,.,A,AAA,9,?,.,GLU,.,,,,,,refused,unobserved_residue,false,false,whole_residue,,,,not_estimated
8RIY:model1:D:BBB:301,NUDT5,8RIY,1,.,A,AAA,10,?,.,SER,.,,,,,,refused,unobserved_residue,false,false,whole_residue,,,,not_estimated
8RIY:model1:D:BBB:301,NUDT5,8RIY,1,.,A,AAA,11,?,.,SER,.,,,,,,refused,unobserved_residue,false,false,whole_residue,,,,not_estimated
8RIY:model1:D:BBB:301,NUDT5,8RIY,1,.,A,AAA,12,?,.,GLN,.,,,,,,refused,unobserved_residue,false,false,whole_residue,,,,not_estimated
8RIY:model1:D:BBB:301,NUDT5,8RIY,1,.,A,AAA,13,?,.,ASN,.,,,,,,refused,unobserved_residue,false,false,whole_residue,,,,not_estimated
8RIY:model1:D:BBB:301,NUDT5,8RIY,1,.,A,AAA,14,?,.,GLY,.,,,,,,refused,unobserved_residue,false,false,whole_residue,,,,not_estimated
8RIY:model1:D:BBB:301,NUDT5,8RIY,1,.,A,AAA,15,14,.,LYS,.,17.614432860583392,false,false,false,false,observed,,false,false,,,D:W0O301:C8:.#2959|A:LYS14:O:.#4,,not_estimated
8RIY:model1:D:BBB:301,NUDT5,8RIY,1,.,A,AAA,16,15,.,GLN,.,11.89595582540554,false,false,false,false,observed,,false,false,,,D:W0O301:C8:.#2959|A:GLN15:OE1:.#17,,not_estimated
8RIY:model1:D:BBB:301,NUDT5,8RIY,1,.,A,AAA,17,16,.,TYR,.,13.702343047814852,false,false,false,false,observed,,false,false,,,D:W0O301:C8:.#2959|A:TYR16:O:.#22,,not_estimated
8RIY:model1:D:BBB:301,NUDT5,8RIY,1,.,A,AAA,18,17,.,ILE,.,12.328618089631943,false,false,false,false,observed,,false,false,,,D:W0O301:N4:.#2980|A:ILE17:CD1:.#38,,not_estimated
8RIY:model1:D:BBB:301,NUDT5,8RIY,1,.,A,AAA,19,18,.,ILE,.,13.98993002126887,false,false,false,false,observed,,false,false,,,D:W0O301:N4:.#2980|A:ILE18:N:.#39,,not_estimated
8RIY:model1:D:BBB:301,NUDT5,8RIY,1,.,A,AAA,20,19,.,SER,.,11.834622173943705,false,false,false,false,observed,,false,false,,,D:W0O301:N4:.#2980|A:SER19:O:.#50,,not_estimated
8RIY:model1:D:BBB:301,NUDT5,8RIY,1,.,A,AAA,21,20,.,GLU,.,10.597296919497914,false,false,false,false,observed,,false,false,,,D:W0O301:N5:.#2981|A:GLU20:OE1:.#60,,not_estimated
8RIY:model1:D:BBB:301,NUDT5,8RIY,1,.,A,AAA,22,21,.,GLU,.,11.550478604802487,false,false,false,false,partial_observed,,false,false,CD:?:flag1;CG:?:flag1;OE1:?:flag1;OE2:?:flag1,,D:W0O301:N4:.#2980|A:GLU21:O:.#65,,not_estimated
8RIY:model1:D:BBB:301,NUDT5,8RIY,1,.,A,AAA,23,22,.,LEU,.,13.206152997750708,false,false,false,false,observed,,false,false,,,D:W0O301:N5:.#2981|A:LEU22:C:.#69,,not_estimated
8RIY:model1:D:BBB:301,NUDT5,8RIY,1,.,A,AAA,24,23,.,ILE,.,8.686371221632196,false,false,false,false,observed,,false,false,,,D:W0O301:N5:.#2981|A:ILE23:CD1:.#82,,not_estimated
8RIY:model1:D:BBB:301,NUDT5,8RIY,1,.,A,AAA,25,24,.,SER,.,12.90041848158423,false,false,false,false,observed,,false,false,,,D:W0O301:N5:.#2981|A:SER24:N:.#83,,not_estimated
8RIY:model1:D:BBB:301,NUDT5,8RIY,1,.,A,AAA,26,25,.,GLU,.,15.270680927843395,false,false,false,false,observed,,false,false,,,D:W0O301:N5:.#2981|A:GLU25:N:.#89,,not_estimated
8RIY:model1:D:BBB:301,NUDT5,8RIY,1,.,A,AAA,27,26,.,GLY,.,16.019781552817754,false,false,false,false,observed,,false,false,,,D:W0O301:C21:.#2974|A:GLY26:N:.#98,,not_estimated
8RIY:model1:D:BBB:301,NUDT5,8RIY,1,.,A,AAA,28,27,.,LYS,.,17.557507283210793,false,false,false,false,observed,,false,false,,,D:W0O301:C21:.#2974|A:LYS27:N:.#102,,not_estimated
8RIY:model1:D:BBB:301,NUDT5,8RIY,1,.,A,AAA,29,28,.,TRP,.,15.471221477310705,false,false,false,false,observed,,false,false,,,D:W0O301:C21:.#2974|A:TRP28:C:.#113,,not_estimated
8RIY:model1:D:BBB:301,NUDT5,8RIY,1,.,A,AAA,30,29,.,VAL,.,11.488477923554541,false,false,false,false,observed,,false,false,,,D:W0O301:C21:.#2974|A:VAL29:CG1:.#130,,not_estimated
8RIY:model1:D:BBB:301,NUDT5,8RIY,1,.,A,AAA,31,30,.,LYS,.,10.71933178887565,false,false,false,false,observed,,false,false,,,D:W0O301:N5:.#2981|A:LYS30:O:.#135,,not_estimated
8RIY:model1:D:BBB:301,NUDT5,8RIY,1,.,A,AAA,32,31,.,LEU,.,7.272726998863633,false,false,false,false,observed,,false,false,,,D:W0O301:N5:.#2981|A:LEU31:CD1:.#147,,not_estimated
8RIY:model1:D:BBB:301,NUDT5,8RIY,1,.,A,AAA,33,32,.,GLU,.,7.177664592330852,false,false,false,false,observed,,false,false,,,D:W0O301:N5:.#2981|A:GLU32:O:.#152,,not_estimated
8RIY:model1:D:BBB:301,NUDT5,8RIY,1,.,A,AAA,34,33,.,LYS,.,7.118892189097966,false,false,false,false,observed,,false,false,,,D:W0O301:N4:.#2980|A:LYS33:NZ:.#166,,not_estimated
8RIY:model1:D:BBB:301,NUDT5,8RIY,1,.,A,AAA,35,34,.,THR,.,7.20797183679293,false,false,false,false,observed,,false,false,,,D:W0O301:N4:.#2980|A:THR34:O:.#170,,not_estimated
8RIY:model1:D:BBB:301,NUDT5,8RIY,1,.,A,AAA,36,35,.,THR,.,9.433165163400885,false,false,false,false,observed,,false,false,,,D:W0O301:N4:.#2980|A:THR35:N:.#174,,not_estimated
8RIY:model1:D:BBB:301,NUDT5,8RIY,1,.,A,AAA,37,36,.,TYR,.,6.719471556603244,false,false,false,false,observed,,false,false,,,D:W0O301:C8:.#2959|A:TYR36:OH:.#192,,not_estimated
8RIY:model1:D:BBB:301,NUDT5,8RIY,1,.,A,AAA,38,37,.,MET,.,12.556164820517452,false,false,false,false,observed,,false,false,,,D:W0O301:C8:.#2959|A:MET37:N:.#193,,not_estimated
8RIY:model1:D:BBB:301,NUDT5,8RIY,1,.,A,AAA,39,38,.,ASP,.,11.948287952673388,false,false,false,false,observed,,false,false,,,D:W0O301:C2:.#2954|A:ASP38:OD2:.#208,,not_estimated
8RIY:model1:D:BBB:301,NUDT5,8RIY,1,.,A,AAA,40,39,.,PRO,.,13.473328801747545,false,false,false,false,observed,,false,false,,,D:W0O301:C2:.#2954|A:PRO39:CD:.#215,,not_estimated
8RIY:model1:D:BBB:301,NUDT5,8RIY,1,.,A,AAA,41,40,.,THR,.,14.718381840406236,false,false,false,false,observed,,false,false,,,D:W0O301:C2:.#2954|A:THR40:OG1:.#221,,not_estimated
8RIY:model1:D:BBB:301,NUDT5,8RIY,1,.,A,AAA,42,41,.,GLY,.,16.865260181805677,false,false,false,false,observed,,false,false,,,D:W0O301:C8:.#2959|A:GLY41:C:.#225,,not_estimated
8RIY:model1:D:BBB:301,NUDT5,8RIY,1,.,A,AAA,43,42,.,LYS,.,12.796457556683412,false,false,false,false,observed,,false,false,,,D:W0O301:C8:.#2959|A:LYS42:O:.#230,,not_estimated
8RIY:model1:D:BBB:301,NUDT5,8RIY,1,.,A,AAA,44,43,.,THR,.,10.914066565675695,false,false,false,false,observed,,false,false,,,D:W0O301:C8:.#2959|A:THR43:C:.#238,,not_estimated
8RIY:model1:D:BBB:301,NUDT5,8RIY,1,.,A,AAA,45,44,.,ARG,.,7.655696049347833,false,false,false,false,observed,,false,false,,,D:W0O301:C2:.#2954|A:ARG44:NH1:.#252,,not_estimated
8RIY:model1:D:BBB:301,NUDT5,8RIY,1,.,A,AAA,46,45,.,THR,.,4.0699300976798085,false,false,true,true,observed,,false,false,,,D:W0O301:C8:.#2959|A:THR45:O:.#257,,not_estimated
8RIY:model1:D:BBB:301,NUDT5,8RIY,1,.,A,AAA,47,46,.,TRP,.,3.40387514459623,true,true,true,true,observed,,false,false,,,D:W0O301:N4:.#2980|A:TRP46:CD2:.#268,,not_estimated
8RIY:model1:D:BBB:301,NUDT5,8RIY,1,.,A,AAA,48,47,.,GLU,.,2.847691345634216,true,true,true,true,observed,,false,false,,,D:W0O301:N5:.#2981|A:GLU47:O:.#278,,not_estimated
8RIY:model1:D:BBB:301,NUDT5,8RIY,1,.,A,AAA,49,48,.,SER,.,4.975857212581566,false,false,false,true,observed,,false,false,,,D:W0O301:N5:.#2981|A:SER48:N:.#284,,not_estimated
8RIY:model1:D:BBB:301,NUDT5,8RIY,1,.,A,AAA,50,49,.,VAL,.,7.272522877241434,false,false,false,false,observed,,false,false,,,D:W0O301:N5:.#2981|A:VAL49:N:.#290,,not_estimated
8RIY:model1:D:BBB:301,NUDT5,8RIY,1,.,A,AAA,51,50,.,LYS,.,10.808975622139224,false,false,false,false,observed,,false,false,,,D:W0O301:N5:.#2981|A:LYS50:N:.#297,,not_estimated
8RIY:model1:D:BBB:301,NUDT5,8RIY,1,.,A,AAA,52,51,.,ARG,.,14.29582019332924,false,false,false,false,partial_observed,,true,false,CZ:?:flag0,A:ARG51:CZ:.#314,D:W0O301:N5:.#2981|A:ARG51:N:.#306,,not_estimated
8RIY:model1:D:BBB:301,NUDT5,8RIY,1,.,A,AAA,53,52,.,THR,.,16.767734820183673,false,false,false,false,observed,,false,false,,,D:W0O301:C21:.#2974|A:THR52:N:.#317,,not_estimated
8RIY:model1:D:BBB:301,NUDT5,8RIY,1,.,A,AAA,54,53,.,THR,.,19.29878851119935,false,false,false,false,observed,,false,false,,,D:W0O301:N5:.#2981|A:THR53:N:.#324,,not_estimated
8RIY:model1:D:BBB:301,NUDT5,8RIY,1,.,A,AAA,55,54,.,ARG,.,20.548789234405028,false,false,false,false,partial_observed,,false,false,CD:?:flag1;CZ:?:flag1;NE:?:flag1;NH1:?:flag1;NH2:?:flag1,,D:W0O301:N5:.#2981|A:ARG54:CA:.#332,,not_estimated
8RIY:model1:D:BBB:301,NUDT5,8RIY,1,.,A,AAA,56,55,.,LYS,.,20.79423521075012,false,false,false,false,partial_observed,,false,false,CD:?:flag1;CE:?:flag1;CG:?:flag1;NZ:?:flag1,,D:W0O301:C22:.#2971|A:LYS55:CB:.#341,,not_estimated
8RIY:model1:D:BBB:301,NUDT5,8RIY,1,.,A,AAA,57,56,.,GLU,.,24.114110163968316,false,false,false,false,partial_observed,,false,false,CD:?:flag1;CG:?:flag1;OE1:?:flag1;OE2:?:flag1,,D:W0O301:C22:.#2971|A:GLU56:N:.#342,,not_estimated
8RIY:model1:D:BBB:301,NUDT5,8RIY,1,.,A,AAA,58,57,.,GLN,.,22.91806206903193,false,false,false,false,partial_observed,,false,false,CD:?:flag1;CG:?:flag1;NE2:?:flag1;OE1:?:flag1,,D:W0O301:C22:.#2971|A:GLN57:O:.#350,,not_estimated
8RIY:model1:D:BBB:301,NUDT5,8RIY,1,.,A,AAA,59,58,.,THR,.,20.894235425111873,false,false,false,false,observed,,false,false,,,D:W0O301:C22:.#2971|A:THR58:O:.#355,,not_estimated
8RIY:model1:D:BBB:301,NUDT5,8RIY,1,.,A,AAA,60,59,.,ALA,.,20.289874174080037,false,false,false,false,observed,,false,false,,,D:W0O301:C22:.#2971|A:ALA59:C:.#361,,not_estimated
8RIY:model1:D:BBB:301,NUDT5,8RIY,1,.,A,AAA,61,60,.,ASP,.,16.10693527645778,false,false,false,false,observed,,false,false,,,D:W0O301:C22:.#2971|A:ASP60:OD2:.#371,,not_estimated
8RIY:model1:D:BBB:301,NUDT5,8RIY,1,.,A,AAA,62,61,.,GLY,.,19.005343301292932,false,false,false,false,observed,,false,false,,,D:W0O301:O1:.#2982|A:GLY61:N:.#372,,not_estimated
8RIY:model1:D:BBB:301,NUDT5,8RIY,1,.,A,AAA,63,62,.,VAL,.,19.969171089456868,false,false,false,false,observed,,false,false,,,D:W0O301:C21:.#2974|A:VAL62:O:.#379,,not_estimated
8RIY:model1:D:BBB:301,NUDT5,8RIY,1,.,A,AAA,64,63,.,ALA,.,19.147150858548123,false,false,false,false,observed,,false,false,,,D:W0O301:O1:.#2982|A:ALA63:CB:.#387,,not_estimated
8RIY:model1:D:BBB:301,NUDT5,8RIY,1,.,A,AAA,65,64,.,VAL,.,22.19831781915017,false,false,false,false,observed,,false,false,,,D:W0O301:C21:.#2974|A:VAL64:N:.#388,,not_estimated
8RIY:model1:D:BBB:301,NUDT5,8RIY,1,.,A,AAA,66,65,.,ILE,.,23.222320405161927,false,false,false,false,observed,,false,false,,,D:W0O301:O1:.#2982|A:ILE65:CD1:.#402,,not_estimated
8RIY:model1:D:BBB:301,NUDT5,8RIY,1,.,A,AAA,67,66,.,PRO,.,25.55608203539815,false,false,false,false,observed,,false,false,,,D:W0O301:C20:.#2970|A:PRO66:CD:.#409,,not_estimated
8RIY:model1:D:BBB:301,NUDT5,8RIY,1,.,A,AAA,68,67,.,VAL,.,29.78342552494592,false,false,false,false,observed,,false,false,,,D:W0O301:C21:.#2974|A:VAL67:N:.#410,,not_estimated
8RIY:model1:D:BBB:301,NUDT5,8RIY,1,.,A,AAA,69,68,.,LEU,.,31.893181685118844,false,false,false,false,observed,,false,false,,,D:W0O301:C20:.#2970|A:LEU68:N:.#417,,not_estimated
8RIY:model1:D:BBB:301,NUDT5,8RIY,1,.,A,AAA,70,69,.,GLN,.,35.21955895521692,false,false,false,false,observed,,false,false,,,D:W0O301:C20:.#2970|A:GLN69:N:.#425,,not_estimated
8RIY:model1:D:BBB:301,NUDT5,8RIY,1,.,A,AAA,71,70,.,ARG,.,35.06902835836773,false,false,false,false,observed,,false,false,,,D:W0O301:C19:.#2969|A:ARG70:NH2:.#444,,not_estimated
8RIY:model1:D:BBB:301,NUDT5,8RIY,1,.,A,AAA,72,71,.,THR,.,41.55039189947551,false,false,false,false,observed,,false,false,,,D:W0O301:C19:.#2969|A:THR71:N:.#445,,not_estimated
8RIY:model1:D:BBB:301,NUDT5,8RIY,1,.,A,AAA,73,72,.,LEU,.,41.86113541221738,false,false,false,false,partial_observed,,false,false,CD1:?:flag1;CD2:?:flag1;CG:?:flag1,,D:W0O301:C19:.#2969|A:LEU72:C:.#454,,not_estimated
8RIY:model1:D:BBB:301,NUDT5,8RIY,1,.,A,AAA,74,73,.,HIS,.,38.580788911062974,false,false,false,false,observed,,false,false,,,D:W0O301:C19:.#2969|A:HIS73:C:.#459,,not_estimated
8RIY:model1:D:BBB:301,NUDT5,8RIY,1,.,A,AAA,75,74,.,TYR,.,35.44798225569405,false,false,false,false,observed,,false,false,,,D:W0O301:C19:.#2969|A:TYR74:O:.#470,,not_estimated
8RIY:model1:D:BBB:301,NUDT5,8RIY,1,.,A,AAA,76,75,.,GLU,.,32.530191607182395,false,false,false,false,observed,,false,false,,,D:W0O301:C18:.#2968|A:GLU75:O:.#482,,not_estimated
8RIY:model1:D:BBB:301,NUDT5,8RIY,1,.,A,AAA,77,76,.,CYS,.,30.124458534552947,false,false,false,false,observed,,false,false,,,D:W0O301:C19:.#2969|A:CYS76:C:.#490,,not_estimated
8RIY:model1:D:BBB:301,NUDT5,8RIY,1,.,A,AAA,78,77,.,ILE,.,25.361660079734527,false,false,false,false,observed,,false,false,,,D:W0O301:C19:.#2969|A:ILE77:CG2:.#500,,not_estimated
8RIY:model1:D:BBB:301,NUDT5,8RIY,1,.,A,AAA,79,78,.,VAL,.,24.752983577742704,false,false,false,false,observed,,false,false,,,D:W0O301:C20:.#2970|A:VAL78:O:.#505,,not_estimated
8RIY:model1:D:BBB:301,NUDT5,8RIY,1,.,A,AAA,80,79,.,LEU,.,22.176280165979147,false,false,false,false,observed,,false,false,,,D:W0O301:C19:.#2969|A:LEU79:CD1:.#515,,not_estimated
8RIY:model1:D:BBB:301,NUDT5,8RIY,1,.,A,AAA,81,80,.,VAL,.,19.582072132437876,false,false,false,false,observed,,false,false,,,D:W0O301:C20:.#2970|A:VAL80:O:.#520,,not_estimated
8RIY:model1:D:BBB:301,NUDT5,8RIY,1,.,A,AAA,82,81,.,LYS,.,20.06609899806138,false,false,false,false,partial_observed,,false,false,NZ:?:flag1,,D:W0O301:C20:.#2970|A:LYS81:C:.#526,,not_estimated
8RIY:model1:D:BBB:301,NUDT5,8RIY,1,.,A,AAA,83,82,.,GLN,.,16.744193202420952,false,false,false,false,observed,,false,false,,,D:W0O301:C20:.#2970|A:GLN82:O:.#535,,not_estimated
8RIY:model1:D:BBB:301,NUDT5,8RIY,1,.,A,AAA,84,83,.,PHE,.,15.77350389101927,false,false,false,false,observed,,false,false,,,D:W0O301:C20:.#2970|A:PHE83:C:.#543,,not_estimated
8RIY:model1:D:BBB:301,NUDT5,8RIY,1,.,A,AAA,85,84,.,ARG,.,11.896936496426298,false,false,false,false,observed,,false,false,,,D:W0O301:C20:.#2970|A:ARG84:O:.#555,,not_estimated
8RIY:model1:D:BBB:301,NUDT5,8RIY,1,.,A,AAA,86,85,.,PRO,.,10.722113877403096,false,false,false,false,observed,,false,false,,,D:W0O301:C20:.#2970|A:PRO85:O:.#566,,not_estimated
8RIY:model1:D:BBB:301,NUDT5,8RIY,1,.,A,AAA,87,86,.,PRO,.,7.343576853277972,false,false,false,false,observed,,false,false,,,D:W0O301:C20:.#2970|A:PRO86:O:.#573,,not_estimated
8RIY:model1:D:BBB:301,NUDT5,8RIY,1,.,A,AAA,88,87,.,MET,.,7.768298011791258,false,false,false,false,observed,,false,false,,,D:W0O301:C19:.#2969|A:MET87:SD:.#583,,not_estimated
8RIY:model1:D:BBB:301,NUDT5,8RIY,1,.,A,AAA,89,88,.,GLY,.,10.853636487371412,false,false,false,false,observed,,false,false,,,D:W0O301:C19:.#2969|A:GLY88:N:.#585,,not_estimated
8RIY:model1:D:BBB:301,NUDT5,8RIY,1,.,A,AAA,90,89,.,GLY,.,12.992979835280282,false,false,false,false,observed,,false,false,,,D:W0O301:C19:.#2969|A:GLY89:N:.#589,,not_estimated
8RIY:model1:D:BBB:301,NUDT5,8RIY,1,.,A,AAA,91,90,.,TYR,.,14.876735192911115,false,false,false,false,observed,,false,false,,,D:W0O301:C19:.#2969|A:TYR90:O:.#596,,not_estimated
8RIY:model1:D:BBB:301,NUDT5,8RIY,1,.,A,AAA,92,91,.,CYS,.,12.34871543926736,false,false,false,false,observed,,false,false,,,D:W0O301:C19:.#2969|A:CYS91:SG:.#610,,not_estimated
8RIY:model1:D:BBB:301,NUDT5,8RIY,1,.,A,AAA,93,92,.,ILE,.,16.57168702938841,false,false,false,false,observed,,false,false,,,D:W0O301:C19:.#2969|A:ILE92:N:.#611,,not_estimated
8RIY:model1:D:BBB:301,NUDT5,8RIY,1,.,A,AAA,94,93,.,GLU,.,14.739489170252815,false,false,false,false,observed,,false,false,,,D:W0O301:C20:.#2970|A:GLU93:OE1:.#626,,not_estimated
8RIY:model1:D:BBB:301,NUDT5,8RIY,1,.,A,AAA,95,94,.,PHE,.,19.00682124922524,false,false,false,false,observed,,false,false,,,D:W0O301:C20:.#2970|A:PHE94:N:.#628,,not_estimated
8RIY:model1:D:BBB:301,NUDT5,8RIY,1,.,A,AAA,96,95,.,PRO,.,21.129535678760192,false,false,false,false,observed,,false,false,,,D:W0O301:C21:.#2974|A:PRO95:C:.#641,,not_estimated
8RIY:model1:D:BBB:301,NUDT5,8RIY,1,.,A,AAA,97,96,.,ALA,.,18.36097478349121,false,false,false,false,observed,,false,false,,,D:W0O301:C21:.#2974|A:ALA96:CB:.#650,,not_estimated
8RIY:model1:D:BBB:301,NUDT5,8RIY,1,.,A,AAA,98,97,.,GLY,.,19.84704748822857,false,false,false,false,observed,,false,false,,,D:W0O301:C21:.#2974|A:GLY97:N:.#651,,not_estimated
8RIY:model1:D:BBB:301,NUDT5,8RIY,1,.,A,AAA,99,98,.,LEU,.,17.6722554870622,false,false,false,false,observed,,false,false,,,D:W0O301:C21:.#2974|A:LEU98:CD1:.#661,,not_estimated
8RIY:model1:D:BBB:301,NUDT5,8RIY,1,.,A,AAA,100,99,.,ILE,.,22.143898234050845,false,false,false,false,observed,,false,false,,,D:W0O301:C21:.#2974|A:ILE99:N:.#663,,not_estimated
8RIY:model1:D:BBB:301,NUDT5,8RIY,1,.,A,AAA,101,100,.,ASP,.,25.27194739231625,false,false,false,false,observed,,false,false,,,D:W0O301:C21:.#2974|A:ASP100:N:.#671,,not_estimated
8RIY:model1:D:BBB:301,NUDT5,8RIY,1,.,A,AAA,102,101,.,ASP,.,27.123451365930556,false,false,false,false,observed,,false,false,,,D:W0O301:C21:.#2974|A:ASP101:N:.#679,,not_estimated
8RIY:model1:D:BBB:301,NUDT5,8RIY,1,.,A,AAA,103,102,.,GLY,.,29.372057759033503,false,false,false,false,observed,,false,false,,,D:W0O301:O1:.#2982|A:GLY102:N:.#687,,not_estimated
8RIY:model1:D:BBB:301,NUDT5,8RIY,1,.,A,AAA,104,103,.,GLU,.,27.141558282456813,false,false,false,false,observed,,false,false,,,D:W0O301:C21:.#2974|A:GLU103:OE1:.#698,,not_estimated
8RIY:model1:D:BBB:301,NUDT5,8RIY,1,.,A,AAA,105,104,.,THR,.,28.36331879382242,false,false,false,false,observed,,false,false,,,D:W0O301:O1:.#2982|A:THR104:O:.#703,,not_estimated
8RIY:model1:D:BBB:301,NUDT5,8RIY,1,.,A,AAA,106,105,.,PRO,.,25.90687594056837,false,false,false,false,observed,,false,false,,,D:W0O301:O1:.#2982|A:PRO105:CB:.#711,,not_estimated
8RIY:model1:D:BBB:301,NUDT5,8RIY,1,.,A,AAA,107,106,.,GLU,.,28.393807810859045,false,false,false,false,observed,,false,false,,,D:W0O301:O1:.#2982|A:GLU106:N:.#714,,not_estimated
8RIY:model1:D:BBB:301,NUDT5,8RIY,1,.,A,AAA,108,107,.,ALA,.,29.417746786591255,false,false,false,false,observed,,false,false,,,D:W0O301:C21:.#2974|A:ALA107:C:.#725,,not_estimated
8RIY:model1:D:BBB:301,NUDT5,8RIY,1,.,A,AAA,109,108,.,ALA,.,25.912489401830925,false,false,false,false,observed,,false,false,,,D:W0O301:C21:.#2974|A:ALA108:CB:.#732,,not_estimated
8RIY:model1:D:BBB:301,NUDT5,8RIY,1,.,A,AAA,110,109,.,ALA,.,26.458598262190687,false,false,false,false,observed,,false,false,,,D:W0O301:C21:.#2974|A:ALA109:CA:.#734,,not_estimated
8RIY:model1:D:BBB:301,NUDT5,8RIY,1,.,A,AAA,111,110,.,LEU,.,28.733969113229037,false,false,false,false,observed,,false,false,,,D:W0O301:C21:.#2974|A:LEU110:N:.#738,,not_estimated
8RIY:model1:D:BBB:301,NUDT5,8RIY,1,.,A,AAA,112,111,.,ARG,.,25.113936170978857,false,false,false,false,observed,,false,false,,,D:W0O301:C21:.#2974|A:ARG111:NH2:.#756,,not_estimated
8RIY:model1:D:BBB:301,NUDT5,8RIY,1,.,A,AAA,113,112,.,GLU,.,22.73356720798564,false,false,false,false,observed,,false,false,,,D:W0O301:C21:.#2974|A:GLU112:OE2:.#765,,not_estimated
8RIY:model1:D:BBB:301,NUDT5,8RIY,1,.,A,AAA,114,113,.,LEU,.,26.791221995273006,false,false,false,false,observed,,false,false,,,D:W0O301:C21:.#2974|A:LEU113:N:.#766,,not_estimated
8RIY:model1:D:BBB:301,NUDT5,8RIY,1,.,A,AAA,115,114,.,GLU,.,29.246538872146907,false,false,false,false,observed,,false,false,,,D:W0O301:C20:.#2970|A:GLU114:N:.#774,,not_estimated
8RIY:model1:D:BBB:301,NUDT5,8RIY,1,.,A,AAA,116,115,.,GLU,.,26.45631542751182,false,false,false,false,observed,,false,false,,,D:W0O301:C20:.#2970|A:GLU115:OE1:.#790,,not_estimated
8RIY:model1:D:BBB:301,NUDT5,8RIY,1,.,A,AAA,117,116,.,GLU,.,21.273351169949695,false,false,false,false,observed,,false,false,,,D:W0O301:C20:.#2970|A:GLU116:OE2:.#800,,not_estimated
8RIY:model1:D:BBB:301,NUDT5,8RIY,1,.,A,AAA,118,117,.,THR,.,26.75830671025355,false,false,false,false,observed,,false,false,,,D:W0O301:C20:.#2970|A:THR117:CG2:.#807,,not_estimated
8RIY:model1:D:BBB:301,NUDT5,8RIY,1,.,A,AAA,119,118,.,GLY,.,30.218353661309873,false,false,false,false,observed,,false,false,,,D:W0O301:C20:.#2970|A:GLY118:N:.#808,,not_estimated
8RIY:model1:D:BBB:301,NUDT5,8RIY,1,.,A,AAA,120,119,.,TYR,.,30.995614092964832,false,false,false,false,observed,,false,false,,,D:W0O301:C20:.#2970|A:TYR119:CD2:.#819,,not_estimated
8RIY:model1:D:BBB:301,NUDT5,8RIY,1,.,A,AAA,121,120,.,LYS,.,34.11009683363564,false,false,false,false,observed,,false,false,,,D:W0O301:C20:.#2970|A:LYS120:N:.#824,,not_estimated
8RIY:model1:D:BBB:301,NUDT5,8RIY,1,.,A,AAA,122,121,.,GLY,.,33.78214682343323,false,false,false,false,observed,,false,false,,,D:W0O301:C21:.#2974|A:GLY121:CA:.#834,,not_estimated
8RIY:model1:D:BBB:301,NUDT5,8RIY,1,.,A,AAA,123,122,.,ASP,.,33.1214408050133,false,false,false,false,observed,,false,false,,,D:W0O301:O1:.#2982|A:ASP122:O:.#840,,not_estimated
8RIY:model1:D:BBB:301,NUDT5,8RIY,1,.,A,AAA,124,123,.,ILE,.,30.67813690562059,false,false,false,false,observed,,false,false,,,D:W0O301:O1:.#2982|A:ILE123:CD1:.#852,,not_estimated
8RIY:model1:D:BBB:301,NUDT5,8RIY,1,.,A,AAA,125,124,.,ALA,.,31.97904218390539,false,false,false,false,observed,,false,false,,,D:W0O301:O1:.#2982|A:ALA124:CB:.#857,,not_estimated
8RIY:model1:D:BBB:301,NUDT5,8RIY,1,.,A,AAA,126,125,.,GLU,.,28.161814803027166,false,false,false,false,observed,,false,false,,,D:W0O301:O1:.#2982|A:GLU125:O:.#861,,not_estimated
8RIY:model1:D:BBB:301,NUDT5,8RIY,1,.,A,AAA,127,126,.,CYS,.,26.436617219303987,false,false,false,false,observed,,false,false,,,D:W0O301:O1:.#2982|A:CYS126:SG:.#872,,not_estimated
8RIY:model1:D:BBB:301,NUDT5,8RIY,1,.,A,AAA,128,127,.,SER,.,22.17980597300166,false,false,false,false,observed,,false,false,,,D:W0O301:O1:.#2982|A:SER127:OG:.#878,,not_estimated
8RIY:model1:D:BBB:301,NUDT5,8RIY,1,.,A,AAA,129,128,.,PRO,.,21.57921462889695,false,false,false,false,observed,,false,false,,,D:W0O301:C22:.#2971|A:PRO128:O:.#882,,not_estimated
8RIY:model1:D:BBB:301,NUDT5,8RIY,1,.,A,AAA,130,129,.,ALA,.,19.264517253230096,false,false,false,false,observed,,false,false,,,D:W0O301:C22:.#2971|A:ALA129:C:.#888,,not_estimated
8RIY:model1:D:BBB:301,NUDT5,8RIY,1,.,A,AAA,131,130,.,VAL,.,15.898662270769828,false,false,false,false,observed,,false,false,,,D:W0O301:C22:.#2971|A:VAL130:O:.#894,,not_estimated
8RIY:model1:D:BBB:301,NUDT5,8RIY,1,.,A,AAA,132,131,.,CYS,.,12.738017781428946,false,false,false,false,observed,,false,false,,,D:W0O301:C22:.#2971|A:CYS131:CB:.#902,,not_estimated
8RIY:model1:D:BBB:301,NUDT5,8RIY,1,.,A,AAA,133,132,.,MET,.,10.041572834969632,false,false,false,false,observed,,false,false,,,D:W0O301:O1:.#2982|A:MET132:O:.#907,,not_estimated
8RIY:model1:D:BBB:301,NUDT5,8RIY,1,.,A,AAA,134,133,.,ASP,.,5.3595146235456825,false,false,false,false,observed,,false,false,,,D:W0O301:O1:.#2982|A:ASP133:OD2:.#919,,not_estimated
8RIY:model1:D:BBB:301,NUDT5,8RIY,1,.,A,AAA,135,134,.,PRO,.,7.287489965687774,false,false,false,false,observed,,false,false,,,D:W0O301:C22:.#2971|A:PRO134:C:.#922,,not_estimated
8RIY:model1:D:BBB:301,NUDT5,8RIY,1,.,A,AAA,136,135,.,GLY,.,3.213691646689208,true,true,true,true,observed,,false,false,,,D:W0O301:C23:.#2972|A:GLY135:O:.#930,,not_estimated
8RIY:model1:D:BBB:301,NUDT5,8RIY,1,.,A,AAA,137,136,.,LEU,.,3.9730767674435907,false,true,true,true,observed,,false,false,,,D:W0O301:C22:.#2971|A:LEU136:CD1:.#937,,not_estimated
8RIY:model1:D:BBB:301,NUDT5,8RIY,1,.,A,AAA,138,137,.,SER,.,6.72587154203825,false,false,false,false,observed,,false,false,,,D:W0O301:C22:.#2971|A:SER137:N:.#939,,not_estimated
8RIY:model1:D:BBB:301,NUDT5,8RIY,1,.,A,AAA,139,138,.,ASN,.,10.339268881308774,false,false,false,false,observed,,false,false,,,D:W0O301:C22:.#2971|A:ASN138:N:.#945,,not_estimated
8RIY:model1:D:BBB:301,NUDT5,8RIY,1,.,A,AAA,140,139,.,CYS,.,11.921597963360451,false,false,false,false,observed,,false,false,,,D:W0O301:C22:.#2971|A:CYS139:N:.#953,,not_estimated
8RIY:model1:D:BBB:301,NUDT5,8RIY,1,.,A,AAA,141,140,.,THR,.,14.761089864911739,false,false,false,false,observed,,false,false,,,D:W0O301:C22:.#2971|A:THR140:N:.#959,,not_estimated
8RIY:model1:D:BBB:301,NUDT5,8RIY,1,.,A,AAA,142,141,.,ILE,.,16.47979723783033,false,false,false,false,observed,,false,false,,,D:W0O301:O1:.#2982|A:ILE141:CG2:.#972,,not_estimated
8RIY:model1:D:BBB:301,NUDT5,8RIY,1,.,A,AAA,143,142,.,HIS,.,20.312646331780606,false,false,false,false,observed,,false,false,,,D:W0O301:O1:.#2982|A:HIS142:N:.#974,,not_estimated
8RIY:model1:D:BBB:301,NUDT5,8RIY,1,.,A,AAA,144,143,.,ILE,.,19.455083808609,false,false,false,false,observed,,false,false,,,D:W0O301:O1:.#2982|A:ILE143:CD1:.#991,,not_estimated
8RIY:model1:D:BBB:301,NUDT5,8RIY,1,.,A,AAA,145,144,.,VAL,.,23.83016823272551,false,false,false,false,observed,,false,false,,,D:W0O301:O1:.#2982|A:VAL144:N:.#992,,not_estimated
8RIY:model1:D:BBB:301,NUDT5,8RIY,1,.,A,AAA,146,145,.,THR,.,26.81858053663542,false,false,false,false,observed,,false,false,,,D:W0O301:O1:.#2982|A:THR145:N:.#999,,not_estimated
8RIY:model1:D:BBB:301,NUDT5,8RIY,1,.,A,AAA,147,146,.,VAL,.,28.79796511908437,false,false,false,false,observed,,false,false,,,D:W0O301:C21:.#2974|A:VAL146:CG2:.#1012,,not_estimated
8RIY:model1:D:BBB:301,NUDT5,8RIY,1,.,A,AAA,148,147,.,THR,.,32.24605062639455,false,false,false,false,observed,,false,false,,,D:W0O301:C21:.#2974|A:THR147:N:.#1013,,not_estimated
8RIY:model1:D:BBB:301,NUDT5,8RIY,1,.,A,AAA,149,148,.,ILE,.,30.96026301567866,false,false,false,false,observed,,false,false,,,D:W0O301:C20:.#2970|A:ILE148:CD1:.#1027,,not_estimated
8RIY:model1:D:BBB:301,NUDT5,8RIY,1,.,A,AAA,150,149,.,ASN,.,36.8702547590873,false,false,false,false,observed,,false,false,,,D:W0O301:C20:.#2970|A:ASN149:N:.#1028,,not_estimated
8RIY:model1:D:BBB:301,NUDT5,8RIY,1,.,A,AAA,151,150,.,GLY,.,37.96920545652753,false,false,false,false,observed,,false,false,,,D:W0O301:C20:.#2970|A:GLY150:N:.#1036,,not_estimated
8RIY:model1:D:BBB:301,NUDT5,8RIY,1,.,A,AAA,152,151,.,ASP,.,40.4364033143404,false,false,false,false,observed,,false,false,,,D:W0O301:C20:.#2970|A:ASP151:N:.#1040,,not_estimated
8RIY:model1:D:BBB:301,NUDT5,8RIY,1,.,A,AAA,153,152,.,ASP,.,41.30047635318508,false,false,false,false,observed,,false,false,,,D:W0O301:C20:.#2970|A:ASP152:O:.#1051,,not_estimated
8RIY:model1:D:BBB:301,NUDT5,8RIY,1,.,A,AAA,154,153,.,ALA,.,41.36570494987363,false,false,false,false,observed,,false,false,,,D:W0O301:C20:.#2970|A:ALA153:O:.#1059,,not_estimated
8RIY:model1:D:BBB:301,NUDT5,8RIY,1,.,A,AAA,155,154,.,GLU,.,38.31517699293584,false,false,false,false,observed,,false,false,,,D:W0O301:C20:.#2970|A:GLU154:O:.#1064,,not_estimated
8RIY:model1:D:BBB:301,NUDT5,8RIY,1,.,A,AAA,156,155,.,ASN,.,36.17187112937344,false,false,false,false,observed,,false,false,,,D:W0O301:C20:.#2970|A:ASN155:OD1:.#1076,,not_estimated
8RIY:model1:D:BBB:301,NUDT5,8RIY,1,.,A,AAA,157,156,.,ALA,.,38.78098856398584,false,false,false,false,observed,,false,false,,,D:W0O301:C20:.#2970|A:ALA156:O:.#1081,,not_estimated
8RIY:model1:D:BBB:301,NUDT5,8RIY,1,.,A,AAA,158,157,.,ARG,.,37.475411965714265,false,false,false,false,partial_observed,,false,false,CD:?:flag1;CG:?:flag1;CZ:?:flag1;NE:?:flag1;NH1:?:flag1;NH2:?:flag1,,D:W0O301:C20:.#2970|A:ARG157:C:.#1085,,not_estimated
8RIY:model1:D:BBB:301,NUDT5,8RIY,1,.,A,AAA,159,158,.,PRO,.,34.078922840958455,false,false,false,false,observed,,false,false,,,D:W0O301:C20:.#2970|A:PRO158:CB:.#1092,,not_estimated
8RIY:model1:D:BBB:301,NUDT5,8RIY,1,.,A,AAA,160,159,.,LYS,.,33.42936148059068,false,false,false,false,partial_observed,,false,false,CD:?:flag1;CE:?:flag1;CG:?:flag1;NZ:?:flag1,,D:W0O301:C20:.#2970|A:LYS159:C:.#1097,,not_estimated
8RIY:model1:D:BBB:301,NUDT5,8RIY,1,.,A,AAA,161,160,.,PRO,.,29.961631380817703,false,false,false,false,observed,,false,false,,,D:W0O301:C20:.#2970|A:PRO160:CB:.#1104,,not_estimated
8RIY:model1:D:BBB:301,NUDT5,8RIY,1,.,A,AAA,162,161,.,LYS,.,28.913337147413475,false,false,false,false,partial_observed,,false,false,CD:?:flag1;CE:?:flag1;CG:?:flag1;NZ:?:flag1,,D:W0O301:C20:.#2970|A:LYS161:O:.#1110,,not_estimated
8RIY:model1:D:BBB:301,NUDT5,8RIY,1,.,A,AAA,163,162,.,PRO,.,25.405886975266185,false,false,false,false,observed,,false,false,,,D:W0O301:C20:.#2970|A:PRO162:O:.#1115,,not_estimated
8RIY:model1:D:BBB:301,NUDT5,8RIY,1,.,A,AAA,164,163,.,GLY,.,25.79508189558622,false,false,false,false,observed,,false,false,,,D:W0O301:C20:.#2970|A:GLY163:O:.#1122,,not_estimated
8RIY:model1:D:BBB:301,NUDT5,8RIY,1,.,A,AAA,165,164,.,ASP,.,23.695448212684227,false,false,false,false,observed,,false,false,,,D:W0O301:C20:.#2970|A:ASP164:O:.#1126,,not_estimated
8RIY:model1:D:BBB:301,NUDT5,8RIY,1,.,A,AAA,166,165,.,GLY,.,21.28965103048897,false,false,false,false,observed,,false,false,,,D:W0O301:C20:.#2970|A:GLY165:O:.#1134,,not_estimated
8RIY:model1:D:BBB:301,NUDT5,8RIY,1,.,A,AAA,167,166,.,GLU,.,20.538020571613032,false,false,false,false,observed,,false,false,,,D:W0O301:C20:.#2970|A:GLU166:OE2:.#1143,,not_estimated
8RIY:model1:D:BBB:301,NUDT5,8RIY,1,.,A,AAA,168,167,.,PHE,.,21.74090602987833,false,false,false,false,observed,,false,false,,,D:W0O301:C20:.#2970|A:PHE167:O:.#1147,,not_estimated
8RIY:model1:D:BBB:301,NUDT5,8RIY,1,.,A,AAA,169,168,.,VAL,.,22.552676315683687,false,false,false,false,observed,,false,false,,,D:W0O301:C20:.#2970|A:VAL168:CG2:.#1161,,not_estimated
8RIY:model1:D:BBB:301,NUDT5,8RIY,1,.,A,AAA,170,169,.,GLU,.,23.70146434294725,false,false,false,false,observed,,false,false,,,D:W0O301:C20:.#2970|A:GLU169:O:.#1165,,not_estimated
8RIY:model1:D:BBB:301,NUDT5,8RIY,1,.,A,AAA,171,170,.,VAL,.,25.98011401052736,false,false,false,false,observed,,false,false,,,D:W0O301:C20:.#2970|A:VAL170:N:.#1171,,not_estimated
8RIY:model1:D:BBB:301,NUDT5,8RIY,1,.,A,AAA,172,171,.,ILE,.,24.324091391046863,false,false,false,false,observed,,false,false,,,D:W0O301:C19:.#2969|A:ILE171:CG1:.#1183,,not_estimated
8RIY:model1:D:BBB:301,NUDT5,8RIY,1,.,A,AAA,173,172,.,SER,.,27.776515926228047,false,false,false,false,observed,,false,false,,,D:W0O301:C19:.#2969|A:SER172:N:.#1186,,not_estimated
8RIY:model1:D:BBB:301,NUDT5,8RIY,1,.,A,AAA,174,173,.,LEU,.,24.86879599015602,false,false,false,false,observed,,false,false,,,D:W0O301:C19:.#2969|A:LEU173:CD1:.#1198,,not_estimated
8RIY:model1:D:BBB:301,NUDT5,8RIY,1,.,A,AAA,175,174,.,PRO,.,29.139691041601658,false,false,false,false,observed,,false,false,,,D:W0O301:C18:.#2968|A:PRO174:O:.#1203,,not_estimated
8RIY:model1:D:BBB:301,NUDT5,8RIY,1,.,A,AAA,176,175,.,LYS,.,29.02507602057228,false,false,false,false,observed,,false,false,,,D:W0O301:C18:.#2968|A:LYS175:O:.#1210,,not_estimated
8RIY:model1:D:BBB:301,NUDT5,8RIY,1,.,A,AAA,177,176,.,ASN,.,30.84453807402536,false,false,false,false,observed,,false,false,,,D:W0O301:C18:.#2968|A:ASN176:C:.#1218,,not_estimated
8RIY:model1:D:BBB:301,NUDT5,8RIY,1,.,A,AAA,178,177,.,ASP,.,27.79029602217292,false,false,false,false,observed,,false,false,,,D:W0O301:C18:.#2968|A:ASP177:O:.#1227,,not_estimated
8RIY:model1:D:BBB:301,NUDT5,8RIY,1,.,A,AAA,179,178,.,LEU,.,24.485423173798733,false,false,false,false,observed,,false,false,,,D:W0O301:C18:.#2968|A:LEU178:CD2:.#1239,,not_estimated
8RIY:model1:D:BBB:301,NUDT5,8RIY,1,.,A,AAA,180,179,.,LEU,.,21.885692015561215,false,false,false,false,observed,,false,false,,,D:W0O301:C18:.#2968|A:LEU179:CD1:.#1246,,not_estimated
8RIY:model1:D:BBB:301,NUDT5,8RIY,1,.,A,AAA,181,180,.,GLN,.,25.45362162836558,false,false,false,false,observed,,false,false,,,D:W0O301:C18:.#2968|A:GLN180:N:.#1248,,not_estimated
8RIY:model1:D:BBB:301,NUDT5,8RIY,1,.,A,AAA,182,181,.,ARG,.,24.902031463316398,false,false,false,false,observed,,false,false,,,D:W0O301:C19:.#2969|A:ARG181:O:.#1260,,not_estimated
8RIY:model1:D:BBB:301,NUDT5,8RIY,1,.,A,AAA,183,182,.,LEU,.,20.791490615153116,false,false,false,false,observed,,false,false,,,D:W0O301:C18:.#2968|A:LEU182:CD1:.#1274,,not_estimated
8RIY:model1:D:BBB:301,NUDT5,8RIY,1,.,A,AAA,184,183,.,ASP,.,20.83266752002729,false,false,false,false,observed,,false,false,,,D:W0O301:C18:.#2968|A:ASP183:OD1:.#1282,,not_estimated
8RIY:model1:D:BBB:301,NUDT5,8RIY,1,.,A,AAA,185,184,.,ALA,.,23.94402535080516,false,false,false,false,observed,,false,false,,,D:W0O301:C18:.#2968|A:ALA184:N:.#1284,,not_estimated
8RIY:model1:D:BBB:301,NUDT5,8RIY,1,.,A,AAA,186,185,.,LEU,.,21.605661133138234,false,false,false,false,observed,,false,false,,,D:W0O301:C19:.#2969|A:LEU185:O:.#1292,,not_estimated
8RIY:model1:D:BBB:301,NUDT5,8RIY,1,.,A,AAA,187,186,.,VAL,.,18.040056402350853,false,false,false,false,observed,,false,false,,,D:W0O301:C19:.#2969|A:VAL186:CG1:.#1302,,not_estimated
8RIY:model1:D:BBB:301,NUDT5,8RIY,1,.,A,AAA,188,187,.,ALA,.,21.251052538639115,false,false,false,false,observed,,false,false,,,D:W0O301:C19:.#2969|A:ALA187:N:.#1304,,not_estimated
8RIY:model1:D:BBB:301,NUDT5,8RIY,1,.,A,AAA,189,188,.,GLU,.,23.351546822426993,false,false,false,false,partial_observed,,false,false,CD:?:flag1;CG:?:flag1;OE1:?:flag1;OE2:?:flag1,,D:W0O301:C19:.#2969|A:GLU188:N:.#1309,,not_estimated
8RIY:model1:D:BBB:301,NUDT5,8RIY,1,.,A,AAA,190,189,.,GLU,.,20.110996892247787,false,false,false,false,partial_observed,,false,false,CD:?:flag1;OE1:?:flag1;OE2:?:flag1,,D:W0O301:C19:.#2969|A:GLU189:O:.#1317,,not_estimated
8RIY:model1:D:BBB:301,NUDT5,8RIY,1,.,A,AAA,191,190,.,HIS,.,17.36047032773018,false,false,false,false,partial_observed,,false,false,CD2:?:flag1;CE1:?:flag1;CG:?:flag1;ND1:?:flag1;NE2:?:flag1,,D:W0O301:C19:.#2969|A:HIS190:O:.#1323,,not_estimated
8RIY:model1:D:BBB:301,NUDT5,8RIY,1,.,A,AAA,192,191,.,LEU,.,15.88629396681303,false,false,false,false,observed,,false,false,,,D:W0O301:C19:.#2969|A:LEU191:O:.#1328,,not_estimated
8RIY:model1:D:BBB:301,NUDT5,8RIY,1,.,A,AAA,193,192,.,THR,.,11.798002627563704,false,false,false,false,observed,,false,false,,,D:W0O301:C19:.#2969|A:THR192:CG2:.#1339,,not_estimated
8RIY:model1:D:BBB:301,NUDT5,8RIY,1,.,A,AAA,194,193,.,VAL,.,13.331397001064817,false,false,false,false,observed,,false,false,,,D:W0O301:C18:.#2968|A:VAL193:O:.#1343,,not_estimated
8RIY:model1:D:BBB:301,NUDT5,8RIY,1,.,A,AAA,195,194,.,ASP,.,13.387957611226591,false,false,false,false,observed,,false,false,,,D:W0O301:C20:.#2970|A:ASP194:OD1:.#1353,,not_estimated
8RIY:model1:D:BBB:301,NUDT5,8RIY,1,.,A,AAA,196,195,.,ALA,.,12.121867719126456,false,false,false,false,observed,,false,false,,,D:W0O301:C17:.#2967|A:ALA195:CB:.#1359,,not_estimated
8RIY:model1:D:BBB:301,NUDT5,8RIY,1,.,A,AAA,197,196,.,ARG,.,11.762112820407733,false,false,false,false,observed,,false,false,,,D:W0O301:C16:.#2966|A:ARG196:NH2:.#1370,,not_estimated
8RIY:model1:D:BBB:301,NUDT5,8RIY,1,.,A,AAA,198,197,.,VAL,.,17.498196078453343,false,false,false,false,observed,,false,false,,,D:W0O301:C17:.#2967|A:VAL197:N:.#1371,,not_estimated
8RIY:model1:D:BBB:301,NUDT5,8RIY,1,.,A,AAA,199,198,.,TYR,.,16.83408788737899,false,false,false,false,observed,,false,false,,,D:W0O301:C18:.#2968|A:TYR198:CB:.#1382,,not_estimated
8RIY:model1:D:BBB:301,NUDT5,8RIY,1,.,A,AAA,200,199,.,SER,.,16.280510679951043,false,false,false,false,observed,,false,false,,,D:W0O301:C17:.#2967|A:SER199:OG:.#1395,,not_estimated
8RIY:model1:D:BBB:301,NUDT5,8RIY,1,.,A,AAA,201,200,.,TYR,.,20.128922623926,false,false,false,false,observed,,false,false,,,D:W0O301:C17:.#2967|A:TYR200:N:.#1396,,not_estimated
8RIY:model1:D:BBB:301,NUDT5,8RIY,1,.,A,AAA,202,201,.,ALA,.,22.062014164622415,false,false,false,false,observed,,false,false,,,D:W0O301:C17:.#2967|A:ALA201:N:.#1408,,not_estimated
8RIY:model1:D:BBB:301,NUDT5,8RIY,1,.,A,AAA,203,202,.,LEU,.,19.691390123604787,false,false,false,false,observed,,false,false,,,D:W0O301:C17:.#2967|A:LEU202:CD2:.#1420,,not_estimated
8RIY:model1:D:BBB:301,NUDT5,8RIY,1,.,A,AAA,204,203,.,ALA,.,23.46132960852816,false,false,false,false,observed,,false,false,,,D:W0O301:C17:.#2967|A:ALA203:N:.#1421,,not_estimated
8RIY:model1:D:BBB:301,NUDT5,8RIY,1,.,A,AAA,205,204,.,LEU,.,25.91044169828064,false,false,false,false,observed,,false,false,,,D:W0O301:C17:.#2967|A:LEU204:N:.#1426,,not_estimated
8RIY:model1:D:BBB:301,NUDT5,8RIY,1,.,A,AAA,206,205,.,LYS,.,26.233914862254164,false,false,false,false,observed,,false,false,,,D:W0O301:C18:.#2968|A:LYS205:NZ:.#1442,,not_estimated
8RIY:model1:D:BBB:301,NUDT5,8RIY,1,.,A,AAA,207,206,.,HIS,.,23.681187596909073,false,false,false,false,observed,,false,false,,,D:W0O301:C17:.#2967|A:HIS206:CE1:.#1451,,not_estimated
8RIY:model1:D:BBB:301,NUDT5,8RIY,1,.,A,AAA,208,207,.,ALA,.,29.074527700377182,false,false,false,false,observed,,false,false,,,D:W0O301:C17:.#2967|A:ALA207:N:.#1453,,not_estimated
8RIY:model1:D:BBB:301,NUDT5,8RIY,1,.,A,AAA,209,208,.,ASN,.,31.741783220228818,false,false,false,false,observed,,false,false,,,D:W0O301:C17:.#2967|A:ASN208:N:.#1458,,not_estimated
8RIY:model1:D:BBB:301,NUDT5,8RIY,1,.,B,BBB,1,?,.,SER,.,,,,,,refused,unobserved_residue,false,false,whole_residue,,,,not_estimated
8RIY:model1:D:BBB:301,NUDT5,8RIY,1,.,B,BBB,2,?,.,MET,.,,,,,,refused,unobserved_residue,false,false,whole_residue,,,,not_estimated
8RIY:model1:D:BBB:301,NUDT5,8RIY,1,.,B,BBB,3,?,.,GLU,.,,,,,,refused,unobserved_residue,false,false,whole_residue,,,,not_estimated
8RIY:model1:D:BBB:301,NUDT5,8RIY,1,.,B,BBB,4,?,.,SER,.,,,,,,refused,unobserved_residue,false,false,whole_residue,,,,not_estimated
8RIY:model1:D:BBB:301,NUDT5,8RIY,1,.,B,BBB,5,?,.,GLN,.,,,,,,refused,unobserved_residue,false,false,whole_residue,,,,not_estimated
8RIY:model1:D:BBB:301,NUDT5,8RIY,1,.,B,BBB,6,?,.,GLU,.,,,,,,refused,unobserved_residue,false,false,whole_residue,,,,not_estimated
8RIY:model1:D:BBB:301,NUDT5,8RIY,1,.,B,BBB,7,?,.,PRO,.,,,,,,refused,unobserved_residue,false,false,whole_residue,,,,not_estimated
8RIY:model1:D:BBB:301,NUDT5,8RIY,1,.,B,BBB,8,?,.,THR,.,,,,,,refused,unobserved_residue,false,false,whole_residue,,,,not_estimated
8RIY:model1:D:BBB:301,NUDT5,8RIY,1,.,B,BBB,9,?,.,GLU,.,,,,,,refused,unobserved_residue,false,false,whole_residue,,,,not_estimated
8RIY:model1:D:BBB:301,NUDT5,8RIY,1,.,B,BBB,10,?,.,SER,.,,,,,,refused,unobserved_residue,false,false,whole_residue,,,,not_estimated
8RIY:model1:D:BBB:301,NUDT5,8RIY,1,.,B,BBB,11,?,.,SER,.,,,,,,refused,unobserved_residue,false,false,whole_residue,,,,not_estimated
8RIY:model1:D:BBB:301,NUDT5,8RIY,1,.,B,BBB,12,?,.,GLN,.,,,,,,refused,unobserved_residue,false,false,whole_residue,,,,not_estimated
8RIY:model1:D:BBB:301,NUDT5,8RIY,1,.,B,BBB,13,?,.,ASN,.,,,,,,refused,unobserved_residue,false,false,whole_residue,,,,not_estimated
8RIY:model1:D:BBB:301,NUDT5,8RIY,1,.,B,BBB,14,?,.,GLY,.,,,,,,refused,unobserved_residue,false,false,whole_residue,,,,not_estimated
8RIY:model1:D:BBB:301,NUDT5,8RIY,1,.,B,BBB,15,14,.,LYS,.,23.70686248747396,false,false,false,false,observed,,false,false,,,D:W0O301:C20:.#2970|B:LYS14:C:.#1469,,not_estimated
8RIY:model1:D:BBB:301,NUDT5,8RIY,1,.,B,BBB,16,15,.,GLN,.,19.87964660148666,false,false,false,false,observed,,false,false,,,D:W0O301:C20:.#2970|B:GLN15:OE1:.#1483,,not_estimated
8RIY:model1:D:BBB:301,NUDT5,8RIY,1,.,B,BBB,17,16,.,TYR,.,18.13671086498321,false,false,false,false,observed,,false,false,,,D:W0O301:C20:.#2970|B:TYR16:C:.#1487,,not_estimated
8RIY:model1:D:BBB:301,NUDT5,8RIY,1,.,B,BBB,18,17,.,ILE,.,14.236762342611469,false,false,false,false,observed,,false,false,,,D:W0O301:C20:.#2970|B:ILE17:CG1:.#1502,,not_estimated
8RIY:model1:D:BBB:301,NUDT5,8RIY,1,.,B,BBB,19,18,.,ILE,.,17.988390506101428,false,false,false,false,observed,,false,false,,,D:W0O301:C20:.#2970|B:ILE18:N:.#1505,,not_estimated
8RIY:model1:D:BBB:301,NUDT5,8RIY,1,.,B,BBB,20,19,.,SER,.,15.541355828884427,false,false,false,false,observed,,false,false,,,D:W0O301:C20:.#2970|B:SER19:O:.#1516,,not_estimated
8RIY:model1:D:BBB:301,NUDT5,8RIY,1,.,B,BBB,21,20,.,GLU,.,10.655357478752178,false,false,false,false,observed,,false,false,,,D:W0O301:C20:.#2970|B:GLU20:OE1:.#1526,,not_estimated
8RIY:model1:D:BBB:301,NUDT5,8RIY,1,.,B,BBB,22,21,.,GLU,.,14.319666406728894,false,false,false,false,observed,,false,false,,,D:W0O301:C20:.#2970|B:GLU21:O:.#1531,,not_estimated
8RIY:model1:D:BBB:301,NUDT5,8RIY,1,.,B,BBB,23,22,.,LEU,.,12.634203180256364,false,false,false,false,observed,,false,false,,,D:W0O301:C20:.#2970|B:LEU22:CD1:.#1543,,not_estimated
8RIY:model1:D:BBB:301,NUDT5,8RIY,1,.,B,BBB,24,23,.,ILE,.,13.758487598569838,false,false,false,false,observed,,false,false,,,D:W0O301:C20:.#2970|B:ILE23:CD1:.#1552,,not_estimated
8RIY:model1:D:BBB:301,NUDT5,8RIY,1,.,B,BBB,25,24,.,SER,.,11.413080259071167,false,false,false,false,observed,,false,false,,,D:W0O301:N5:.#2981|B:SER24:O:.#1556,,not_estimated
8RIY:model1:D:BBB:301,NUDT5,8RIY,1,.,B,BBB,26,25,.,GLU,.,10.445514300406659,false,false,false,false,observed,,false,false,,,D:W0O301:N5:.#2981|B:GLU25:C:.#1561,,not_estimated
8RIY:model1:D:BBB:301,NUDT5,8RIY,1,.,B,BBB,27,26,.,GLY,.,8.287800733608405,false,false,false,false,observed,,false,false,,,D:W0O301:N5:.#2981|B:GLY26:CA:.#1569,,not_estimated
8RIY:model1:D:BBB:301,NUDT5,8RIY,1,.,B,BBB,28,27,.,LYS,.,7.043431692009229,false,false,false,false,partial_observed,,false,false,CD:?:flag1;CE:?:flag1;CG:?:flag1;NZ:?:flag1,,D:W0O301:C8:.#2959|B:LYS27:CB:.#1576,,not_estimated
8RIY:model1:D:BBB:301,NUDT5,8RIY,1,.,B,BBB,29,28,.,TRP,.,3.200287174614178,true,true,true,true,observed,,false,false,,,D:W0O301:C5:.#2975|B:TRP28:CZ3:.#1589,,not_estimated
8RIY:model1:D:BBB:301,NUDT5,8RIY,1,.,B,BBB,30,29,.,VAL,.,4.326846195556295,false,false,true,true,observed,,false,false,,,D:W0O301:C21:.#2974|B:VAL29:CG2:.#1597,,not_estimated
8RIY:model1:D:BBB:301,NUDT5,8RIY,1,.,B,BBB,31,30,.,LYS,.,6.898269493141014,false,false,false,false,observed,,false,false,,,D:W0O301:C20:.#2970|B:LYS30:O:.#1601,,not_estimated
8RIY:model1:D:BBB:301,NUDT5,8RIY,1,.,B,BBB,32,31,.,LEU,.,9.164519736461918,false,false,false,false,observed,,false,false,,,D:W0O301:C21:.#2974|B:LEU31:N:.#1607,,not_estimated
8RIY:model1:D:BBB:301,NUDT5,8RIY,1,.,B,BBB,33,32,.,GLU,.,9.47201356629096,false,false,false,false,observed,,false,false,,,D:W0O301:C20:.#2970|B:GLU32:OE1:.#1622,,not_estimated
8RIY:model1:D:BBB:301,NUDT5,8RIY,1,.,B,BBB,34,33,.,LYS,.,13.210166917946193,false,false,false,false,partial_observed,,false,false,CD:?:flag1;CE:?:flag1;NZ:?:flag1,,D:W0O301:C20:.#2970|B:LYS33:N:.#1624,,not_estimated
8RIY:model1:D:BBB:301,NUDT5,8RIY,1,.,B,BBB,35,34,.,THR,.,11.487605973395851,false,false,false,false,observed,,false,false,,,D:W0O301:C20:.#2970|B:THR34:OG1:.#1635,,not_estimated
8RIY:model1:D:BBB:301,NUDT5,8RIY,1,.,B,BBB,36,35,.,THR,.,16.19278817869239,false,false,false,false,observed,,false,false,,,D:W0O301:C20:.#2970|B:THR35:N:.#1637,,not_estimated
8RIY:model1:D:BBB:301,NUDT5,8RIY,1,.,B,BBB,37,36,.,TYR,.,16.784776465595247,false,false,false,false,observed,,false,false,,,D:W0O301:C20:.#2970|B:TYR36:CD1:.#1650,,not_estimated
8RIY:model1:D:BBB:301,NUDT5,8RIY,1,.,B,BBB,38,37,.,MET,.,20.132948393119175,false,false,false,false,observed,,false,false,,,D:W0O301:C20:.#2970|B:MET37:N:.#1656,,not_estimated
8RIY:model1:D:BBB:301,NUDT5,8RIY,1,.,B,BBB,39,38,.,ASP,.,22.16811081260647,false,false,false,false,observed,,false,false,,,D:W0O301:C20:.#2970|B:ASP38:N:.#1664,,not_estimated
8RIY:model1:D:BBB:301,NUDT5,8RIY,1,.,B,BBB,40,39,.,PRO,.,23.64830558412167,false,false,false,false,observed,,false,false,,,D:W0O301:C20:.#2970|B:PRO39:CD:.#1678,,not_estimated
8RIY:model1:D:BBB:301,NUDT5,8RIY,1,.,B,BBB,41,40,.,THR,.,26.718484762426183,false,false,false,false,observed,,false,false,,,D:W0O301:C20:.#2970|B:THR40:N:.#1679,,not_estimated
8RIY:model1:D:BBB:301,NUDT5,8RIY,1,.,B,BBB,42,41,.,GLY,.,27.372281654988136,false,false,false,false,observed,,false,false,,,D:W0O301:C20:.#2970|B:GLY41:N:.#1686,,not_estimated
8RIY:model1:D:BBB:301,NUDT5,8RIY,1,.,B,BBB,43,42,.,LYS,.,23.920837150902557,false,false,false,false,observed,,false,false,,,D:W0O301:C20:.#2970|B:LYS42:O:.#1693,,not_estimated
8RIY:model1:D:BBB:301,NUDT5,8RIY,1,.,B,BBB,44,43,.,THR,.,22.657269826702425,false,false,false,false,observed,,false,false,,,D:W0O301:C20:.#2970|B:THR43:C:.#1701,,not_estimated
8RIY:model1:D:BBB:301,NUDT5,8RIY,1,.,B,BBB,45,44,.,ARG,.,19.086090353972445,false,false,false,false,observed,,false,false,,,D:W0O301:C20:.#2970|B:ARG44:O:.#1709,,not_estimated
8RIY:model1:D:BBB:301,NUDT5,8RIY,1,.,B,BBB,46,45,.,THR,.,16.788681484857587,false,false,false,false,observed,,false,false,,,D:W0O301:C20:.#2970|B:THR45:C:.#1719,,not_estimated
8RIY:model1:D:BBB:301,NUDT5,8RIY,1,.,B,BBB,47,46,.,TRP,.,11.983759176485483,false,false,false,false,observed,,false,false,,,D:W0O301:C20:.#2970|B:TRP46:CD1:.#1730,,not_estimated
8RIY:model1:D:BBB:301,NUDT5,8RIY,1,.,B,BBB,48,47,.,GLU,.,10.526842784044987,false,false,false,false,observed,,false,false,,,D:W0O301:C20:.#2970|B:GLU47:O:.#1741,,not_estimated
8RIY:model1:D:BBB:301,NUDT5,8RIY,1,.,B,BBB,49,48,.,SER,.,7.537747674206135,false,false,false,false,observed,,false,false,,,D:W0O301:C20:.#2970|B:SER48:C:.#1749,,not_estimated
8RIY:model1:D:BBB:301,NUDT5,8RIY,1,.,B,BBB,50,49,.,VAL,.,3.9125731942035302,false,true,true,true,observed,,false,false,,,D:W0O301:C20:.#2970|B:VAL49:O:.#1756,,not_estimated
8RIY:model1:D:BBB:301,NUDT5,8RIY,1,.,B,BBB,51,50,.,LYS,.,3.936104419346621,false,true,true,true,observed,,false,false,,,D:W0O301:C20:.#2970|B:LYS50:CA:.#1761,,not_estimated
8RIY:model1:D:BBB:301,NUDT5,8RIY,1,.,B,BBB,52,51,.,ARG,.,3.2512725201065518,true,true,true,true,observed,,true,false,,,D:W0O301:C18:.#2968|B:ARG51:CD:.#1775,,not_estimated
8RIY:model1:D:BBB:301,NUDT5,8RIY,1,.,B,BBB,53,52,.,THR,.,6.887599654451469,false,false,false,false,observed,,false,false,,,D:W0O301:C14:.#2964|B:THR52:N:.#1780,,not_estimated
8RIY:model1:D:BBB:301,NUDT5,8RIY,1,.,B,BBB,54,53,.,THR,.,8.051460799134528,false,false,false,false,observed,,false,false,,,D:W0O301:C13:.#2963|B:THR53:OG1:.#1792,,not_estimated
8RIY:model1:D:BBB:301,NUDT5,8RIY,1,.,B,BBB,55,?,.,ARG,.,,,,,,refused,unobserved_residue,false,false,whole_residue,,,,not_estimated
8RIY:model1:D:BBB:301,NUDT5,8RIY,1,.,B,BBB,56,?,.,LYS,.,,,,,,refused,unobserved_residue,false,false,whole_residue,,,,not_estimated
8RIY:model1:D:BBB:301,NUDT5,8RIY,1,.,B,BBB,57,?,.,GLU,.,,,,,,refused,unobserved_residue,false,false,whole_residue,,,,not_estimated
8RIY:model1:D:BBB:301,NUDT5,8RIY,1,.,B,BBB,58,57,.,GLN,.,9.74277316784087,false,false,false,false,partial_observed,,false,false,CD:?:flag1;CG:?:flag1;NE2:?:flag1;OE1:?:flag1,,D:W0O301:C18:.#2968|B:GLN57:O:.#1797,,not_estimated
8RIY:model1:D:BBB:301,NUDT5,8RIY,1,.,B,BBB,59,58,.,THR,.,9.343294761485371,false,false,false,false,observed,,false,false,,,D:W0O301:C18:.#2968|B:THR58:O:.#1802,,not_estimated
8RIY:model1:D:BBB:301,NUDT5,8RIY,1,.,B,BBB,60,59,.,ALA,.,7.843464094390948,false,false,false,false,observed,,false,false,,,D:W0O301:C18:.#2968|B:ALA59:C:.#1808,,not_estimated
8RIY:model1:D:BBB:301,NUDT5,8RIY,1,.,B,BBB,61,60,.,ASP,.,2.710402553127487,true,true,true,true,observed,,false,false,,,D:W0O301:C18:.#2968|B:ASP60:OD2:.#1818,,not_estimated
8RIY:model1:D:BBB:301,NUDT5,8RIY,1,.,B,BBB,62,61,.,GLY,.,7.268592229586139,false,false,false,false,observed,,false,false,,,D:W0O301:C18:.#2968|B:GLY61:N:.#1819,,not_estimated
8RIY:model1:D:BBB:301,NUDT5,8RIY,1,.,B,BBB,63,62,.,VAL,.,10.135336008243634,false,false,false,false,observed,,false,false,,,D:W0O301:C17:.#2967|B:VAL62:N:.#1823,,not_estimated
8RIY:model1:D:BBB:301,NUDT5,8RIY,1,.,B,BBB,64,63,.,ALA,.,12.079960720134812,false,false,false,false,observed,,false,false,,,D:W0O301:C17:.#2967|B:ALA63:N:.#1830,,not_estimated
8RIY:model1:D:BBB:301,NUDT5,8RIY,1,.,B,BBB,65,64,.,VAL,.,15.201406184955392,false,false,false,false,observed,,false,false,,,D:W0O301:C17:.#2967|B:VAL64:N:.#1835,,not_estimated
8RIY:model1:D:BBB:301,NUDT5,8RIY,1,.,B,BBB,66,65,.,ILE,.,18.34617728574539,false,false,false,false,observed,,false,false,,,D:W0O301:C17:.#2967|B:ILE65:N:.#1842,,not_estimated
8RIY:model1:D:BBB:301,NUDT5,8RIY,1,.,B,BBB,67,66,.,PRO,.,20.127442808265535,false,false,false,false,observed,,false,false,,,D:W0O301:C2:.#2954|B:PRO66:CG:.#1855,,not_estimated
8RIY:model1:D:BBB:301,NUDT5,8RIY,1,.,B,BBB,68,67,.,VAL,.,24.443308082172507,false,false,false,false,observed,,false,false,,,D:W0O301:C2:.#2954|B:VAL67:N:.#1857,,not_estimated
8RIY:model1:D:BBB:301,NUDT5,8RIY,1,.,B,BBB,69,68,.,LEU,.,26.377372935908536,false,false,false,false,observed,,false,false,,,D:W0O301:C2:.#2954|B:LEU68:N:.#1864,,not_estimated
8RIY:model1:D:BBB:301,NUDT5,8RIY,1,.,B,BBB,70,69,.,GLN,.,29.131880560650387,false,false,false,false,observed,,false,false,,,D:W0O301:C2:.#2954|B:GLN69:N:.#1872,,not_estimated
8RIY:model1:D:BBB:301,NUDT5,8RIY,1,.,B,BBB,71,70,.,ARG,.,30.732024241823055,false,false,false,false,observed,,false,false,,,D:W0O301:C2:.#2954|B:ARG70:NE:.#1888,,not_estimated
8RIY:model1:D:BBB:301,NUDT5,8RIY,1,.,B,BBB,72,71,.,THR,.,35.44452410457784,false,false,false,false,observed,,false,false,,,D:W0O301:C2:.#2954|B:THR71:N:.#1892,,not_estimated
8RIY:model1:D:BBB:301,NUDT5,8RIY,1,.,B,BBB,73,72,.,LEU,.,38.00163389908387,false,false,false,false,observed,,false,false,,,D:W0O301:C2:.#2954|B:LEU72:C:.#1901,,not_estimated
8RIY:model1:D:BBB:301,NUDT5,8RIY,1,.,B,BBB,74,73,.,HIS,.,34.6915270058843,false,false,false,false,observed,,false,false,,,D:W0O301:C2:.#2954|B:HIS73:CB:.#1911,,not_estimated
8RIY:model1:D:BBB:301,NUDT5,8RIY,1,.,B,BBB,75,74,.,TYR,.,32.22807588113197,false,false,false,false,observed,,false,false,,,D:W0O301:C2:.#2954|B:TYR74:O:.#1920,,not_estimated
8RIY:model1:D:BBB:301,NUDT5,8RIY,1,.,B,BBB,76,75,.,GLU,.,29.955226071588914,false,false,false,false,observed,,false,false,,,D:W0O301:C22:.#2971|B:GLU75:O:.#1932,,not_estimated
8RIY:model1:D:BBB:301,NUDT5,8RIY,1,.,B,BBB,77,76,.,CYS,.,26.66127725747587,false,false,false,false,observed,,false,false,,,D:W0O301:C2:.#2954|B:CYS76:O:.#1941,,not_estimated
8RIY:model1:D:BBB:301,NUDT5,8RIY,1,.,B,BBB,78,77,.,ILE,.,22.302023876769567,false,false,false,false,observed,,false,false,,,D:W0O301:C22:.#2971|B:ILE77:CG2:.#1950,,not_estimated
8RIY:model1:D:BBB:301,NUDT5,8RIY,1,.,B,BBB,79,78,.,VAL,.,20.01354856091243,false,false,false,false,observed,,false,false,,,D:W0O301:C2:.#2954|B:VAL78:O:.#1955,,not_estimated
8RIY:model1:D:BBB:301,NUDT5,8RIY,1,.,B,BBB,80,79,.,LEU,.,18.463857370549633,false,false,false,false,observed,,false,false,,,D:W0O301:C2:.#2954|B:LEU79:C:.#1961,,not_estimated
8RIY:model1:D:BBB:301,NUDT5,8RIY,1,.,B,BBB,81,80,.,VAL,.,14.515155217909314,false,false,false,false,observed,,false,false,,,D:W0O301:C2:.#2954|B:VAL80:CG2:.#1973,,not_estimated
8RIY:model1:D:BBB:301,NUDT5,8RIY,1,.,B,BBB,82,81,.,LYS,.,15.387624670494143,false,false,false,false,observed,,false,false,,,D:W0O301:C2:.#2954|B:LYS81:O:.#1977,,not_estimated
8RIY:model1:D:BBB:301,NUDT5,8RIY,1,.,B,BBB,83,82,.,GLN,.,9.38462860213445,false,false,false,false,observed,,false,false,,,D:W0O301:C2:.#2954|B:GLN82:NE2:.#1991,,not_estimated
8RIY:model1:D:BBB:301,NUDT5,8RIY,1,.,B,BBB,84,83,.,PHE,.,10.397969224805387,false,false,false,false,observed,,false,false,,,D:W0O301:C3:.#2955|B:PHE83:O:.#1995,,not_estimated
8RIY:model1:D:BBB:301,NUDT5,8RIY,1,.,B,BBB,85,84,.,ARG,.,7.448414932050981,false,false,false,false,observed,,false,false,,,D:W0O301:C23:.#2972|B:ARG84:NH1:.#2012,,not_estimated
8RIY:model1:D:BBB:301,NUDT5,8RIY,1,.,B,BBB,86,85,.,PRO,.,7.051779988059755,false,false,false,false,observed,,false,false,,,D:W0O301:N4:.#2980|B:PRO85:CG:.#2019,,not_estimated
8RIY:model1:D:BBB:301,NUDT5,8RIY,1,.,B,BBB,87,86,.,PRO,.,6.3630013358477315,false,false,false,false,observed,,false,false,,,D:W0O301:N5:.#2981|B:PRO86:CG:.#2026,,not_estimated
8RIY:model1:D:BBB:301,NUDT5,8RIY,1,.,B,BBB,88,87,.,MET,.,10.475203721169342,false,false,false,false,observed,,false,false,,,D:W0O301:N5:.#2981|B:MET87:N:.#2028,,not_estimated
8RIY:model1:D:BBB:301,NUDT5,8RIY,1,.,B,BBB,89,88,.,GLY,.,12.29357352440697,false,false,false,false,observed,,false,false,,,D:W0O301:N5:.#2981|B:GLY88:N:.#2036,,not_estimated
8RIY:model1:D:BBB:301,NUDT5,8RIY,1,.,B,BBB,90,89,.,GLY,.,13.573051425526982,false,false,false,false,observed,,false,false,,,D:W0O301:N4:.#2980|B:GLY89:O:.#2043,,not_estimated
8RIY:model1:D:BBB:301,NUDT5,8RIY,1,.,B,BBB,91,90,.,TYR,.,15.562207973163707,false,false,false,false,observed,,false,false,,,D:W0O301:C23:.#2972|B:TYR90:C:.#2046,,not_estimated
8RIY:model1:D:BBB:301,NUDT5,8RIY,1,.,B,BBB,92,91,.,CYS,.,13.064395163956119,false,false,false,false,observed,,false,false,,,D:W0O301:C22:.#2971|B:CYS91:SG:.#2061,,not_estimated
8RIY:model1:D:BBB:301,NUDT5,8RIY,1,.,B,BBB,93,92,.,ILE,.,15.892948404874408,false,false,false,false,observed,,false,false,,,D:W0O301:C22:.#2971|B:ILE92:O:.#2065,,not_estimated
8RIY:model1:D:BBB:301,NUDT5,8RIY,1,.,B,BBB,94,93,.,GLU,.,10.75411414296873,false,false,false,false,observed,,false,false,,,D:W0O301:C22:.#2971|B:GLU93:OE2:.#2078,,not_estimated
8RIY:model1:D:BBB:301,NUDT5,8RIY,1,.,B,BBB,95,94,.,PHE,.,13.606605050489264,false,false,false,false,observed,,false,false,,,D:W0O301:C22:.#2971|B:PHE94:O:.#2082,,not_estimated
8RIY:model1:D:BBB:301,NUDT5,8RIY,1,.,B,BBB,96,95,.,PRO,.,13.83328485935282,false,false,false,false,observed,,false,false,,,D:W0O301:C2:.#2954|B:PRO95:C:.#2092,,not_estimated
8RIY:model1:D:BBB:301,NUDT5,8RIY,1,.,B,BBB,97,96,.,ALA,.,9.919661334944859,false,false,false,false,observed,,false,false,,,D:W0O301:C2:.#2954|B:ALA96:O:.#2100,,not_estimated
8RIY:model1:D:BBB:301,NUDT5,8RIY,1,.,B,BBB,98,97,.,GLY,.,8.991795649368374,false,false,false,false,observed,,false,false,,,D:W0O301:C2:.#2954|B:GLY97:CA:.#2103,,not_estimated
8RIY:model1:D:BBB:301,NUDT5,8RIY,1,.,B,BBB,99,98,.,LEU,.,4.20498763375114,false,false,true,true,observed,,false,false,,,D:W0O301:C4:.#2956|B:LEU98:CD1:.#2112,,not_estimated
8RIY:model1:D:BBB:301,NUDT5,8RIY,1,.,B,BBB,100,99,.,ILE,.,9.563662321516798,false,false,false,false,observed,,false,false,,,D:W0O301:C4:.#2956|B:ILE99:N:.#2114,,not_estimated
8RIY:model1:D:BBB:301,NUDT5,8RIY,1,.,B,BBB,101,100,.,ASP,.,8.137003994100036,false,false,false,false,observed,,false,false,,,D:W0O301:C1:.#2953|B:ASP100:OD1:.#2128,,not_estimated
8RIY:model1:D:BBB:301,NUDT5,8RIY,1,.,B,BBB,102,101,.,ASP,.,11.14852205451467,false,false,false,false,observed,,false,false,,,D:W0O301:C4:.#2956|B:ASP101:OD2:.#2137,,not_estimated
8RIY:model1:D:BBB:301,NUDT5,8RIY,1,.,B,BBB,103,102,.,GLY,.,14.59841505095673,false,false,false,false,observed,,false,false,,,D:W0O301:C4:.#2956|B:GLY102:N:.#2138,,not_estimated
8RIY:model1:D:BBB:301,NUDT5,8RIY,1,.,B,BBB,104,103,.,GLU,.,12.168390649547701,false,false,false,false,observed,,false,false,,,D:W0O301:C1:.#2953|B:GLU103:OE1:.#2149,,not_estimated
8RIY:model1:D:BBB:301,NUDT5,8RIY,1,.,B,BBB,105,104,.,THR,.,16.538942015739703,false,false,false,false,observed,,false,false,,,D:W0O301:C4:.#2956|B:THR104:O:.#2154,,not_estimated
8RIY:model1:D:BBB:301,NUDT5,8RIY,1,.,B,BBB,106,105,.,PRO,.,14.933404970066272,false,false,false,false,observed,,false,false,,,D:W0O301:C18:.#2968|B:PRO105:CB:.#2162,,not_estimated
8RIY:model1:D:BBB:301,NUDT5,8RIY,1,.,B,BBB,107,106,.,GLU,.,17.53437697781133,false,false,false,false,observed,,false,false,,,D:W0O301:C18:.#2968|B:GLU106:N:.#2165,,not_estimated
8RIY:model1:D:BBB:301,NUDT5,8RIY,1,.,B,BBB,108,107,.,ALA,.,16.069362806284506,false,false,false,false,observed,,false,false,,,D:W0O301:C1:.#2953|B:ALA107:O:.#2177,,not_estimated
8RIY:model1:D:BBB:301,NUDT5,8RIY,1,.,B,BBB,109,108,.,ALA,.,13.70342322195443,false,false,false,false,observed,,false,false,,,D:W0O301:C1:.#2953|B:ALA108:O:.#2182,,not_estimated
8RIY:model1:D:BBB:301,NUDT5,8RIY,1,.,B,BBB,110,109,.,ALA,.,15.459064978193213,false,false,false,false,observed,,false,false,,,D:W0O301:C1:.#2953|B:ALA109:N:.#2184,,not_estimated
8RIY:model1:D:BBB:301,NUDT5,8RIY,1,.,B,BBB,111,110,.,LEU,.,16.68815894579147,false,false,false,false,observed,,false,false,,,D:W0O301:C1:.#2953|B:LEU110:C:.#2191,,not_estimated
8RIY:model1:D:BBB:301,NUDT5,8RIY,1,.,B,BBB,112,111,.,ARG,.,9.54055166119863,false,false,false,false,observed,,false,false,,,D:W0O301:C1:.#2953|B:ARG111:NH1:.#2206,,not_estimated
8RIY:model1:D:BBB:301,NUDT5,8RIY,1,.,B,BBB,113,112,.,GLU,.,8.939504069018593,false,false,false,false,observed,,false,false,,,D:W0O301:C2:.#2954|B:GLU112:OE2:.#2216,,not_estimated
8RIY:model1:D:BBB:301,NUDT5,8RIY,1,.,B,BBB,114,113,.,LEU,.,14.999091439150572,false,false,false,false,observed,,false,false,,,D:W0O301:C1:.#2953|B:LEU113:N:.#2217,,not_estimated
8RIY:model1:D:BBB:301,NUDT5,8RIY,1,.,B,BBB,115,114,.,GLU,.,15.920547478023483,false,false,false,false,observed,,false,false,,,D:W0O301:C1:.#2953|B:GLU114:C:.#2227,,not_estimated
8RIY:model1:D:BBB:301,NUDT5,8RIY,1,.,B,BBB,116,115,.,GLU,.,10.049964129289219,false,false,false,false,observed,,false,false,,,D:W0O301:C1:.#2953|B:GLU115:OE1:.#2241,,not_estimated
8RIY:model1:D:BBB:301,NUDT5,8RIY,1,.,B,BBB,117,116,.,GLU,.,10.276900943377822,false,false,false,false,observed,,false,false,,,D:W0O301:C2:.#2954|B:GLU116:OE2:.#2251,,not_estimated
8RIY:model1:D:BBB:301,NUDT5,8RIY,1,.,B,BBB,118,117,.,THR,.,16.2802609622819,false,false,false,false,observed,,false,false,,,D:W0O301:C2:.#2954|B:THR117:N:.#2252,,not_estimated
8RIY:model1:D:BBB:301,NUDT5,8RIY,1,.,B,BBB,119,118,.,GLY,.,18.283714092054712,false,false,false,false,observed,,false,false,,,D:W0O301:C1:.#2953|B:GLY118:N:.#2259,,not_estimated
8RIY:model1:D:BBB:301,NUDT5,8RIY,1,.,B,BBB,120,119,.,TYR,.,19.856711333954568,false,false,false,false,observed,,false,false,,,D:W0O301:C1:.#2953|B:TYR119:O:.#2266,,not_estimated
8RIY:model1:D:BBB:301,NUDT5,8RIY,1,.,B,BBB,121,120,.,LYS,.,22.014538128246066,false,false,false,false,observed,,false,false,,,D:W0O301:C1:.#2953|B:LYS120:N:.#2275,,not_estimated
8RIY:model1:D:BBB:301,NUDT5,8RIY,1,.,B,BBB,122,121,.,GLY,.,22.38155582170283,false,false,false,false,observed,,false,false,,,D:W0O301:C1:.#2953|B:GLY121:N:.#2284,,not_estimated
8RIY:model1:D:BBB:301,NUDT5,8RIY,1,.,B,BBB,123,122,.,ASP,.,24.423421934692115,false,false,false,false,observed,,false,false,,,D:W0O301:C1:.#2953|B:ASP122:N:.#2288,,not_estimated
8RIY:model1:D:BBB:301,NUDT5,8RIY,1,.,B,BBB,124,123,.,ILE,.,21.39851541579462,false,false,false,false,observed,,false,false,,,D:W0O301:C17:.#2967|B:ILE123:CD1:.#2303,,not_estimated
8RIY:model1:D:BBB:301,NUDT5,8RIY,1,.,B,BBB,125,124,.,ALA,.,24.299653454319056,false,false,false,false,observed,,false,false,,,D:W0O301:C17:.#2967|B:ALA124:N:.#2304,,not_estimated
8RIY:model1:D:BBB:301,NUDT5,8RIY,1,.,B,BBB,126,125,.,GLU,.,20.517945413710407,false,false,false,false,observed,,false,false,,,D:W0O301:C18:.#2968|B:GLU125:O:.#2312,,not_estimated
8RIY:model1:D:BBB:301,NUDT5,8RIY,1,.,B,BBB,127,126,.,CYS,.,16.977231134669754,false,false,false,false,observed,,false,false,,,D:W0O301:C18:.#2968|B:CYS126:SG:.#2323,,not_estimated
8RIY:model1:D:BBB:301,NUDT5,8RIY,1,.,B,BBB,128,127,.,SER,.,14.84680265242318,false,false,false,false,observed,,false,false,,,D:W0O301:C18:.#2968|B:SER127:OG:.#2329,,not_estimated
8RIY:model1:D:BBB:301,NUDT5,8RIY,1,.,B,BBB,129,128,.,PRO,.,13.906848744413667,false,false,false,false,observed,,false,false,,,D:W0O301:C18:.#2968|B:PRO128:O:.#2333,,not_estimated
8RIY:model1:D:BBB:301,NUDT5,8RIY,1,.,B,BBB,130,129,.,ALA,.,11.336836110661563,false,false,false,false,observed,,false,false,,,D:W0O301:C18:.#2968|B:ALA129:CB:.#2341,,not_estimated
8RIY:model1:D:BBB:301,NUDT5,8RIY,1,.,B,BBB,131,130,.,VAL,.,9.429036058898067,false,false,false,false,observed,,false,false,,,D:W0O301:C18:.#2968|B:VAL130:O:.#2345,,not_estimated
8RIY:model1:D:BBB:301,NUDT5,8RIY,1,.,B,BBB,132,131,.,CYS,.,9.31501588833857,false,false,false,false,observed,,false,false,,,D:W0O301:C19:.#2969|B:CYS131:CA:.#2350,,not_estimated
8RIY:model1:D:BBB:301,NUDT5,8RIY,1,.,B,BBB,133,132,.,MET,.,7.12432095009763,false,false,false,false,observed,,false,false,,,D:W0O301:C17:.#2967|B:MET132:CB:.#2359,,not_estimated
8RIY:model1:D:BBB:301,NUDT5,8RIY,1,.,B,BBB,134,133,.,ASP,.,7.282549072955156,false,false,false,false,observed,,false,false,,,D:W0O301:C21:.#2974|B:ASP133:CB:.#2367,,not_estimated
8RIY:model1:D:BBB:301,NUDT5,8RIY,1,.,B,BBB,135,134,.,PRO,.,9.141458636344641,false,false,false,false,observed,,false,false,,,D:W0O301:C20:.#2970|B:PRO134:N:.#2371,,not_estimated
8RIY:model1:D:BBB:301,NUDT5,8RIY,1,.,B,BBB,136,135,.,GLY,.,10.173467992774146,false,false,false,false,observed,,false,false,,,D:W0O301:C20:.#2970|B:GLY135:C:.#2380,,not_estimated
8RIY:model1:D:BBB:301,NUDT5,8RIY,1,.,B,BBB,137,136,.,LEU,.,6.791817503437502,false,false,false,false,observed,,false,false,,,D:W0O301:C20:.#2970|B:LEU136:C:.#2384,,not_estimated
8RIY:model1:D:BBB:301,NUDT5,8RIY,1,.,B,BBB,138,137,.,SER,.,3.6539887794025887,false,true,true,true,observed,,false,false,,,D:W0O301:C20:.#2970|B:SER137:OG:.#2395,,not_estimated
8RIY:model1:D:BBB:301,NUDT5,8RIY,1,.,B,BBB,139,138,.,ASN,.,3.133058090747762,true,true,true,true,observed,,false,false,,,D:W0O301:C19:.#2969|B:ASN138:OD1:.#2402,,not_estimated
8RIY:model1:D:BBB:301,NUDT5,8RIY,1,.,B,BBB,140,139,.,CYS,.,3.4895836427860543,true,true,true,true,observed,,false,false,,,D:W0O301:C18:.#2968|B:CYS139:CB:.#2408,,not_estimated
8RIY:model1:D:BBB:301,NUDT5,8RIY,1,.,B,BBB,141,140,.,THR,.,5.323492462660203,false,false,false,false,observed,,false,false,,,D:W0O301:C18:.#2968|B:THR140:N:.#2410,,not_estimated
8RIY:model1:D:BBB:301,NUDT5,8RIY,1,.,B,BBB,142,141,.,ILE,.,7.541465772646589,false,false,false,false,observed,,false,false,,,D:W0O301:C17:.#2967|B:ILE141:CG2:.#2423,,not_estimated
8RIY:model1:D:BBB:301,NUDT5,8RIY,1,.,B,BBB,143,142,.,HIS,.,11.014985065809215,false,false,false,false,observed,,false,false,,,D:W0O301:C18:.#2968|B:HIS142:N:.#2425,,not_estimated
8RIY:model1:D:BBB:301,NUDT5,8RIY,1,.,B,BBB,144,143,.,ILE,.,13.866215381278339,false,false,false,false,observed,,false,false,,,D:W0O301:C18:.#2968|B:ILE143:N:.#2435,,not_estimated
8RIY:model1:D:BBB:301,NUDT5,8RIY,1,.,B,BBB,145,144,.,VAL,.,16.274155892088537,false,false,false,false,observed,,false,false,,,D:W0O301:C17:.#2967|B:VAL144:N:.#2443,,not_estimated
8RIY:model1:D:BBB:301,NUDT5,8RIY,1,.,B,BBB,146,145,.,THR,.,19.730000658895072,false,false,false,false,observed,,false,false,,,D:W0O301:C17:.#2967|B:THR145:N:.#2450,,not_estimated
8RIY:model1:D:BBB:301,NUDT5,8RIY,1,.,B,BBB,147,146,.,VAL,.,20.840215977767603,false,false,false,false,observed,,false,false,,,D:W0O301:C17:.#2967|B:VAL146:CG2:.#2463,,not_estimated
8RIY:model1:D:BBB:301,NUDT5,8RIY,1,.,B,BBB,148,147,.,THR,.,25.236935332959902,false,false,false,false,observed,,false,false,,,D:W0O301:C17:.#2967|B:THR147:N:.#2464,,not_estimated
8RIY:model1:D:BBB:301,NUDT5,8RIY,1,.,B,BBB,149,148,.,ILE,.,22.985604843031652,false,false,false,false,observed,,false,false,,,D:W0O301:C2:.#2954|B:ILE148:CD1:.#2478,,not_estimated
8RIY:model1:D:BBB:301,NUDT5,8RIY,1,.,B,BBB,150,149,.,ASN,.,28.2223867523638,false,false,false,false,observed,,false,false,,,D:W0O301:C1:.#2953|B:ASN149:N:.#2479,,not_estimated
8RIY:model1:D:BBB:301,NUDT5,8RIY,1,.,B,BBB,151,150,.,GLY,.,29.483399159527046,false,false,false,false,observed,,false,false,,,D:W0O301:C1:.#2953|B:GLY150:N:.#2487,,not_estimated
8RIY:model1:D:BBB:301,NUDT5,8RIY,1,.,B,BBB,152,151,.,ASP,.,31.687699727181204,false,false,false,false,observed,,false,false,,,D:W0O301:C1:.#2953|B:ASP151:N:.#2491,,not_estimated
8RIY:model1:D:BBB:301,NUDT5,8RIY,1,.,B,BBB,153,152,.,ASP,.,30.32871110020998,false,false,false,false,observed,,false,false,,,D:W0O301:C1:.#2953|B:ASP152:CB:.#2503,,not_estimated
8RIY:model1:D:BBB:301,NUDT5,8RIY,1,.,B,BBB,154,153,.,ALA,.,28.85782947485829,false,false,false,false,observed,,false,false,,,D:W0O301:C1:.#2953|B:ALA153:O:.#2510,,not_estimated
8RIY:model1:D:BBB:301,NUDT5,8RIY,1,.,B,BBB,155,154,.,GLU,.,25.365106958181745,false,false,false,false,observed,,false,false,,,D:W0O301:C1:.#2953|B:GLU154:O:.#2515,,not_estimated
8RIY:model1:D:BBB:301,NUDT5,8RIY,1,.,B,BBB,156,155,.,ASN,.,24.774978284551533,false,false,false,false,observed,,false,false,,,D:W0O301:C1:.#2953|B:ASN155:OD1:.#2527,,not_estimated
8RIY:model1:D:BBB:301,NUDT5,8RIY,1,.,B,BBB,157,156,.,ALA,.,28.055282390309316,false,false,false,false,observed,,false,false,,,D:W0O301:C1:.#2953|B:ALA156:N:.#2529,,not_estimated
8RIY:model1:D:BBB:301,NUDT5,8RIY,1,.,B,BBB,158,157,.,ARG,.,24.794218075995055,false,false,false,false,partial_observed,,false,false,CD:?:flag1;CG:?:flag1;CZ:?:flag1;NE:?:flag1;NH1:?:flag1;NH2:?:flag1,,D:W0O301:C1:.#2953|B:ARG157:O:.#2537,,not_estimated
8RIY:model1:D:BBB:301,NUDT5,8RIY,1,.,B,BBB,159,158,.,PRO,.,22.493651682196916,false,false,false,false,observed,,false,false,,,D:W0O301:C1:.#2953|B:PRO158:C:.#2541,,not_estimated
8RIY:model1:D:BBB:301,NUDT5,8RIY,1,.,B,BBB,160,159,.,LYS,.,19.166963583207437,false,false,false,false,partial_observed,,false,false,CD:?:flag1;CE:?:flag1;CG:?:flag1;NZ:?:flag1,,D:W0O301:C1:.#2953|B:LYS159:O:.#2549,,not_estimated
8RIY:model1:D:BBB:301,NUDT5,8RIY,1,.,B,BBB,161,160,.,PRO,.,16.76301372068877,false,false,false,false,observed,,false,false,,,D:W0O301:C1:.#2953|B:PRO160:C:.#2553,,not_estimated
8RIY:model1:D:BBB:301,NUDT5,8RIY,1,.,B,BBB,162,161,.,LYS,.,12.93366328616916,false,false,false,false,partial_observed,,false,false,CD:?:flag1;CE:?:flag1;CG:?:flag1;NZ:?:flag1,,D:W0O301:C1:.#2953|B:LYS161:O:.#2561,,not_estimated
8RIY:model1:D:BBB:301,NUDT5,8RIY,1,.,B,BBB,163,162,.,PRO,.,10.865696388175035,false,false,false,false,observed,,false,false,,,D:W0O301:C1:.#2953|B:PRO162:C:.#2565,,not_estimated
8RIY:model1:D:BBB:301,NUDT5,8RIY,1,.,B,BBB,164,163,.,GLY,.,8.618607138047308,false,false,false,false,observed,,false,false,,,D:W0O301:C1:.#2953|B:GLY163:CA:.#2571,,not_estimated
8RIY:model1:D:BBB:301,NUDT5,8RIY,1,.,B,BBB,165,164,.,ASP,.,6.583775664464882,false,false,false,false,observed,,false,false,,,D:W0O301:C1:.#2953|B:ASP164:O:.#2577,,not_estimated
8RIY:model1:D:BBB:301,NUDT5,8RIY,1,.,B,BBB,166,165,.,GLY,.,7.168344369517974,false,false,false,false,observed,,false,false,,,D:W0O301:C2:.#2954|B:GLY165:O:.#2585,,not_estimated
8RIY:model1:D:BBB:301,NUDT5,8RIY,1,.,B,BBB,167,166,.,GLU,.,6.709804020983028,false,false,false,false,observed,,false,false,,,D:W0O301:C2:.#2954|B:GLU166:CG:.#2591,,not_estimated
8RIY:model1:D:BBB:301,NUDT5,8RIY,1,.,B,BBB,168,167,.,PHE,.,10.272805653763726,false,false,false,false,observed,,false,false,,,D:W0O301:C2:.#2954|B:PHE167:N:.#2595,,not_estimated
8RIY:model1:D:BBB:301,NUDT5,8RIY,1,.,B,BBB,169,168,.,VAL,.,11.491325293455057,false,false,false,false,observed,,false,false,,,D:W0O301:C2:.#2954|B:VAL168:CG2:.#2612,,not_estimated
8RIY:model1:D:BBB:301,NUDT5,8RIY,1,.,B,BBB,170,169,.,GLU,.,15.728533498072855,false,false,false,false,observed,,false,false,,,D:W0O301:C2:.#2954|B:GLU169:N:.#2613,,not_estimated
8RIY:model1:D:BBB:301,NUDT5,8RIY,1,.,B,BBB,171,170,.,VAL,.,18.46560578480977,false,false,false,false,observed,,false,false,,,D:W0O301:C2:.#2954|B:VAL170:N:.#2622,,not_estimated
8RIY:model1:D:BBB:301,NUDT5,8RIY,1,.,B,BBB,172,171,.,ILE,.,20.643698433178102,false,false,false,false,observed,,false,false,,,D:W0O301:C2:.#2954|B:ILE171:N:.#2629,,not_estimated
8RIY:model1:D:BBB:301,NUDT5,8RIY,1,.,B,BBB,173,172,.,SER,.,23.594559987420826,false,false,false,false,observed,,false,false,,,D:W0O301:C2:.#2954|B:SER172:N:.#2637,,not_estimated
8RIY:model1:D:BBB:301,NUDT5,8RIY,1,.,B,BBB,174,173,.,LEU,.,24.233824894143307,false,false,false,false,observed,,false,false,,,D:W0O301:C22:.#2971|B:LEU173:CD1:.#2649,,not_estimated
8RIY:model1:D:BBB:301,NUDT5,8RIY,1,.,B,BBB,175,174,.,PRO,.,28.61344140434701,false,false,false,false,observed,,false,false,,,D:W0O301:C22:.#2971|B:PRO174:N:.#2651,,not_estimated
8RIY:model1:D:BBB:301,NUDT5,8RIY,1,.,B,BBB,176,175,.,LYS,.,28.45251913275871,false,false,false,false,partial_observed,,false,false,CD:?:flag1;CE:?:flag1;NZ:?:flag1,,D:W0O301:O1:.#2982|B:LYS175:CG:.#2663,,not_estimated
8RIY:model1:D:BBB:301,NUDT5,8RIY,1,.,B,BBB,177,176,.,ASN,.,30.739722380008576,false,false,false,false,observed,,false,false,,,D:W0O301:C22:.#2971|B:ASN176:N:.#2664,,not_estimated
8RIY:model1:D:BBB:301,NUDT5,8RIY,1,.,B,BBB,178,177,.,ASP,.,29.533078759248927,false,false,false,false,observed,,false,false,,,D:W0O301:C22:.#2971|B:ASP177:O:.#2675,,not_estimated
8RIY:model1:D:BBB:301,NUDT5,8RIY,1,.,B,BBB,179,178,.,LEU,.,24.32864965426565,false,false,false,false,observed,,false,false,,,D:W0O301:C22:.#2971|B:LEU178:CD2:.#2687,,not_estimated
8RIY:model1:D:BBB:301,NUDT5,8RIY,1,.,B,BBB,180,179,.,LEU,.,25.667612296433028,false,false,false,false,observed,,false,false,,,D:W0O301:O1:.#2982|B:LEU179:CD1:.#2694,,not_estimated
8RIY:model1:D:BBB:301,NUDT5,8RIY,1,.,B,BBB,181,180,.,GLN,.,28.665351262456216,false,false,false,false,observed,,false,false,,,D:W0O301:C22:.#2971|B:GLN180:N:.#2696,,not_estimated
8RIY:model1:D:BBB:301,NUDT5,8RIY,1,.,B,BBB,182,181,.,ARG,.,26.747922180984453,false,false,false,false,observed,,false,false,,,D:W0O301:C22:.#2971|B:ARG181:O:.#2708,,not_estimated
8RIY:model1:D:BBB:301,NUDT5,8RIY,1,.,B,BBB,183,182,.,LEU,.,22.38955178202547,false,false,false,false,observed,,false,false,,,D:W0O301:C22:.#2971|B:LEU182:CD2:.#2723,,not_estimated
8RIY:model1:D:BBB:301,NUDT5,8RIY,1,.,B,BBB,184,183,.,ASP,.,25.765615886293112,false,false,false,false,observed,,false,false,,,D:W0O301:C22:.#2971|B:ASP183:OD1:.#2730,,not_estimated
8RIY:model1:D:BBB:301,NUDT5,8RIY,1,.,B,BBB,185,184,.,ALA,.,27.488287996890605,false,false,false,false,observed,,false,false,,,D:W0O301:C22:.#2971|B:ALA184:C:.#2734,,not_estimated
8RIY:model1:D:BBB:301,NUDT5,8RIY,1,.,B,BBB,186,185,.,LEU,.,23.775588194616763,false,false,false,false,observed,,false,false,,,D:W0O301:C23:.#2972|B:LEU185:CD2:.#2744,,not_estimated
8RIY:model1:D:BBB:301,NUDT5,8RIY,1,.,B,BBB,187,186,.,VAL,.,22.37714961741106,false,false,false,false,observed,,false,false,,,D:W0O301:C22:.#2971|B:VAL186:CG2:.#2751,,not_estimated
8RIY:model1:D:BBB:301,NUDT5,8RIY,1,.,B,BBB,188,187,.,ALA,.,26.131554986261342,false,false,false,false,observed,,false,false,,,D:W0O301:C22:.#2971|B:ALA187:N:.#2752,,not_estimated
8RIY:model1:D:BBB:301,NUDT5,8RIY,1,.,B,BBB,189,188,.,GLU,.,27.471123475387753,false,false,false,false,partial_observed,,false,false,CD:?:flag1;CG:?:flag1;OE1:?:flag1;OE2:?:flag1,,D:W0O301:C23:.#2972|B:GLU188:C:.#2759,,not_estimated
8RIY:model1:D:BBB:301,NUDT5,8RIY,1,.,B,BBB,190,189,.,GLU,.,24.39220338550825,false,false,false,false,observed,,false,false,,,D:W0O301:C23:.#2972|B:GLU189:C:.#2764,,not_estimated
8RIY:model1:D:BBB:301,NUDT5,8RIY,1,.,B,BBB,191,190,.,HIS,.,20.483784855343508,false,false,false,false,observed,,false,false,,,D:W0O301:C23:.#2972|B:HIS190:O:.#2774,,not_estimated
8RIY:model1:D:BBB:301,NUDT5,8RIY,1,.,B,BBB,192,191,.,LEU,.,19.295452547167688,false,false,false,false,observed,,false,false,,,D:W0O301:C23:.#2972|B:LEU191:CD2:.#2788,,not_estimated
8RIY:model1:D:BBB:301,NUDT5,8RIY,1,.,B,BBB,193,192,.,THR,.,16.231447039620342,false,false,false,false,observed,,false,false,,,D:W0O301:C22:.#2971|B:THR192:CG2:.#2795,,not_estimated
8RIY:model1:D:BBB:301,NUDT5,8RIY,1,.,B,BBB,194,193,.,VAL,.,16.51341000520486,false,false,false,false,observed,,false,false,,,D:W0O301:C22:.#2971|B:VAL193:C:.#2798,,not_estimated
8RIY:model1:D:BBB:301,NUDT5,8RIY,1,.,B,BBB,195,194,.,ASP,.,12.204581639695807,false,false,false,false,observed,,false,false,,,D:W0O301:C22:.#2971|B:ASP194:OD1:.#2809,,not_estimated
8RIY:model1:D:BBB:301,NUDT5,8RIY,1,.,B,BBB,196,195,.,ALA,.,15.097447267667471,false,false,false,false,observed,,false,false,,,D:W0O301:C22:.#2971|B:ALA195:N:.#2811,,not_estimated
8RIY:model1:D:BBB:301,NUDT5,8RIY,1,.,B,BBB,197,196,.,ARG,.,10.509673496355632,false,false,false,false,observed,,false,false,,,D:W0O301:O1:.#2982|B:ARG196:NH1:.#2825,,not_estimated
8RIY:model1:D:BBB:301,NUDT5,8RIY,1,.,B,BBB,198,197,.,VAL,.,16.81946601411591,false,false,false,false,observed,,false,false,,,D:W0O301:C22:.#2971|B:VAL197:CG2:.#2833,,not_estimated
8RIY:model1:D:BBB:301,NUDT5,8RIY,1,.,B,BBB,199,198,.,TYR,.,19.181265078195445,false,false,false,false,observed,,false,false,,,D:W0O301:O1:.#2982|B:TYR198:N:.#2834,,not_estimated
8RIY:model1:D:BBB:301,NUDT5,8RIY,1,.,B,BBB,200,199,.,SER,.,18.41947852139143,false,false,false,false,observed,,false,false,,,D:W0O301:O1:.#2982|B:SER199:OG:.#2851,,not_estimated
8RIY:model1:D:BBB:301,NUDT5,8RIY,1,.,B,BBB,201,200,.,TYR,.,20.73947562017902,false,false,false,false,observed,,false,false,,,D:W0O301:O1:.#2982|B:TYR200:N:.#2852,,not_estimated
8RIY:model1:D:BBB:301,NUDT5,8RIY,1,.,B,BBB,202,201,.,ALA,.,23.001214707054064,false,false,false,false,observed,,false,false,,,D:W0O301:O1:.#2982|B:ALA201:N:.#2864,,not_estimated
8RIY:model1:D:BBB:301,NUDT5,8RIY,1,.,B,BBB,203,202,.,LEU,.,24.338270973920885,false,false,false,false,observed,,false,false,,,D:W0O301:O1:.#2982|B:LEU202:CD2:.#2876,,not_estimated
8RIY:model1:D:BBB:301,NUDT5,8RIY,1,.,B,BBB,204,203,.,ALA,.,24.979715370676264,false,false,false,false,observed,,false,false,,,D:W0O301:C17:.#2967|B:ALA203:CB:.#2881,,not_estimated
8RIY:model1:D:BBB:301,NUDT5,8RIY,1,.,B,BBB,205,204,.,LEU,.,26.65697285889754,false,false,false,false,observed,,false,false,,,D:W0O301:O1:.#2982|B:LEU204:CD1:.#2888,,not_estimated
8RIY:model1:D:BBB:301,NUDT5,8RIY,1,.,B,BBB,206,205,.,LYS,.,29.384740155393583,false,false,false,false,observed,,false,false,,,D:W0O301:O1:.#2982|B:LYS205:N:.#2890,,not_estimated
8RIY:model1:D:BBB:301,NUDT5,8RIY,1,.,B,BBB,207,206,.,HIS,.,27.90237644000955,false,false,false,false,observed,,false,false,,,D:W0O301:O1:.#2982|B:HIS206:CE1:.#2907,,not_estimated
8RIY:model1:D:BBB:301,NUDT5,8RIY,1,.,B,BBB,208,207,.,ALA,.,30.492631913299974,false,false,false,false,observed,,false,false,,,D:W0O301:C17:.#2967|B:ALA207:CB:.#2913,,not_estimated
8RIY:model1:D:BBB:301,NUDT5,8RIY,1,.,B,BBB,209,208,.,ASN,.,33.08192533695704,false,false,false,false,observed,,false,false,,,D:W0O301:C17:.#2967|B:ASN208:N:.#2914,,not_estimated
