method_id,input_revision,source_path,source_sha256,location,comparison_version,exact_methods_quote,status,actual_file_function_line,parameter_evidence,data_or_source_anchor,mismatch_and_required_action,statistical_limit_not_missing_code,audit_provenance,consolidation_erratum,upstream_file_sha256,Baseline,Manuscript SHA256,Audit context
HM-001,40b9b0708d888a015abe5043bb273c3c6ee601ae,NUDT5_Finished_Paper_1.docx:word/document.xml,11ef96824597f47daa1e6152caea8dc87cb3ebd6d78fd41be3baad14d31cca35,P112,ORIGINAL_RELEASE@8c2a1b6990df1e140e15ab5a0eabea69b70eee14,81  Lipinski's Ro5 [14]:,PARTIALLY IMPLEMENTED,scripts/scripts/pipeline.py:compute_props:86-101;main:291-316,"Seven RDKit descriptors and PAINS, not ADMET; no SA-score implementation, LLE/LE not pipeline-computed.",docx_blocks.json:P112; original-manuscript.txt matching paragraph marker where present,"Keep only audited calculations; historical reference graphs are mismatched, so potency-derived LLE/LE attribution cannot be retained without authenticated identities.","DESCRIBED ONLY for theoretical/citation claims means no executed-method evidence, not an assertion that source literature is false. No biological conclusions follow from software presence.",audit_provenance.json; commands_run.md,,48ac351437d5f6a337314961d50255f58a89a1d464e55fbdb70db9afcdefb54b,40b9b0708d888a015abe5043bb273c3c6ee601ae,5ee7257be5a09c9862c2ead2f98416e1e8d1b2fa875624ca009df5cb95934bbb,input_manifest.json; commands_run.md; coverage_integrity_report.json
HM-002,40b9b0708d888a015abe5043bb273c3c6ee601ae,NUDT5_Finished_Paper_1.docx:word/document.xml,11ef96824597f47daa1e6152caea8dc87cb3ebd6d78fd41be3baad14d31cca35,P112,CURRENT@40b9b0708d888a015abe5043bb273c3c6ee601ae,81  Lipinski's Ro5 [14]:,PARTIALLY IMPLEMENTED,scripts/scripts/pipeline.py:compute_props:170-180;candidate_audit:520-587,"Seven RDKit descriptors and PAINS, not ADMET; no SA-score implementation, LLE/LE not pipeline-computed.",docx_blocks.json:P112; original-manuscript.txt matching paragraph marker where present,"Keep only audited calculations; historical reference graphs are mismatched, so potency-derived LLE/LE attribution cannot be retained without authenticated identities.","DESCRIBED ONLY for theoretical/citation claims means no executed-method evidence, not an assertion that source literature is false. No biological conclusions follow from software presence.",audit_provenance.json; commands_run.md,,48ac351437d5f6a337314961d50255f58a89a1d464e55fbdb70db9afcdefb54b,40b9b0708d888a015abe5043bb273c3c6ee601ae,5ee7257be5a09c9862c2ead2f98416e1e8d1b2fa875624ca009df5cb95934bbb,input_manifest.json; commands_run.md; coverage_integrity_report.json
HM-003,40b9b0708d888a015abe5043bb273c3c6ee601ae,NUDT5_Finished_Paper_1.docx:word/document.xml,11ef96824597f47daa1e6152caea8dc87cb3ebd6d78fd41be3baad14d31cca35,P114,ORIGINAL_RELEASE@8c2a1b6990df1e140e15ab5a0eabea69b70eee14,"MW ≤ 500 Da,cLogP ≤ 5,HBD ≤ 5,HBA ≤ 10MW ≤ 500 Da,cLogP ≤ 5,HBD ≤ 5,HBA ≤ 10(4)",PARTIALLY IMPLEMENTED,scripts/scripts/pipeline.py:compute_props:86-101;main:291-316,"Seven RDKit descriptors and PAINS, not ADMET; no SA-score implementation, LLE/LE not pipeline-computed.",docx_blocks.json:P114; original-manuscript.txt matching paragraph marker where present,"Keep only audited calculations; historical reference graphs are mismatched, so potency-derived LLE/LE attribution cannot be retained without authenticated identities.","DESCRIBED ONLY for theoretical/citation claims means no executed-method evidence, not an assertion that source literature is false. No biological conclusions follow from software presence.",audit_provenance.json; commands_run.md,,48ac351437d5f6a337314961d50255f58a89a1d464e55fbdb70db9afcdefb54b,40b9b0708d888a015abe5043bb273c3c6ee601ae,5ee7257be5a09c9862c2ead2f98416e1e8d1b2fa875624ca009df5cb95934bbb,input_manifest.json; commands_run.md; coverage_integrity_report.json
HM-004,40b9b0708d888a015abe5043bb273c3c6ee601ae,NUDT5_Finished_Paper_1.docx:word/document.xml,11ef96824597f47daa1e6152caea8dc87cb3ebd6d78fd41be3baad14d31cca35,P114,CURRENT@40b9b0708d888a015abe5043bb273c3c6ee601ae,"MW ≤ 500 Da,cLogP ≤ 5,HBD ≤ 5,HBA ≤ 10MW ≤ 500 Da,cLogP ≤ 5,HBD ≤ 5,HBA ≤ 10(4)",PARTIALLY IMPLEMENTED,scripts/scripts/pipeline.py:compute_props:170-180;candidate_audit:520-587,"Seven RDKit descriptors and PAINS, not ADMET; no SA-score implementation, LLE/LE not pipeline-computed.",docx_blocks.json:P114; original-manuscript.txt matching paragraph marker where present,"Keep only audited calculations; historical reference graphs are mismatched, so potency-derived LLE/LE attribution cannot be retained without authenticated identities.","DESCRIBED ONLY for theoretical/citation claims means no executed-method evidence, not an assertion that source literature is false. No biological conclusions follow from software presence.",audit_provenance.json; commands_run.md,,48ac351437d5f6a337314961d50255f58a89a1d464e55fbdb70db9afcdefb54b,40b9b0708d888a015abe5043bb273c3c6ee601ae,5ee7257be5a09c9862c2ead2f98416e1e8d1b2fa875624ca009df5cb95934bbb,input_manifest.json; commands_run.md; coverage_integrity_report.json
HM-005,40b9b0708d888a015abe5043bb273c3c6ee601ae,NUDT5_Finished_Paper_1.docx:word/document.xml,11ef96824597f47daa1e6152caea8dc87cb3ebd6d78fd41be3baad14d31cca35,P117,ORIGINAL_RELEASE@8c2a1b6990df1e140e15ab5a0eabea69b70eee14,"NRB ≤ 10,TPSA ≤ 140  2(5)",PARTIALLY IMPLEMENTED,scripts/scripts/pipeline.py:compute_props:86-101;main:291-316,"Seven RDKit descriptors and PAINS, not ADMET; no SA-score implementation, LLE/LE not pipeline-computed.",docx_blocks.json:P117; original-manuscript.txt matching paragraph marker where present,"Keep only audited calculations; historical reference graphs are mismatched, so potency-derived LLE/LE attribution cannot be retained without authenticated identities.","DESCRIBED ONLY for theoretical/citation claims means no executed-method evidence, not an assertion that source literature is false. No biological conclusions follow from software presence.",audit_provenance.json; commands_run.md,,48ac351437d5f6a337314961d50255f58a89a1d464e55fbdb70db9afcdefb54b,40b9b0708d888a015abe5043bb273c3c6ee601ae,5ee7257be5a09c9862c2ead2f98416e1e8d1b2fa875624ca009df5cb95934bbb,input_manifest.json; commands_run.md; coverage_integrity_report.json
HM-006,40b9b0708d888a015abe5043bb273c3c6ee601ae,NUDT5_Finished_Paper_1.docx:word/document.xml,11ef96824597f47daa1e6152caea8dc87cb3ebd6d78fd41be3baad14d31cca35,P117,CURRENT@40b9b0708d888a015abe5043bb273c3c6ee601ae,"NRB ≤ 10,TPSA ≤ 140  2(5)",PARTIALLY IMPLEMENTED,scripts/scripts/pipeline.py:compute_props:170-180;candidate_audit:520-587,"Seven RDKit descriptors and PAINS, not ADMET; no SA-score implementation, LLE/LE not pipeline-computed.",docx_blocks.json:P117; original-manuscript.txt matching paragraph marker where present,"Keep only audited calculations; historical reference graphs are mismatched, so potency-derived LLE/LE attribution cannot be retained without authenticated identities.","DESCRIBED ONLY for theoretical/citation claims means no executed-method evidence, not an assertion that source literature is false. No biological conclusions follow from software presence.",audit_provenance.json; commands_run.md,,48ac351437d5f6a337314961d50255f58a89a1d464e55fbdb70db9afcdefb54b,40b9b0708d888a015abe5043bb273c3c6ee601ae,5ee7257be5a09c9862c2ead2f98416e1e8d1b2fa875624ca009df5cb95934bbb,input_manifest.json; commands_run.md; coverage_integrity_report.json
HM-007,40b9b0708d888a015abe5043bb273c3c6ee601ae,NUDT5_Finished_Paper_1.docx:word/document.xml,11ef96824597f47daa1e6152caea8dc87cb3ebd6d78fd41be3baad14d31cca35,P118,ORIGINAL_RELEASE@8c2a1b6990df1e140e15ab5a0eabea69b70eee14,"8484j∈{polar H} SAjj∈{polar H} SAj83  Σ TPSA is the topological polar surface area [16]:TPSA=Σi∈{N,O,S} SAi  +",PARTIALLY IMPLEMENTED,scripts/scripts/pipeline.py:compute_props:86-101;main:291-316,"Seven RDKit descriptors and PAINS, not ADMET; no SA-score implementation, LLE/LE not pipeline-computed.",docx_blocks.json:P118; original-manuscript.txt matching paragraph marker where present,"Keep only audited calculations; historical reference graphs are mismatched, so potency-derived LLE/LE attribution cannot be retained without authenticated identities.","DESCRIBED ONLY for theoretical/citation claims means no executed-method evidence, not an assertion that source literature is false. No biological conclusions follow from software presence.",audit_provenance.json; commands_run.md,,48ac351437d5f6a337314961d50255f58a89a1d464e55fbdb70db9afcdefb54b,40b9b0708d888a015abe5043bb273c3c6ee601ae,5ee7257be5a09c9862c2ead2f98416e1e8d1b2fa875624ca009df5cb95934bbb,input_manifest.json; commands_run.md; coverage_integrity_report.json
HM-008,40b9b0708d888a015abe5043bb273c3c6ee601ae,NUDT5_Finished_Paper_1.docx:word/document.xml,11ef96824597f47daa1e6152caea8dc87cb3ebd6d78fd41be3baad14d31cca35,P118,CURRENT@40b9b0708d888a015abe5043bb273c3c6ee601ae,"8484j∈{polar H} SAjj∈{polar H} SAj83  Σ TPSA is the topological polar surface area [16]:TPSA=Σi∈{N,O,S} SAi  +",PARTIALLY IMPLEMENTED,scripts/scripts/pipeline.py:compute_props:170-180;candidate_audit:520-587,"Seven RDKit descriptors and PAINS, not ADMET; no SA-score implementation, LLE/LE not pipeline-computed.",docx_blocks.json:P118; original-manuscript.txt matching paragraph marker where present,"Keep only audited calculations; historical reference graphs are mismatched, so potency-derived LLE/LE attribution cannot be retained without authenticated identities.","DESCRIBED ONLY for theoretical/citation claims means no executed-method evidence, not an assertion that source literature is false. No biological conclusions follow from software presence.",audit_provenance.json; commands_run.md,,48ac351437d5f6a337314961d50255f58a89a1d464e55fbdb70db9afcdefb54b,40b9b0708d888a015abe5043bb273c3c6ee601ae,5ee7257be5a09c9862c2ead2f98416e1e8d1b2fa875624ca009df5cb95934bbb,input_manifest.json; commands_run.md; coverage_integrity_report.json
HM-009,40b9b0708d888a015abe5043bb273c3c6ee601ae,NUDT5_Finished_Paper_1.docx:word/document.xml,11ef96824597f47daa1e6152caea8dc87cb3ebd6d78fd41be3baad14d31cca35,P120,ORIGINAL_RELEASE@8c2a1b6990df1e140e15ab5a0eabea69b70eee14,    85  2.1.3Partition Coe cient and Lipophilic Ligand E ciency,PARTIALLY IMPLEMENTED,scripts/scripts/pipeline.py:compute_props:86-101;main:291-316,"Seven RDKit descriptors and PAINS, not ADMET; no SA-score implementation, LLE/LE not pipeline-computed.",docx_blocks.json:P120; original-manuscript.txt matching paragraph marker where present,"Keep only audited calculations; historical reference graphs are mismatched, so potency-derived LLE/LE attribution cannot be retained without authenticated identities.","DESCRIBED ONLY for theoretical/citation claims means no executed-method evidence, not an assertion that source literature is false. No biological conclusions follow from software presence.",audit_provenance.json; commands_run.md,,48ac351437d5f6a337314961d50255f58a89a1d464e55fbdb70db9afcdefb54b,40b9b0708d888a015abe5043bb273c3c6ee601ae,5ee7257be5a09c9862c2ead2f98416e1e8d1b2fa875624ca009df5cb95934bbb,input_manifest.json; commands_run.md; coverage_integrity_report.json
HM-010,40b9b0708d888a015abe5043bb273c3c6ee601ae,NUDT5_Finished_Paper_1.docx:word/document.xml,11ef96824597f47daa1e6152caea8dc87cb3ebd6d78fd41be3baad14d31cca35,P120,CURRENT@40b9b0708d888a015abe5043bb273c3c6ee601ae,    85  2.1.3Partition Coe cient and Lipophilic Ligand E ciency,PARTIALLY IMPLEMENTED,scripts/scripts/pipeline.py:compute_props:170-180;candidate_audit:520-587,"Seven RDKit descriptors and PAINS, not ADMET; no SA-score implementation, LLE/LE not pipeline-computed.",docx_blocks.json:P120; original-manuscript.txt matching paragraph marker where present,"Keep only audited calculations; historical reference graphs are mismatched, so potency-derived LLE/LE attribution cannot be retained without authenticated identities.","DESCRIBED ONLY for theoretical/citation claims means no executed-method evidence, not an assertion that source literature is false. No biological conclusions follow from software presence.",audit_provenance.json; commands_run.md,,48ac351437d5f6a337314961d50255f58a89a1d464e55fbdb70db9afcdefb54b,40b9b0708d888a015abe5043bb273c3c6ee601ae,5ee7257be5a09c9862c2ead2f98416e1e8d1b2fa875624ca009df5cb95934bbb,input_manifest.json; commands_run.md; coverage_integrity_report.json
HM-011,40b9b0708d888a015abe5043bb273c3c6ee601ae,NUDT5_Finished_Paper_1.docx:word/document.xml,11ef96824597f47daa1e6152caea8dc87cb3ebd6d78fd41be3baad14d31cca35,P123,ORIGINAL_RELEASE@8c2a1b6990df1e140e15ab5a0eabea69b70eee14,log P = log10,PARTIALLY IMPLEMENTED,scripts/scripts/pipeline.py:compute_props:86-101;main:291-316,"Seven RDKit descriptors and PAINS, not ADMET; no SA-score implementation, LLE/LE not pipeline-computed.",docx_blocks.json:P123; original-manuscript.txt matching paragraph marker where present,"Keep only audited calculations; historical reference graphs are mismatched, so potency-derived LLE/LE attribution cannot be retained without authenticated identities.","DESCRIBED ONLY for theoretical/citation claims means no executed-method evidence, not an assertion that source literature is false. No biological conclusions follow from software presence.",audit_provenance.json; commands_run.md,,48ac351437d5f6a337314961d50255f58a89a1d464e55fbdb70db9afcdefb54b,40b9b0708d888a015abe5043bb273c3c6ee601ae,5ee7257be5a09c9862c2ead2f98416e1e8d1b2fa875624ca009df5cb95934bbb,input_manifest.json; commands_run.md; coverage_integrity_report.json
HM-012,40b9b0708d888a015abe5043bb273c3c6ee601ae,NUDT5_Finished_Paper_1.docx:word/document.xml,11ef96824597f47daa1e6152caea8dc87cb3ebd6d78fd41be3baad14d31cca35,P123,CURRENT@40b9b0708d888a015abe5043bb273c3c6ee601ae,log P = log10,PARTIALLY IMPLEMENTED,scripts/scripts/pipeline.py:compute_props:170-180;candidate_audit:520-587,"Seven RDKit descriptors and PAINS, not ADMET; no SA-score implementation, LLE/LE not pipeline-computed.",docx_blocks.json:P123; original-manuscript.txt matching paragraph marker where present,"Keep only audited calculations; historical reference graphs are mismatched, so potency-derived LLE/LE attribution cannot be retained without authenticated identities.","DESCRIBED ONLY for theoretical/citation claims means no executed-method evidence, not an assertion that source literature is false. No biological conclusions follow from software presence.",audit_provenance.json; commands_run.md,,48ac351437d5f6a337314961d50255f58a89a1d464e55fbdb70db9afcdefb54b,40b9b0708d888a015abe5043bb273c3c6ee601ae,5ee7257be5a09c9862c2ead2f98416e1e8d1b2fa875624ca009df5cb95934bbb,input_manifest.json; commands_run.md; coverage_integrity_report.json
HM-013,40b9b0708d888a015abe5043bb273c3c6ee601ae,NUDT5_Finished_Paper_1.docx:word/document.xml,11ef96824597f47daa1e6152caea8dc87cb3ebd6d78fd41be3baad14d31cca35,P124,ORIGINAL_RELEASE@8c2a1b6990df1e140e15ab5a0eabea69b70eee14,[solute]oct [solute]aq,PARTIALLY IMPLEMENTED,scripts/scripts/pipeline.py:compute_props:86-101;main:291-316,"Seven RDKit descriptors and PAINS, not ADMET; no SA-score implementation, LLE/LE not pipeline-computed.",docx_blocks.json:P124; original-manuscript.txt matching paragraph marker where present,"Keep only audited calculations; historical reference graphs are mismatched, so potency-derived LLE/LE attribution cannot be retained without authenticated identities.","DESCRIBED ONLY for theoretical/citation claims means no executed-method evidence, not an assertion that source literature is false. No biological conclusions follow from software presence.",audit_provenance.json; commands_run.md,,48ac351437d5f6a337314961d50255f58a89a1d464e55fbdb70db9afcdefb54b,40b9b0708d888a015abe5043bb273c3c6ee601ae,5ee7257be5a09c9862c2ead2f98416e1e8d1b2fa875624ca009df5cb95934bbb,input_manifest.json; commands_run.md; coverage_integrity_report.json
HM-014,40b9b0708d888a015abe5043bb273c3c6ee601ae,NUDT5_Finished_Paper_1.docx:word/document.xml,11ef96824597f47daa1e6152caea8dc87cb3ebd6d78fd41be3baad14d31cca35,P124,CURRENT@40b9b0708d888a015abe5043bb273c3c6ee601ae,[solute]oct [solute]aq,PARTIALLY IMPLEMENTED,scripts/scripts/pipeline.py:compute_props:170-180;candidate_audit:520-587,"Seven RDKit descriptors and PAINS, not ADMET; no SA-score implementation, LLE/LE not pipeline-computed.",docx_blocks.json:P124; original-manuscript.txt matching paragraph marker where present,"Keep only audited calculations; historical reference graphs are mismatched, so potency-derived LLE/LE attribution cannot be retained without authenticated identities.","DESCRIBED ONLY for theoretical/citation claims means no executed-method evidence, not an assertion that source literature is false. No biological conclusions follow from software presence.",audit_provenance.json; commands_run.md,,48ac351437d5f6a337314961d50255f58a89a1d464e55fbdb70db9afcdefb54b,40b9b0708d888a015abe5043bb273c3c6ee601ae,5ee7257be5a09c9862c2ead2f98416e1e8d1b2fa875624ca009df5cb95934bbb,input_manifest.json; commands_run.md; coverage_integrity_report.json
HM-015,40b9b0708d888a015abe5043bb273c3c6ee601ae,NUDT5_Finished_Paper_1.docx:word/document.xml,11ef96824597f47daa1e6152caea8dc87cb3ebd6d78fd41be3baad14d31cca35,P126,ORIGINAL_RELEASE@8c2a1b6990df1e140e15ab5a0eabea69b70eee14,",cLogP =",PARTIALLY IMPLEMENTED,scripts/scripts/pipeline.py:compute_props:86-101;main:291-316,"Seven RDKit descriptors and PAINS, not ADMET; no SA-score implementation, LLE/LE not pipeline-computed.",docx_blocks.json:P126; original-manuscript.txt matching paragraph marker where present,"Keep only audited calculations; historical reference graphs are mismatched, so potency-derived LLE/LE attribution cannot be retained without authenticated identities.","DESCRIBED ONLY for theoretical/citation claims means no executed-method evidence, not an assertion that source literature is false. No biological conclusions follow from software presence.",audit_provenance.json; commands_run.md,,48ac351437d5f6a337314961d50255f58a89a1d464e55fbdb70db9afcdefb54b,40b9b0708d888a015abe5043bb273c3c6ee601ae,5ee7257be5a09c9862c2ead2f98416e1e8d1b2fa875624ca009df5cb95934bbb,input_manifest.json; commands_run.md; coverage_integrity_report.json
HM-016,40b9b0708d888a015abe5043bb273c3c6ee601ae,NUDT5_Finished_Paper_1.docx:word/document.xml,11ef96824597f47daa1e6152caea8dc87cb3ebd6d78fd41be3baad14d31cca35,P126,CURRENT@40b9b0708d888a015abe5043bb273c3c6ee601ae,",cLogP =",PARTIALLY IMPLEMENTED,scripts/scripts/pipeline.py:compute_props:170-180;candidate_audit:520-587,"Seven RDKit descriptors and PAINS, not ADMET; no SA-score implementation, LLE/LE not pipeline-computed.",docx_blocks.json:P126; original-manuscript.txt matching paragraph marker where present,"Keep only audited calculations; historical reference graphs are mismatched, so potency-derived LLE/LE attribution cannot be retained without authenticated identities.","DESCRIBED ONLY for theoretical/citation claims means no executed-method evidence, not an assertion that source literature is false. No biological conclusions follow from software presence.",audit_provenance.json; commands_run.md,,48ac351437d5f6a337314961d50255f58a89a1d464e55fbdb70db9afcdefb54b,40b9b0708d888a015abe5043bb273c3c6ee601ae,5ee7257be5a09c9862c2ead2f98416e1e8d1b2fa875624ca009df5cb95934bbb,input_manifest.json; commands_run.md; coverage_integrity_report.json
HM-017,40b9b0708d888a015abe5043bb273c3c6ee601ae,NUDT5_Finished_Paper_1.docx:word/document.xml,11ef96824597f47daa1e6152caea8dc87cb3ebd6d78fd41be3baad14d31cca35,P128,ORIGINAL_RELEASE@8c2a1b6990df1e140e15ab5a0eabea69b70eee14,Natoms,PARTIALLY IMPLEMENTED,scripts/scripts/pipeline.py:compute_props:86-101;main:291-316,"Seven RDKit descriptors and PAINS, not ADMET; no SA-score implementation, LLE/LE not pipeline-computed.",docx_blocks.json:P128; original-manuscript.txt matching paragraph marker where present,"Keep only audited calculations; historical reference graphs are mismatched, so potency-derived LLE/LE attribution cannot be retained without authenticated identities.","DESCRIBED ONLY for theoretical/citation claims means no executed-method evidence, not an assertion that source literature is false. No biological conclusions follow from software presence.",audit_provenance.json; commands_run.md,,48ac351437d5f6a337314961d50255f58a89a1d464e55fbdb70db9afcdefb54b,40b9b0708d888a015abe5043bb273c3c6ee601ae,5ee7257be5a09c9862c2ead2f98416e1e8d1b2fa875624ca009df5cb95934bbb,input_manifest.json; commands_run.md; coverage_integrity_report.json
HM-018,40b9b0708d888a015abe5043bb273c3c6ee601ae,NUDT5_Finished_Paper_1.docx:word/document.xml,11ef96824597f47daa1e6152caea8dc87cb3ebd6d78fd41be3baad14d31cca35,P128,CURRENT@40b9b0708d888a015abe5043bb273c3c6ee601ae,Natoms,PARTIALLY IMPLEMENTED,scripts/scripts/pipeline.py:compute_props:170-180;candidate_audit:520-587,"Seven RDKit descriptors and PAINS, not ADMET; no SA-score implementation, LLE/LE not pipeline-computed.",docx_blocks.json:P128; original-manuscript.txt matching paragraph marker where present,"Keep only audited calculations; historical reference graphs are mismatched, so potency-derived LLE/LE attribution cannot be retained without authenticated identities.","DESCRIBED ONLY for theoretical/citation claims means no executed-method evidence, not an assertion that source literature is false. No biological conclusions follow from software presence.",audit_provenance.json; commands_run.md,,48ac351437d5f6a337314961d50255f58a89a1d464e55fbdb70db9afcdefb54b,40b9b0708d888a015abe5043bb273c3c6ee601ae,5ee7257be5a09c9862c2ead2f98416e1e8d1b2fa875624ca009df5cb95934bbb,input_manifest.json; commands_run.md; coverage_integrity_report.json
HM-019,40b9b0708d888a015abe5043bb273c3c6ee601ae,NUDT5_Finished_Paper_1.docx:word/document.xml,11ef96824597f47daa1e6152caea8dc87cb3ebd6d78fd41be3baad14d31cca35,P131,ORIGINAL_RELEASE@8c2a1b6990df1e140e15ab5a0eabea69b70eee14,ΣΣk=1,PARTIALLY IMPLEMENTED,scripts/scripts/pipeline.py:compute_props:86-101;main:291-316,"Seven RDKit descriptors and PAINS, not ADMET; no SA-score implementation, LLE/LE not pipeline-computed.",docx_blocks.json:P131; original-manuscript.txt matching paragraph marker where present,"Keep only audited calculations; historical reference graphs are mismatched, so potency-derived LLE/LE attribution cannot be retained without authenticated identities.","DESCRIBED ONLY for theoretical/citation claims means no executed-method evidence, not an assertion that source literature is false. No biological conclusions follow from software presence.",audit_provenance.json; commands_run.md,,48ac351437d5f6a337314961d50255f58a89a1d464e55fbdb70db9afcdefb54b,40b9b0708d888a015abe5043bb273c3c6ee601ae,5ee7257be5a09c9862c2ead2f98416e1e8d1b2fa875624ca009df5cb95934bbb,input_manifest.json; commands_run.md; coverage_integrity_report.json
HM-020,40b9b0708d888a015abe5043bb273c3c6ee601ae,NUDT5_Finished_Paper_1.docx:word/document.xml,11ef96824597f47daa1e6152caea8dc87cb3ebd6d78fd41be3baad14d31cca35,P131,CURRENT@40b9b0708d888a015abe5043bb273c3c6ee601ae,ΣΣk=1,PARTIALLY IMPLEMENTED,scripts/scripts/pipeline.py:compute_props:170-180;candidate_audit:520-587,"Seven RDKit descriptors and PAINS, not ADMET; no SA-score implementation, LLE/LE not pipeline-computed.",docx_blocks.json:P131; original-manuscript.txt matching paragraph marker where present,"Keep only audited calculations; historical reference graphs are mismatched, so potency-derived LLE/LE attribution cannot be retained without authenticated identities.","DESCRIBED ONLY for theoretical/citation claims means no executed-method evidence, not an assertion that source literature is false. No biological conclusions follow from software presence.",audit_provenance.json; commands_run.md,,48ac351437d5f6a337314961d50255f58a89a1d464e55fbdb70db9afcdefb54b,40b9b0708d888a015abe5043bb273c3c6ee601ae,5ee7257be5a09c9862c2ead2f98416e1e8d1b2fa875624ca009df5cb95934bbb,input_manifest.json; commands_run.md; coverage_integrity_report.json
HM-021,40b9b0708d888a015abe5043bb273c3c6ee601ae,NUDT5_Finished_Paper_1.docx:word/document.xml,11ef96824597f47daa1e6152caea8dc87cb3ebd6d78fd41be3baad14d31cca35,P133,ORIGINAL_RELEASE@8c2a1b6990df1e140e15ab5a0eabea69b70eee14,π(ak,PARTIALLY IMPLEMENTED,scripts/scripts/pipeline.py:compute_props:86-101;main:291-316,"Seven RDKit descriptors and PAINS, not ADMET; no SA-score implementation, LLE/LE not pipeline-computed.",docx_blocks.json:P133; original-manuscript.txt matching paragraph marker where present,"Keep only audited calculations; historical reference graphs are mismatched, so potency-derived LLE/LE attribution cannot be retained without authenticated identities.","DESCRIBED ONLY for theoretical/citation claims means no executed-method evidence, not an assertion that source literature is false. No biological conclusions follow from software presence.",audit_provenance.json; commands_run.md,,48ac351437d5f6a337314961d50255f58a89a1d464e55fbdb70db9afcdefb54b,40b9b0708d888a015abe5043bb273c3c6ee601ae,5ee7257be5a09c9862c2ead2f98416e1e8d1b2fa875624ca009df5cb95934bbb,input_manifest.json; commands_run.md; coverage_integrity_report.json
HM-022,40b9b0708d888a015abe5043bb273c3c6ee601ae,NUDT5_Finished_Paper_1.docx:word/document.xml,11ef96824597f47daa1e6152caea8dc87cb3ebd6d78fd41be3baad14d31cca35,P133,CURRENT@40b9b0708d888a015abe5043bb273c3c6ee601ae,π(ak,PARTIALLY IMPLEMENTED,scripts/scripts/pipeline.py:compute_props:170-180;candidate_audit:520-587,"Seven RDKit descriptors and PAINS, not ADMET; no SA-score implementation, LLE/LE not pipeline-computed.",docx_blocks.json:P133; original-manuscript.txt matching paragraph marker where present,"Keep only audited calculations; historical reference graphs are mismatched, so potency-derived LLE/LE attribution cannot be retained without authenticated identities.","DESCRIBED ONLY for theoretical/citation claims means no executed-method evidence, not an assertion that source literature is false. No biological conclusions follow from software presence.",audit_provenance.json; commands_run.md,,48ac351437d5f6a337314961d50255f58a89a1d464e55fbdb70db9afcdefb54b,40b9b0708d888a015abe5043bb273c3c6ee601ae,5ee7257be5a09c9862c2ead2f98416e1e8d1b2fa875624ca009df5cb95934bbb,input_manifest.json; commands_run.md; coverage_integrity_report.json
HM-023,40b9b0708d888a015abe5043bb273c3c6ee601ae,NUDT5_Finished_Paper_1.docx:word/document.xml,11ef96824597f47daa1e6152caea8dc87cb3ebd6d78fd41be3baad14d31cca35,P135,ORIGINAL_RELEASE@8c2a1b6990df1e140e15ab5a0eabea69b70eee14,)(6),PARTIALLY IMPLEMENTED,scripts/scripts/pipeline.py:compute_props:86-101;main:291-316,"Seven RDKit descriptors and PAINS, not ADMET; no SA-score implementation, LLE/LE not pipeline-computed.",docx_blocks.json:P135; original-manuscript.txt matching paragraph marker where present,"Keep only audited calculations; historical reference graphs are mismatched, so potency-derived LLE/LE attribution cannot be retained without authenticated identities.","DESCRIBED ONLY for theoretical/citation claims means no executed-method evidence, not an assertion that source literature is false. No biological conclusions follow from software presence.",audit_provenance.json; commands_run.md,,48ac351437d5f6a337314961d50255f58a89a1d464e55fbdb70db9afcdefb54b,40b9b0708d888a015abe5043bb273c3c6ee601ae,5ee7257be5a09c9862c2ead2f98416e1e8d1b2fa875624ca009df5cb95934bbb,input_manifest.json; commands_run.md; coverage_integrity_report.json
HM-024,40b9b0708d888a015abe5043bb273c3c6ee601ae,NUDT5_Finished_Paper_1.docx:word/document.xml,11ef96824597f47daa1e6152caea8dc87cb3ebd6d78fd41be3baad14d31cca35,P135,CURRENT@40b9b0708d888a015abe5043bb273c3c6ee601ae,)(6),PARTIALLY IMPLEMENTED,scripts/scripts/pipeline.py:compute_props:170-180;candidate_audit:520-587,"Seven RDKit descriptors and PAINS, not ADMET; no SA-score implementation, LLE/LE not pipeline-computed.",docx_blocks.json:P135; original-manuscript.txt matching paragraph marker where present,"Keep only audited calculations; historical reference graphs are mismatched, so potency-derived LLE/LE attribution cannot be retained without authenticated identities.","DESCRIBED ONLY for theoretical/citation claims means no executed-method evidence, not an assertion that source literature is false. No biological conclusions follow from software presence.",audit_provenance.json; commands_run.md,,48ac351437d5f6a337314961d50255f58a89a1d464e55fbdb70db9afcdefb54b,40b9b0708d888a015abe5043bb273c3c6ee601ae,5ee7257be5a09c9862c2ead2f98416e1e8d1b2fa875624ca009df5cb95934bbb,input_manifest.json; commands_run.md; coverage_integrity_report.json
HM-025,40b9b0708d888a015abe5043bb273c3c6ee601ae,NUDT5_Finished_Paper_1.docx:word/document.xml,11ef96824597f47daa1e6152caea8dc87cb3ebd6d78fd41be3baad14d31cca35,P137,ORIGINAL_RELEASE@8c2a1b6990df1e140e15ab5a0eabea69b70eee14,"86Lipophilic ligand e ciency [18]: LLE = pIC50 − cLogP. For TH5427 (IC50 = 29 nM,",PARTIALLY IMPLEMENTED,scripts/scripts/pipeline.py:compute_props:86-101;main:291-316,"Seven RDKit descriptors and PAINS, not ADMET; no SA-score implementation, LLE/LE not pipeline-computed.",docx_blocks.json:P137; original-manuscript.txt matching paragraph marker where present,"Keep only audited calculations; historical reference graphs are mismatched, so potency-derived LLE/LE attribution cannot be retained without authenticated identities.","DESCRIBED ONLY for theoretical/citation claims means no executed-method evidence, not an assertion that source literature is false. No biological conclusions follow from software presence.",audit_provenance.json; commands_run.md,,48ac351437d5f6a337314961d50255f58a89a1d464e55fbdb70db9afcdefb54b,40b9b0708d888a015abe5043bb273c3c6ee601ae,5ee7257be5a09c9862c2ead2f98416e1e8d1b2fa875624ca009df5cb95934bbb,input_manifest.json; commands_run.md; coverage_integrity_report.json
HM-026,40b9b0708d888a015abe5043bb273c3c6ee601ae,NUDT5_Finished_Paper_1.docx:word/document.xml,11ef96824597f47daa1e6152caea8dc87cb3ebd6d78fd41be3baad14d31cca35,P137,CURRENT@40b9b0708d888a015abe5043bb273c3c6ee601ae,"86Lipophilic ligand e ciency [18]: LLE = pIC50 − cLogP. For TH5427 (IC50 = 29 nM,",PARTIALLY IMPLEMENTED,scripts/scripts/pipeline.py:compute_props:170-180;candidate_audit:520-587,"Seven RDKit descriptors and PAINS, not ADMET; no SA-score implementation, LLE/LE not pipeline-computed.",docx_blocks.json:P137; original-manuscript.txt matching paragraph marker where present,"Keep only audited calculations; historical reference graphs are mismatched, so potency-derived LLE/LE attribution cannot be retained without authenticated identities.","DESCRIBED ONLY for theoretical/citation claims means no executed-method evidence, not an assertion that source literature is false. No biological conclusions follow from software presence.",audit_provenance.json; commands_run.md,,48ac351437d5f6a337314961d50255f58a89a1d464e55fbdb70db9afcdefb54b,40b9b0708d888a015abe5043bb273c3c6ee601ae,5ee7257be5a09c9862c2ead2f98416e1e8d1b2fa875624ca009df5cb95934bbb,input_manifest.json; commands_run.md; coverage_integrity_report.json
HM-027,40b9b0708d888a015abe5043bb273c3c6ee601ae,NUDT5_Finished_Paper_1.docx:word/document.xml,11ef96824597f47daa1e6152caea8dc87cb3ebd6d78fd41be3baad14d31cca35,P138,ORIGINAL_RELEASE@8c2a1b6990df1e140e15ab5a0eabea69b70eee14,87  cLogP = 1.24): LLE = 7.54 − 1.24 = 6.30.,PARTIALLY IMPLEMENTED,scripts/scripts/pipeline.py:compute_props:86-101;main:291-316,"Seven RDKit descriptors and PAINS, not ADMET; no SA-score implementation, LLE/LE not pipeline-computed.",docx_blocks.json:P138; original-manuscript.txt matching paragraph marker where present,"Keep only audited calculations; historical reference graphs are mismatched, so potency-derived LLE/LE attribution cannot be retained without authenticated identities.","DESCRIBED ONLY for theoretical/citation claims means no executed-method evidence, not an assertion that source literature is false. No biological conclusions follow from software presence.",audit_provenance.json; commands_run.md,,48ac351437d5f6a337314961d50255f58a89a1d464e55fbdb70db9afcdefb54b,40b9b0708d888a015abe5043bb273c3c6ee601ae,5ee7257be5a09c9862c2ead2f98416e1e8d1b2fa875624ca009df5cb95934bbb,input_manifest.json; commands_run.md; coverage_integrity_report.json
HM-028,40b9b0708d888a015abe5043bb273c3c6ee601ae,NUDT5_Finished_Paper_1.docx:word/document.xml,11ef96824597f47daa1e6152caea8dc87cb3ebd6d78fd41be3baad14d31cca35,P138,CURRENT@40b9b0708d888a015abe5043bb273c3c6ee601ae,87  cLogP = 1.24): LLE = 7.54 − 1.24 = 6.30.,PARTIALLY IMPLEMENTED,scripts/scripts/pipeline.py:compute_props:170-180;candidate_audit:520-587,"Seven RDKit descriptors and PAINS, not ADMET; no SA-score implementation, LLE/LE not pipeline-computed.",docx_blocks.json:P138; original-manuscript.txt matching paragraph marker where present,"Keep only audited calculations; historical reference graphs are mismatched, so potency-derived LLE/LE attribution cannot be retained without authenticated identities.","DESCRIBED ONLY for theoretical/citation claims means no executed-method evidence, not an assertion that source literature is false. No biological conclusions follow from software presence.",audit_provenance.json; commands_run.md,,48ac351437d5f6a337314961d50255f58a89a1d464e55fbdb70db9afcdefb54b,40b9b0708d888a015abe5043bb273c3c6ee601ae,5ee7257be5a09c9862c2ead2f98416e1e8d1b2fa875624ca009df5cb95934bbb,input_manifest.json; commands_run.md; coverage_integrity_report.json
HM-029,40b9b0708d888a015abe5043bb273c3c6ee601ae,NUDT5_Finished_Paper_1.docx:word/document.xml,11ef96824597f47daa1e6152caea8dc87cb3ebd6d78fd41be3baad14d31cca35,P141,ORIGINAL_RELEASE@8c2a1b6990df1e140e15ab5a0eabea69b70eee14,89  LE = −∆Gbind/NHA ≈ 1.37 · pIC50/NHA [19]. For TH5427 (NHA = 32): LE = (1.37 ×,PARTIALLY IMPLEMENTED,scripts/scripts/pipeline.py:compute_props:86-101;main:291-316,"Seven RDKit descriptors and PAINS, not ADMET; no SA-score implementation, LLE/LE not pipeline-computed.",docx_blocks.json:P141; original-manuscript.txt matching paragraph marker where present,"Keep only audited calculations; historical reference graphs are mismatched, so potency-derived LLE/LE attribution cannot be retained without authenticated identities.","DESCRIBED ONLY for theoretical/citation claims means no executed-method evidence, not an assertion that source literature is false. No biological conclusions follow from software presence.",audit_provenance.json; commands_run.md,,48ac351437d5f6a337314961d50255f58a89a1d464e55fbdb70db9afcdefb54b,40b9b0708d888a015abe5043bb273c3c6ee601ae,5ee7257be5a09c9862c2ead2f98416e1e8d1b2fa875624ca009df5cb95934bbb,input_manifest.json; commands_run.md; coverage_integrity_report.json
HM-030,40b9b0708d888a015abe5043bb273c3c6ee601ae,NUDT5_Finished_Paper_1.docx:word/document.xml,11ef96824597f47daa1e6152caea8dc87cb3ebd6d78fd41be3baad14d31cca35,P141,CURRENT@40b9b0708d888a015abe5043bb273c3c6ee601ae,89  LE = −∆Gbind/NHA ≈ 1.37 · pIC50/NHA [19]. For TH5427 (NHA = 32): LE = (1.37 ×,PARTIALLY IMPLEMENTED,scripts/scripts/pipeline.py:compute_props:170-180;candidate_audit:520-587,"Seven RDKit descriptors and PAINS, not ADMET; no SA-score implementation, LLE/LE not pipeline-computed.",docx_blocks.json:P141; original-manuscript.txt matching paragraph marker where present,"Keep only audited calculations; historical reference graphs are mismatched, so potency-derived LLE/LE attribution cannot be retained without authenticated identities.","DESCRIBED ONLY for theoretical/citation claims means no executed-method evidence, not an assertion that source literature is false. No biological conclusions follow from software presence.",audit_provenance.json; commands_run.md,,48ac351437d5f6a337314961d50255f58a89a1d464e55fbdb70db9afcdefb54b,40b9b0708d888a015abe5043bb273c3c6ee601ae,5ee7257be5a09c9862c2ead2f98416e1e8d1b2fa875624ca009df5cb95934bbb,input_manifest.json; commands_run.md; coverage_integrity_report.json
HM-031,40b9b0708d888a015abe5043bb273c3c6ee601ae,NUDT5_Finished_Paper_1.docx:word/document.xml,11ef96824597f47daa1e6152caea8dc87cb3ebd6d78fd41be3baad14d31cca35,P142,ORIGINAL_RELEASE@8c2a1b6990df1e140e15ab5a0eabea69b70eee14,90  7.54)/32 = 0.32.,PARTIALLY IMPLEMENTED,scripts/scripts/pipeline.py:compute_props:86-101;main:291-316,"Seven RDKit descriptors and PAINS, not ADMET; no SA-score implementation, LLE/LE not pipeline-computed.",docx_blocks.json:P142; original-manuscript.txt matching paragraph marker where present,"Keep only audited calculations; historical reference graphs are mismatched, so potency-derived LLE/LE attribution cannot be retained without authenticated identities.","DESCRIBED ONLY for theoretical/citation claims means no executed-method evidence, not an assertion that source literature is false. No biological conclusions follow from software presence.",audit_provenance.json; commands_run.md,,48ac351437d5f6a337314961d50255f58a89a1d464e55fbdb70db9afcdefb54b,40b9b0708d888a015abe5043bb273c3c6ee601ae,5ee7257be5a09c9862c2ead2f98416e1e8d1b2fa875624ca009df5cb95934bbb,input_manifest.json; commands_run.md; coverage_integrity_report.json
HM-032,40b9b0708d888a015abe5043bb273c3c6ee601ae,NUDT5_Finished_Paper_1.docx:word/document.xml,11ef96824597f47daa1e6152caea8dc87cb3ebd6d78fd41be3baad14d31cca35,P142,CURRENT@40b9b0708d888a015abe5043bb273c3c6ee601ae,90  7.54)/32 = 0.32.,PARTIALLY IMPLEMENTED,scripts/scripts/pipeline.py:compute_props:170-180;candidate_audit:520-587,"Seven RDKit descriptors and PAINS, not ADMET; no SA-score implementation, LLE/LE not pipeline-computed.",docx_blocks.json:P142; original-manuscript.txt matching paragraph marker where present,"Keep only audited calculations; historical reference graphs are mismatched, so potency-derived LLE/LE attribution cannot be retained without authenticated identities.","DESCRIBED ONLY for theoretical/citation claims means no executed-method evidence, not an assertion that source literature is false. No biological conclusions follow from software presence.",audit_provenance.json; commands_run.md,,48ac351437d5f6a337314961d50255f58a89a1d464e55fbdb70db9afcdefb54b,40b9b0708d888a015abe5043bb273c3c6ee601ae,5ee7257be5a09c9862c2ead2f98416e1e8d1b2fa875624ca009df5cb95934bbb,input_manifest.json; commands_run.md; coverage_integrity_report.json
HM-033,40b9b0708d888a015abe5043bb273c3c6ee601ae,NUDT5_Finished_Paper_1.docx:word/document.xml,11ef96824597f47daa1e6152caea8dc87cb3ebd6d78fd41be3baad14d31cca35,P145,ORIGINAL_RELEASE@8c2a1b6990df1e140e15ab5a0eabea69b70eee14,92  Fsp3 = Nsp3-C/Ntotal-C [21]. SA Score [22] estimates synthetic feasibility on a 1 10 scale.,PARTIALLY IMPLEMENTED,scripts/scripts/pipeline.py:compute_props:86-101;main:291-316,"Seven RDKit descriptors and PAINS, not ADMET; no SA-score implementation, LLE/LE not pipeline-computed.",docx_blocks.json:P145; original-manuscript.txt matching paragraph marker where present,"Keep only audited calculations; historical reference graphs are mismatched, so potency-derived LLE/LE attribution cannot be retained without authenticated identities.","DESCRIBED ONLY for theoretical/citation claims means no executed-method evidence, not an assertion that source literature is false. No biological conclusions follow from software presence.",audit_provenance.json; commands_run.md,,48ac351437d5f6a337314961d50255f58a89a1d464e55fbdb70db9afcdefb54b,40b9b0708d888a015abe5043bb273c3c6ee601ae,5ee7257be5a09c9862c2ead2f98416e1e8d1b2fa875624ca009df5cb95934bbb,input_manifest.json; commands_run.md; coverage_integrity_report.json
HM-034,40b9b0708d888a015abe5043bb273c3c6ee601ae,NUDT5_Finished_Paper_1.docx:word/document.xml,11ef96824597f47daa1e6152caea8dc87cb3ebd6d78fd41be3baad14d31cca35,P145,CURRENT@40b9b0708d888a015abe5043bb273c3c6ee601ae,92  Fsp3 = Nsp3-C/Ntotal-C [21]. SA Score [22] estimates synthetic feasibility on a 1 10 scale.,PARTIALLY IMPLEMENTED,scripts/scripts/pipeline.py:compute_props:170-180;candidate_audit:520-587,"Seven RDKit descriptors and PAINS, not ADMET; no SA-score implementation, LLE/LE not pipeline-computed.",docx_blocks.json:P145; original-manuscript.txt matching paragraph marker where present,"Keep only audited calculations; historical reference graphs are mismatched, so potency-derived LLE/LE attribution cannot be retained without authenticated identities.","DESCRIBED ONLY for theoretical/citation claims means no executed-method evidence, not an assertion that source literature is false. No biological conclusions follow from software presence.",audit_provenance.json; commands_run.md,,48ac351437d5f6a337314961d50255f58a89a1d464e55fbdb70db9afcdefb54b,40b9b0708d888a015abe5043bb273c3c6ee601ae,5ee7257be5a09c9862c2ead2f98416e1e8d1b2fa875624ca009df5cb95934bbb,input_manifest.json; commands_run.md; coverage_integrity_report.json
HM-035,40b9b0708d888a015abe5043bb273c3c6ee601ae,NUDT5_Finished_Paper_1.docx:word/document.xml,11ef96824597f47daa1e6152caea8dc87cb3ebd6d78fd41be3baad14d31cca35,P149,ORIGINAL_RELEASE@8c2a1b6990df1e140e15ab5a0eabea69b70eee14,"iiii9595Iterative neighborhood aggregation [23].Initialization:  h(0) = hash(Zi, di, qi, nH,i, ring ).",PARTIALLY IMPLEMENTED,scripts/scripts/pipeline.py:smiles_to_fp:71-84;main:185-193,Morgan radius2/2048bit and Tanimoto present; theoretical null expectation ~.02 not derived/validated in source.,docx_blocks.json:P149; original-manuscript.txt matching paragraph marker where present,Retain fingerprint/Tanimoto definition only; raw DOCX equation fragments require visual checking before any transcription.,"DESCRIBED ONLY for theoretical/citation claims means no executed-method evidence, not an assertion that source literature is false. No biological conclusions follow from software presence.",audit_provenance.json; commands_run.md,,48ac351437d5f6a337314961d50255f58a89a1d464e55fbdb70db9afcdefb54b,40b9b0708d888a015abe5043bb273c3c6ee601ae,5ee7257be5a09c9862c2ead2f98416e1e8d1b2fa875624ca009df5cb95934bbb,input_manifest.json; commands_run.md; coverage_integrity_report.json
HM-036,40b9b0708d888a015abe5043bb273c3c6ee601ae,NUDT5_Finished_Paper_1.docx:word/document.xml,11ef96824597f47daa1e6152caea8dc87cb3ebd6d78fd41be3baad14d31cca35,P149,CURRENT@40b9b0708d888a015abe5043bb273c3c6ee601ae,"iiii9595Iterative neighborhood aggregation [23].Initialization:  h(0) = hash(Zi, di, qi, nH,i, ring ).",PARTIALLY IMPLEMENTED,scripts/scripts/pipeline.py:smiles_to_bitvect:157-167;fit_scores:410-445,Morgan radius2/2048bit and Tanimoto present; theoretical null expectation ~.02 not derived/validated in source.,docx_blocks.json:P149; original-manuscript.txt matching paragraph marker where present,Retain fingerprint/Tanimoto definition only; raw DOCX equation fragments require visual checking before any transcription.,"DESCRIBED ONLY for theoretical/citation claims means no executed-method evidence, not an assertion that source literature is false. No biological conclusions follow from software presence.",audit_provenance.json; commands_run.md,,48ac351437d5f6a337314961d50255f58a89a1d464e55fbdb70db9afcdefb54b,40b9b0708d888a015abe5043bb273c3c6ee601ae,5ee7257be5a09c9862c2ead2f98416e1e8d1b2fa875624ca009df5cb95934bbb,input_manifest.json; commands_run.md; coverage_integrity_report.json
HM-037,40b9b0708d888a015abe5043bb273c3c6ee601ae,NUDT5_Finished_Paper_1.docx:word/document.xml,11ef96824597f47daa1e6152caea8dc87cb3ebd6d78fd41be3baad14d31cca35,P151,ORIGINAL_RELEASE@8c2a1b6990df1e140e15ab5a0eabea69b70eee14,(t),PARTIALLY IMPLEMENTED,scripts/scripts/pipeline.py:smiles_to_fp:71-84;main:185-193,Morgan radius2/2048bit and Tanimoto present; theoretical null expectation ~.02 not derived/validated in source.,docx_blocks.json:P151; original-manuscript.txt matching paragraph marker where present,Retain fingerprint/Tanimoto definition only; raw DOCX equation fragments require visual checking before any transcription.,"DESCRIBED ONLY for theoretical/citation claims means no executed-method evidence, not an assertion that source literature is false. No biological conclusions follow from software presence.",audit_provenance.json; commands_run.md,,48ac351437d5f6a337314961d50255f58a89a1d464e55fbdb70db9afcdefb54b,40b9b0708d888a015abe5043bb273c3c6ee601ae,5ee7257be5a09c9862c2ead2f98416e1e8d1b2fa875624ca009df5cb95934bbb,input_manifest.json; commands_run.md; coverage_integrity_report.json
HM-038,40b9b0708d888a015abe5043bb273c3c6ee601ae,NUDT5_Finished_Paper_1.docx:word/document.xml,11ef96824597f47daa1e6152caea8dc87cb3ebd6d78fd41be3baad14d31cca35,P151,CURRENT@40b9b0708d888a015abe5043bb273c3c6ee601ae,(t),PARTIALLY IMPLEMENTED,scripts/scripts/pipeline.py:smiles_to_bitvect:157-167;fit_scores:410-445,Morgan radius2/2048bit and Tanimoto present; theoretical null expectation ~.02 not derived/validated in source.,docx_blocks.json:P151; original-manuscript.txt matching paragraph marker where present,Retain fingerprint/Tanimoto definition only; raw DOCX equation fragments require visual checking before any transcription.,"DESCRIBED ONLY for theoretical/citation claims means no executed-method evidence, not an assertion that source literature is false. No biological conclusions follow from software presence.",audit_provenance.json; commands_run.md,,48ac351437d5f6a337314961d50255f58a89a1d464e55fbdb70db9afcdefb54b,40b9b0708d888a015abe5043bb273c3c6ee601ae,5ee7257be5a09c9862c2ead2f98416e1e8d1b2fa875624ca009df5cb95934bbb,input_manifest.json; commands_run.md; coverage_integrity_report.json
HM-039,40b9b0708d888a015abe5043bb273c3c6ee601ae,NUDT5_Finished_Paper_1.docx:word/document.xml,11ef96824597f47daa1e6152caea8dc87cb3ebd6d78fd41be3baad14d31cca35,P152,ORIGINAL_RELEASE@8c2a1b6990df1e140e15ab5a0eabea69b70eee14,(t−1),PARTIALLY IMPLEMENTED,scripts/scripts/pipeline.py:smiles_to_fp:71-84;main:185-193,Morgan radius2/2048bit and Tanimoto present; theoretical null expectation ~.02 not derived/validated in source.,docx_blocks.json:P152; original-manuscript.txt matching paragraph marker where present,Retain fingerprint/Tanimoto definition only; raw DOCX equation fragments require visual checking before any transcription.,"DESCRIBED ONLY for theoretical/citation claims means no executed-method evidence, not an assertion that source literature is false. No biological conclusions follow from software presence.",audit_provenance.json; commands_run.md,,48ac351437d5f6a337314961d50255f58a89a1d464e55fbdb70db9afcdefb54b,40b9b0708d888a015abe5043bb273c3c6ee601ae,5ee7257be5a09c9862c2ead2f98416e1e8d1b2fa875624ca009df5cb95934bbb,input_manifest.json; commands_run.md; coverage_integrity_report.json
HM-040,40b9b0708d888a015abe5043bb273c3c6ee601ae,NUDT5_Finished_Paper_1.docx:word/document.xml,11ef96824597f47daa1e6152caea8dc87cb3ebd6d78fd41be3baad14d31cca35,P152,CURRENT@40b9b0708d888a015abe5043bb273c3c6ee601ae,(t−1),PARTIALLY IMPLEMENTED,scripts/scripts/pipeline.py:smiles_to_bitvect:157-167;fit_scores:410-445,Morgan radius2/2048bit and Tanimoto present; theoretical null expectation ~.02 not derived/validated in source.,docx_blocks.json:P152; original-manuscript.txt matching paragraph marker where present,Retain fingerprint/Tanimoto definition only; raw DOCX equation fragments require visual checking before any transcription.,"DESCRIBED ONLY for theoretical/citation claims means no executed-method evidence, not an assertion that source literature is false. No biological conclusions follow from software presence.",audit_provenance.json; commands_run.md,,48ac351437d5f6a337314961d50255f58a89a1d464e55fbdb70db9afcdefb54b,40b9b0708d888a015abe5043bb273c3c6ee601ae,5ee7257be5a09c9862c2ead2f98416e1e8d1b2fa875624ca009df5cb95934bbb,input_manifest.json; commands_run.md; coverage_integrity_report.json
HM-041,40b9b0708d888a015abe5043bb273c3c6ee601ae,NUDT5_Finished_Paper_1.docx:word/document.xml,11ef96824597f47daa1e6152caea8dc87cb3ebd6d78fd41be3baad14d31cca35,P153,ORIGINAL_RELEASE@8c2a1b6990df1e140e15ab5a0eabea69b70eee14,(t−1),PARTIALLY IMPLEMENTED,scripts/scripts/pipeline.py:smiles_to_fp:71-84;main:185-193,Morgan radius2/2048bit and Tanimoto present; theoretical null expectation ~.02 not derived/validated in source.,docx_blocks.json:P153; original-manuscript.txt matching paragraph marker where present,Retain fingerprint/Tanimoto definition only; raw DOCX equation fragments require visual checking before any transcription.,"DESCRIBED ONLY for theoretical/citation claims means no executed-method evidence, not an assertion that source literature is false. No biological conclusions follow from software presence.",audit_provenance.json; commands_run.md,,48ac351437d5f6a337314961d50255f58a89a1d464e55fbdb70db9afcdefb54b,40b9b0708d888a015abe5043bb273c3c6ee601ae,5ee7257be5a09c9862c2ead2f98416e1e8d1b2fa875624ca009df5cb95934bbb,input_manifest.json; commands_run.md; coverage_integrity_report.json
HM-042,40b9b0708d888a015abe5043bb273c3c6ee601ae,NUDT5_Finished_Paper_1.docx:word/document.xml,11ef96824597f47daa1e6152caea8dc87cb3ebd6d78fd41be3baad14d31cca35,P153,CURRENT@40b9b0708d888a015abe5043bb273c3c6ee601ae,(t−1),PARTIALLY IMPLEMENTED,scripts/scripts/pipeline.py:smiles_to_bitvect:157-167;fit_scores:410-445,Morgan radius2/2048bit and Tanimoto present; theoretical null expectation ~.02 not derived/validated in source.,docx_blocks.json:P153; original-manuscript.txt matching paragraph marker where present,Retain fingerprint/Tanimoto definition only; raw DOCX equation fragments require visual checking before any transcription.,"DESCRIBED ONLY for theoretical/citation claims means no executed-method evidence, not an assertion that source literature is false. No biological conclusions follow from software presence.",audit_provenance.json; commands_run.md,,48ac351437d5f6a337314961d50255f58a89a1d464e55fbdb70db9afcdefb54b,40b9b0708d888a015abe5043bb273c3c6ee601ae,5ee7257be5a09c9862c2ead2f98416e1e8d1b2fa875624ca009df5cb95934bbb,input_manifest.json; commands_run.md; coverage_integrity_report.json
HM-043,40b9b0708d888a015abe5043bb273c3c6ee601ae,NUDT5_Finished_Paper_1.docx:word/document.xml,11ef96824597f47daa1e6152caea8dc87cb3ebd6d78fd41be3baad14d31cca35,P155,ORIGINAL_RELEASE@8c2a1b6990df1e140e15ab5a0eabea69b70eee14,"96  Update: hi= hash(hi, {(bij, hj)}j∈N(i)). Folded to 2048-bit vector. ECFP4 (radius",PARTIALLY IMPLEMENTED,scripts/scripts/pipeline.py:smiles_to_fp:71-84;main:185-193,Morgan radius2/2048bit and Tanimoto present; theoretical null expectation ~.02 not derived/validated in source.,docx_blocks.json:P155; original-manuscript.txt matching paragraph marker where present,Retain fingerprint/Tanimoto definition only; raw DOCX equation fragments require visual checking before any transcription.,"DESCRIBED ONLY for theoretical/citation claims means no executed-method evidence, not an assertion that source literature is false. No biological conclusions follow from software presence.",audit_provenance.json; commands_run.md,,48ac351437d5f6a337314961d50255f58a89a1d464e55fbdb70db9afcdefb54b,40b9b0708d888a015abe5043bb273c3c6ee601ae,5ee7257be5a09c9862c2ead2f98416e1e8d1b2fa875624ca009df5cb95934bbb,input_manifest.json; commands_run.md; coverage_integrity_report.json
HM-044,40b9b0708d888a015abe5043bb273c3c6ee601ae,NUDT5_Finished_Paper_1.docx:word/document.xml,11ef96824597f47daa1e6152caea8dc87cb3ebd6d78fd41be3baad14d31cca35,P155,CURRENT@40b9b0708d888a015abe5043bb273c3c6ee601ae,"96  Update: hi= hash(hi, {(bij, hj)}j∈N(i)). Folded to 2048-bit vector. ECFP4 (radius",PARTIALLY IMPLEMENTED,scripts/scripts/pipeline.py:smiles_to_bitvect:157-167;fit_scores:410-445,Morgan radius2/2048bit and Tanimoto present; theoretical null expectation ~.02 not derived/validated in source.,docx_blocks.json:P155; original-manuscript.txt matching paragraph marker where present,Retain fingerprint/Tanimoto definition only; raw DOCX equation fragments require visual checking before any transcription.,"DESCRIBED ONLY for theoretical/citation claims means no executed-method evidence, not an assertion that source literature is false. No biological conclusions follow from software presence.",audit_provenance.json; commands_run.md,,48ac351437d5f6a337314961d50255f58a89a1d464e55fbdb70db9afcdefb54b,40b9b0708d888a015abe5043bb273c3c6ee601ae,5ee7257be5a09c9862c2ead2f98416e1e8d1b2fa875624ca009df5cb95934bbb,input_manifest.json; commands_run.md; coverage_integrity_report.json
HM-045,40b9b0708d888a015abe5043bb273c3c6ee601ae,NUDT5_Finished_Paper_1.docx:word/document.xml,11ef96824597f47daa1e6152caea8dc87cb3ebd6d78fd41be3baad14d31cca35,P156,ORIGINAL_RELEASE@8c2a1b6990df1e140e15ab5a0eabea69b70eee14,97  2) used throughout.,PARTIALLY IMPLEMENTED,scripts/scripts/pipeline.py:smiles_to_fp:71-84;main:185-193,Morgan radius2/2048bit and Tanimoto present; theoretical null expectation ~.02 not derived/validated in source.,docx_blocks.json:P156; original-manuscript.txt matching paragraph marker where present,Retain fingerprint/Tanimoto definition only; raw DOCX equation fragments require visual checking before any transcription.,"DESCRIBED ONLY for theoretical/citation claims means no executed-method evidence, not an assertion that source literature is false. No biological conclusions follow from software presence.",audit_provenance.json; commands_run.md,,48ac351437d5f6a337314961d50255f58a89a1d464e55fbdb70db9afcdefb54b,40b9b0708d888a015abe5043bb273c3c6ee601ae,5ee7257be5a09c9862c2ead2f98416e1e8d1b2fa875624ca009df5cb95934bbb,input_manifest.json; commands_run.md; coverage_integrity_report.json
HM-046,40b9b0708d888a015abe5043bb273c3c6ee601ae,NUDT5_Finished_Paper_1.docx:word/document.xml,11ef96824597f47daa1e6152caea8dc87cb3ebd6d78fd41be3baad14d31cca35,P156,CURRENT@40b9b0708d888a015abe5043bb273c3c6ee601ae,97  2) used throughout.,PARTIALLY IMPLEMENTED,scripts/scripts/pipeline.py:smiles_to_bitvect:157-167;fit_scores:410-445,Morgan radius2/2048bit and Tanimoto present; theoretical null expectation ~.02 not derived/validated in source.,docx_blocks.json:P156; original-manuscript.txt matching paragraph marker where present,Retain fingerprint/Tanimoto definition only; raw DOCX equation fragments require visual checking before any transcription.,"DESCRIBED ONLY for theoretical/citation claims means no executed-method evidence, not an assertion that source literature is false. No biological conclusions follow from software presence.",audit_provenance.json; commands_run.md,,48ac351437d5f6a337314961d50255f58a89a1d464e55fbdb70db9afcdefb54b,40b9b0708d888a015abe5043bb273c3c6ee601ae,5ee7257be5a09c9862c2ead2f98416e1e8d1b2fa875624ca009df5cb95934bbb,input_manifest.json; commands_run.md; coverage_integrity_report.json
HM-047,40b9b0708d888a015abe5043bb273c3c6ee601ae,NUDT5_Finished_Paper_1.docx:word/document.xml,11ef96824597f47daa1e6152caea8dc87cb3ebd6d78fd41be3baad14d31cca35,P160,ORIGINAL_RELEASE@8c2a1b6990df1e140e15ab5a0eabea69b70eee14,c,PARTIALLY IMPLEMENTED,scripts/scripts/pipeline.py:smiles_to_fp:71-84;main:185-193,Morgan radius2/2048bit and Tanimoto present; theoretical null expectation ~.02 not derived/validated in source.,docx_blocks.json:P160; original-manuscript.txt matching paragraph marker where present,Retain fingerprint/Tanimoto definition only; raw DOCX equation fragments require visual checking before any transcription.,"DESCRIBED ONLY for theoretical/citation claims means no executed-method evidence, not an assertion that source literature is false. No biological conclusions follow from software presence.",audit_provenance.json; commands_run.md,,48ac351437d5f6a337314961d50255f58a89a1d464e55fbdb70db9afcdefb54b,40b9b0708d888a015abe5043bb273c3c6ee601ae,5ee7257be5a09c9862c2ead2f98416e1e8d1b2fa875624ca009df5cb95934bbb,input_manifest.json; commands_run.md; coverage_integrity_report.json
HM-048,40b9b0708d888a015abe5043bb273c3c6ee601ae,NUDT5_Finished_Paper_1.docx:word/document.xml,11ef96824597f47daa1e6152caea8dc87cb3ebd6d78fd41be3baad14d31cca35,P160,CURRENT@40b9b0708d888a015abe5043bb273c3c6ee601ae,c,PARTIALLY IMPLEMENTED,scripts/scripts/pipeline.py:smiles_to_bitvect:157-167;fit_scores:410-445,Morgan radius2/2048bit and Tanimoto present; theoretical null expectation ~.02 not derived/validated in source.,docx_blocks.json:P160; original-manuscript.txt matching paragraph marker where present,Retain fingerprint/Tanimoto definition only; raw DOCX equation fragments require visual checking before any transcription.,"DESCRIBED ONLY for theoretical/citation claims means no executed-method evidence, not an assertion that source literature is false. No biological conclusions follow from software presence.",audit_provenance.json; commands_run.md,,48ac351437d5f6a337314961d50255f58a89a1d464e55fbdb70db9afcdefb54b,40b9b0708d888a015abe5043bb273c3c6ee601ae,5ee7257be5a09c9862c2ead2f98416e1e8d1b2fa875624ca009df5cb95934bbb,input_manifest.json; commands_run.md; coverage_integrity_report.json
HM-049,40b9b0708d888a015abe5043bb273c3c6ee601ae,NUDT5_Finished_Paper_1.docx:word/document.xml,11ef96824597f47daa1e6152caea8dc87cb3ebd6d78fd41be3baad14d31cca35,P161,ORIGINAL_RELEASE@8c2a1b6990df1e140e15ab5a0eabea69b70eee14,"T (A, B) =",PARTIALLY IMPLEMENTED,scripts/scripts/pipeline.py:smiles_to_fp:71-84;main:185-193,Morgan radius2/2048bit and Tanimoto present; theoretical null expectation ~.02 not derived/validated in source.,docx_blocks.json:P161; original-manuscript.txt matching paragraph marker where present,Retain fingerprint/Tanimoto definition only; raw DOCX equation fragments require visual checking before any transcription.,"DESCRIBED ONLY for theoretical/citation claims means no executed-method evidence, not an assertion that source literature is false. No biological conclusions follow from software presence.",audit_provenance.json; commands_run.md,,48ac351437d5f6a337314961d50255f58a89a1d464e55fbdb70db9afcdefb54b,40b9b0708d888a015abe5043bb273c3c6ee601ae,5ee7257be5a09c9862c2ead2f98416e1e8d1b2fa875624ca009df5cb95934bbb,input_manifest.json; commands_run.md; coverage_integrity_report.json
HM-050,40b9b0708d888a015abe5043bb273c3c6ee601ae,NUDT5_Finished_Paper_1.docx:word/document.xml,11ef96824597f47daa1e6152caea8dc87cb3ebd6d78fd41be3baad14d31cca35,P161,CURRENT@40b9b0708d888a015abe5043bb273c3c6ee601ae,"T (A, B) =",PARTIALLY IMPLEMENTED,scripts/scripts/pipeline.py:smiles_to_bitvect:157-167;fit_scores:410-445,Morgan radius2/2048bit and Tanimoto present; theoretical null expectation ~.02 not derived/validated in source.,docx_blocks.json:P161; original-manuscript.txt matching paragraph marker where present,Retain fingerprint/Tanimoto definition only; raw DOCX equation fragments require visual checking before any transcription.,"DESCRIBED ONLY for theoretical/citation claims means no executed-method evidence, not an assertion that source literature is false. No biological conclusions follow from software presence.",audit_provenance.json; commands_run.md,,48ac351437d5f6a337314961d50255f58a89a1d464e55fbdb70db9afcdefb54b,40b9b0708d888a015abe5043bb273c3c6ee601ae,5ee7257be5a09c9862c2ead2f98416e1e8d1b2fa875624ca009df5cb95934bbb,input_manifest.json; commands_run.md; coverage_integrity_report.json
HM-051,40b9b0708d888a015abe5043bb273c3c6ee601ae,NUDT5_Finished_Paper_1.docx:word/document.xml,11ef96824597f47daa1e6152caea8dc87cb3ebd6d78fd41be3baad14d31cca35,P163,ORIGINAL_RELEASE@8c2a1b6990df1e140e15ab5a0eabea69b70eee14,a¯,PARTIALLY IMPLEMENTED,scripts/scripts/pipeline.py:smiles_to_fp:71-84;main:185-193,Morgan radius2/2048bit and Tanimoto present; theoretical null expectation ~.02 not derived/validated in source.,docx_blocks.json:P163; original-manuscript.txt matching paragraph marker where present,Retain fingerprint/Tanimoto definition only; raw DOCX equation fragments require visual checking before any transcription.,"DESCRIBED ONLY for theoretical/citation claims means no executed-method evidence, not an assertion that source literature is false. No biological conclusions follow from software presence.",audit_provenance.json; commands_run.md,,48ac351437d5f6a337314961d50255f58a89a1d464e55fbdb70db9afcdefb54b,40b9b0708d888a015abe5043bb273c3c6ee601ae,5ee7257be5a09c9862c2ead2f98416e1e8d1b2fa875624ca009df5cb95934bbb,input_manifest.json; commands_run.md; coverage_integrity_report.json
HM-052,40b9b0708d888a015abe5043bb273c3c6ee601ae,NUDT5_Finished_Paper_1.docx:word/document.xml,11ef96824597f47daa1e6152caea8dc87cb3ebd6d78fd41be3baad14d31cca35,P163,CURRENT@40b9b0708d888a015abe5043bb273c3c6ee601ae,a¯,PARTIALLY IMPLEMENTED,scripts/scripts/pipeline.py:smiles_to_bitvect:157-167;fit_scores:410-445,Morgan radius2/2048bit and Tanimoto present; theoretical null expectation ~.02 not derived/validated in source.,docx_blocks.json:P163; original-manuscript.txt matching paragraph marker where present,Retain fingerprint/Tanimoto definition only; raw DOCX equation fragments require visual checking before any transcription.,"DESCRIBED ONLY for theoretical/citation claims means no executed-method evidence, not an assertion that source literature is false. No biological conclusions follow from software presence.",audit_provenance.json; commands_run.md,,48ac351437d5f6a337314961d50255f58a89a1d464e55fbdb70db9afcdefb54b,40b9b0708d888a015abe5043bb273c3c6ee601ae,5ee7257be5a09c9862c2ead2f98416e1e8d1b2fa875624ca009df5cb95934bbb,input_manifest.json; commands_run.md; coverage_integrity_report.json
HM-053,40b9b0708d888a015abe5043bb273c3c6ee601ae,NUDT5_Finished_Paper_1.docx:word/document.xml,11ef96824597f47daa1e6152caea8dc87cb3ebd6d78fd41be3baad14d31cca35,P164,ORIGINAL_RELEASE@8c2a1b6990df1e140e15ab5a0eabea69b70eee14,",E[Tnull] ≈",PARTIALLY IMPLEMENTED,scripts/scripts/pipeline.py:smiles_to_fp:71-84;main:185-193,Morgan radius2/2048bit and Tanimoto present; theoretical null expectation ~.02 not derived/validated in source.,docx_blocks.json:P164; original-manuscript.txt matching paragraph marker where present,Retain fingerprint/Tanimoto definition only; raw DOCX equation fragments require visual checking before any transcription.,"DESCRIBED ONLY for theoretical/citation claims means no executed-method evidence, not an assertion that source literature is false. No biological conclusions follow from software presence.",audit_provenance.json; commands_run.md,,48ac351437d5f6a337314961d50255f58a89a1d464e55fbdb70db9afcdefb54b,40b9b0708d888a015abe5043bb273c3c6ee601ae,5ee7257be5a09c9862c2ead2f98416e1e8d1b2fa875624ca009df5cb95934bbb,input_manifest.json; commands_run.md; coverage_integrity_report.json
HM-054,40b9b0708d888a015abe5043bb273c3c6ee601ae,NUDT5_Finished_Paper_1.docx:word/document.xml,11ef96824597f47daa1e6152caea8dc87cb3ebd6d78fd41be3baad14d31cca35,P164,CURRENT@40b9b0708d888a015abe5043bb273c3c6ee601ae,",E[Tnull] ≈",PARTIALLY IMPLEMENTED,scripts/scripts/pipeline.py:smiles_to_bitvect:157-167;fit_scores:410-445,Morgan radius2/2048bit and Tanimoto present; theoretical null expectation ~.02 not derived/validated in source.,docx_blocks.json:P164; original-manuscript.txt matching paragraph marker where present,Retain fingerprint/Tanimoto definition only; raw DOCX equation fragments require visual checking before any transcription.,"DESCRIBED ONLY for theoretical/citation claims means no executed-method evidence, not an assertion that source literature is false. No biological conclusions follow from software presence.",audit_provenance.json; commands_run.md,,48ac351437d5f6a337314961d50255f58a89a1d464e55fbdb70db9afcdefb54b,40b9b0708d888a015abe5043bb273c3c6ee601ae,5ee7257be5a09c9862c2ead2f98416e1e8d1b2fa875624ca009df5cb95934bbb,input_manifest.json; commands_run.md; coverage_integrity_report.json
HM-055,40b9b0708d888a015abe5043bb273c3c6ee601ae,NUDT5_Finished_Paper_1.docx:word/document.xml,11ef96824597f47daa1e6152caea8dc87cb3ebd6d78fd41be3baad14d31cca35,P166,ORIGINAL_RELEASE@8c2a1b6990df1e140e15ab5a0eabea69b70eee14,≈ 0.02(7),PARTIALLY IMPLEMENTED,scripts/scripts/pipeline.py:smiles_to_fp:71-84;main:185-193,Morgan radius2/2048bit and Tanimoto present; theoretical null expectation ~.02 not derived/validated in source.,docx_blocks.json:P166; original-manuscript.txt matching paragraph marker where present,Retain fingerprint/Tanimoto definition only; raw DOCX equation fragments require visual checking before any transcription.,"DESCRIBED ONLY for theoretical/citation claims means no executed-method evidence, not an assertion that source literature is false. No biological conclusions follow from software presence.",audit_provenance.json; commands_run.md,,48ac351437d5f6a337314961d50255f58a89a1d464e55fbdb70db9afcdefb54b,40b9b0708d888a015abe5043bb273c3c6ee601ae,5ee7257be5a09c9862c2ead2f98416e1e8d1b2fa875624ca009df5cb95934bbb,input_manifest.json; commands_run.md; coverage_integrity_report.json
HM-056,40b9b0708d888a015abe5043bb273c3c6ee601ae,NUDT5_Finished_Paper_1.docx:word/document.xml,11ef96824597f47daa1e6152caea8dc87cb3ebd6d78fd41be3baad14d31cca35,P166,CURRENT@40b9b0708d888a015abe5043bb273c3c6ee601ae,≈ 0.02(7),PARTIALLY IMPLEMENTED,scripts/scripts/pipeline.py:smiles_to_bitvect:157-167;fit_scores:410-445,Morgan radius2/2048bit and Tanimoto present; theoretical null expectation ~.02 not derived/validated in source.,docx_blocks.json:P166; original-manuscript.txt matching paragraph marker where present,Retain fingerprint/Tanimoto definition only; raw DOCX equation fragments require visual checking before any transcription.,"DESCRIBED ONLY for theoretical/citation claims means no executed-method evidence, not an assertion that source literature is false. No biological conclusions follow from software presence.",audit_provenance.json; commands_run.md,,48ac351437d5f6a337314961d50255f58a89a1d464e55fbdb70db9afcdefb54b,40b9b0708d888a015abe5043bb273c3c6ee601ae,5ee7257be5a09c9862c2ead2f98416e1e8d1b2fa875624ca009df5cb95934bbb,input_manifest.json; commands_run.md; coverage_integrity_report.json
HM-057,40b9b0708d888a015abe5043bb273c3c6ee601ae,NUDT5_Finished_Paper_1.docx:word/document.xml,11ef96824597f47daa1e6152caea8dc87cb3ebd6d78fd41be3baad14d31cca35,P168,ORIGINAL_RELEASE@8c2a1b6990df1e140e15ab5a0eabea69b70eee14,a + b − c2L − a¯,PARTIALLY IMPLEMENTED,scripts/scripts/pipeline.py:smiles_to_fp:71-84;main:185-193,Morgan radius2/2048bit and Tanimoto present; theoretical null expectation ~.02 not derived/validated in source.,docx_blocks.json:P168; original-manuscript.txt matching paragraph marker where present,Retain fingerprint/Tanimoto definition only; raw DOCX equation fragments require visual checking before any transcription.,"DESCRIBED ONLY for theoretical/citation claims means no executed-method evidence, not an assertion that source literature is false. No biological conclusions follow from software presence.",audit_provenance.json; commands_run.md,,48ac351437d5f6a337314961d50255f58a89a1d464e55fbdb70db9afcdefb54b,40b9b0708d888a015abe5043bb273c3c6ee601ae,5ee7257be5a09c9862c2ead2f98416e1e8d1b2fa875624ca009df5cb95934bbb,input_manifest.json; commands_run.md; coverage_integrity_report.json
HM-058,40b9b0708d888a015abe5043bb273c3c6ee601ae,NUDT5_Finished_Paper_1.docx:word/document.xml,11ef96824597f47daa1e6152caea8dc87cb3ebd6d78fd41be3baad14d31cca35,P168,CURRENT@40b9b0708d888a015abe5043bb273c3c6ee601ae,a + b − c2L − a¯,PARTIALLY IMPLEMENTED,scripts/scripts/pipeline.py:smiles_to_bitvect:157-167;fit_scores:410-445,Morgan radius2/2048bit and Tanimoto present; theoretical null expectation ~.02 not derived/validated in source.,docx_blocks.json:P168; original-manuscript.txt matching paragraph marker where present,Retain fingerprint/Tanimoto definition only; raw DOCX equation fragments require visual checking before any transcription.,"DESCRIBED ONLY for theoretical/citation claims means no executed-method evidence, not an assertion that source literature is false. No biological conclusions follow from software presence.",audit_provenance.json; commands_run.md,,48ac351437d5f6a337314961d50255f58a89a1d464e55fbdb70db9afcdefb54b,40b9b0708d888a015abe5043bb273c3c6ee601ae,5ee7257be5a09c9862c2ead2f98416e1e8d1b2fa875624ca009df5cb95934bbb,input_manifest.json; commands_run.md; coverage_integrity_report.json
HM-059,40b9b0708d888a015abe5043bb273c3c6ee601ae,NUDT5_Finished_Paper_1.docx:word/document.xml,11ef96824597f47daa1e6152caea8dc87cb3ebd6d78fd41be3baad14d31cca35,P171,ORIGINAL_RELEASE@8c2a1b6990df1e140e15ab5a0eabea69b70eee14,intraintra101 SVina = (Sinter + Sintra − Sunb )/(1 + wrotNrot) [25].,DESCRIBED ONLY,No corresponding implementation in ORIGINAL tracked executable source; source_file_inventory.json,No corresponding model parameters/artifacts supplied.,docx_blocks.json:P171; original-manuscript.txt matching paragraph marker where present,Cut as an executed-method claim from Path B; at most identify it as historical unsupported description.,"DESCRIBED ONLY for theoretical/citation claims means no executed-method evidence, not an assertion that source literature is false. No biological conclusions follow from software presence.",audit_provenance.json; commands_run.md,,48ac351437d5f6a337314961d50255f58a89a1d464e55fbdb70db9afcdefb54b,40b9b0708d888a015abe5043bb273c3c6ee601ae,5ee7257be5a09c9862c2ead2f98416e1e8d1b2fa875624ca009df5cb95934bbb,input_manifest.json; commands_run.md; coverage_integrity_report.json
HM-060,40b9b0708d888a015abe5043bb273c3c6ee601ae,NUDT5_Finished_Paper_1.docx:word/document.xml,11ef96824597f47daa1e6152caea8dc87cb3ebd6d78fd41be3baad14d31cca35,P171,CURRENT@40b9b0708d888a015abe5043bb273c3c6ee601ae,intraintra101 SVina = (Sinter + Sintra − Sunb )/(1 + wrotNrot) [25].,DESCRIBED ONLY,No corresponding implementation in CURRENT tracked executable source; source_file_inventory.json,No corresponding model parameters/artifacts supplied.,docx_blocks.json:P171; original-manuscript.txt matching paragraph marker where present,Cut as an executed-method claim from Path B; at most identify it as historical unsupported description.,"DESCRIBED ONLY for theoretical/citation claims means no executed-method evidence, not an assertion that source literature is false. No biological conclusions follow from software presence.",audit_provenance.json; commands_run.md,,48ac351437d5f6a337314961d50255f58a89a1d464e55fbdb70db9afcdefb54b,40b9b0708d888a015abe5043bb273c3c6ee601ae,5ee7257be5a09c9862c2ead2f98416e1e8d1b2fa875624ca009df5cb95934bbb,input_manifest.json; commands_run.md; coverage_integrity_report.json
HM-061,40b9b0708d888a015abe5043bb273c3c6ee601ae,NUDT5_Finished_Paper_1.docx:word/document.xml,11ef96824597f47daa1e6152caea8dc87cb3ebd6d78fd41be3baad14d31cca35,P174,ORIGINAL_RELEASE@8c2a1b6990df1e140e15ab5a0eabea69b70eee14,103  GlideScoreSP = ECoul + EvdW + EHB + Emetal + Eπ + Edesolv + Erot [26]. XP adds EPhobEn +,DESCRIBED ONLY,No corresponding implementation in ORIGINAL tracked executable source; source_file_inventory.json,No corresponding model parameters/artifacts supplied.,docx_blocks.json:P174; original-manuscript.txt matching paragraph marker where present,Cut as an executed-method claim from Path B; at most identify it as historical unsupported description.,"DESCRIBED ONLY for theoretical/citation claims means no executed-method evidence, not an assertion that source literature is false. No biological conclusions follow from software presence.",audit_provenance.json; commands_run.md,,48ac351437d5f6a337314961d50255f58a89a1d464e55fbdb70db9afcdefb54b,40b9b0708d888a015abe5043bb273c3c6ee601ae,5ee7257be5a09c9862c2ead2f98416e1e8d1b2fa875624ca009df5cb95934bbb,input_manifest.json; commands_run.md; coverage_integrity_report.json
HM-062,40b9b0708d888a015abe5043bb273c3c6ee601ae,NUDT5_Finished_Paper_1.docx:word/document.xml,11ef96824597f47daa1e6152caea8dc87cb3ebd6d78fd41be3baad14d31cca35,P174,CURRENT@40b9b0708d888a015abe5043bb273c3c6ee601ae,103  GlideScoreSP = ECoul + EvdW + EHB + Emetal + Eπ + Edesolv + Erot [26]. XP adds EPhobEn +,DESCRIBED ONLY,No corresponding implementation in CURRENT tracked executable source; source_file_inventory.json,No corresponding model parameters/artifacts supplied.,docx_blocks.json:P174; original-manuscript.txt matching paragraph marker where present,Cut as an executed-method claim from Path B; at most identify it as historical unsupported description.,"DESCRIBED ONLY for theoretical/citation claims means no executed-method evidence, not an assertion that source literature is false. No biological conclusions follow from software presence.",audit_provenance.json; commands_run.md,,48ac351437d5f6a337314961d50255f58a89a1d464e55fbdb70db9afcdefb54b,40b9b0708d888a015abe5043bb273c3c6ee601ae,5ee7257be5a09c9862c2ead2f98416e1e8d1b2fa875624ca009df5cb95934bbb,input_manifest.json; commands_run.md; coverage_integrity_report.json
HM-063,40b9b0708d888a015abe5043bb273c3c6ee601ae,NUDT5_Finished_Paper_1.docx:word/document.xml,11ef96824597f47daa1e6152caea8dc87cb3ebd6d78fd41be3baad14d31cca35,P175,ORIGINAL_RELEASE@8c2a1b6990df1e140e15ab5a0eabea69b70eee14,104  EHBPenal + EPI.,DESCRIBED ONLY,No corresponding implementation in ORIGINAL tracked executable source; source_file_inventory.json,No corresponding model parameters/artifacts supplied.,docx_blocks.json:P175; original-manuscript.txt matching paragraph marker where present,Cut as an executed-method claim from Path B; at most identify it as historical unsupported description.,"DESCRIBED ONLY for theoretical/citation claims means no executed-method evidence, not an assertion that source literature is false. No biological conclusions follow from software presence.",audit_provenance.json; commands_run.md,,48ac351437d5f6a337314961d50255f58a89a1d464e55fbdb70db9afcdefb54b,40b9b0708d888a015abe5043bb273c3c6ee601ae,5ee7257be5a09c9862c2ead2f98416e1e8d1b2fa875624ca009df5cb95934bbb,input_manifest.json; commands_run.md; coverage_integrity_report.json
HM-064,40b9b0708d888a015abe5043bb273c3c6ee601ae,NUDT5_Finished_Paper_1.docx:word/document.xml,11ef96824597f47daa1e6152caea8dc87cb3ebd6d78fd41be3baad14d31cca35,P175,CURRENT@40b9b0708d888a015abe5043bb273c3c6ee601ae,104  EHBPenal + EPI.,DESCRIBED ONLY,No corresponding implementation in CURRENT tracked executable source; source_file_inventory.json,No corresponding model parameters/artifacts supplied.,docx_blocks.json:P175; original-manuscript.txt matching paragraph marker where present,Cut as an executed-method claim from Path B; at most identify it as historical unsupported description.,"DESCRIBED ONLY for theoretical/citation claims means no executed-method evidence, not an assertion that source literature is false. No biological conclusions follow from software presence.",audit_provenance.json; commands_run.md,,48ac351437d5f6a337314961d50255f58a89a1d464e55fbdb70db9afcdefb54b,40b9b0708d888a015abe5043bb273c3c6ee601ae,5ee7257be5a09c9862c2ead2f98416e1e8d1b2fa875624ca009df5cb95934bbb,input_manifest.json; commands_run.md; coverage_integrity_report.json
HM-065,40b9b0708d888a015abe5043bb273c3c6ee601ae,NUDT5_Finished_Paper_1.docx:word/document.xml,11ef96824597f47daa1e6152caea8dc87cb3ebd6d78fd41be3baad14d31cca35,P178,ORIGINAL_RELEASE@8c2a1b6990df1e140e15ab5a0eabea69b70eee14,∆GMM-GBSA = ⟨EMM + GGB + GSA⟩cpx − ⟨· · · ⟩rec − ⟨· · · ⟩lig(8),DESCRIBED ONLY,No corresponding implementation in ORIGINAL tracked executable source; source_file_inventory.json,No corresponding model parameters/artifacts supplied.,docx_blocks.json:P178; original-manuscript.txt matching paragraph marker where present,Cut as an executed-method claim from Path B; at most identify it as historical unsupported description.,"DESCRIBED ONLY for theoretical/citation claims means no executed-method evidence, not an assertion that source literature is false. No biological conclusions follow from software presence.",audit_provenance.json; commands_run.md,,48ac351437d5f6a337314961d50255f58a89a1d464e55fbdb70db9afcdefb54b,40b9b0708d888a015abe5043bb273c3c6ee601ae,5ee7257be5a09c9862c2ead2f98416e1e8d1b2fa875624ca009df5cb95934bbb,input_manifest.json; commands_run.md; coverage_integrity_report.json
HM-066,40b9b0708d888a015abe5043bb273c3c6ee601ae,NUDT5_Finished_Paper_1.docx:word/document.xml,11ef96824597f47daa1e6152caea8dc87cb3ebd6d78fd41be3baad14d31cca35,P178,CURRENT@40b9b0708d888a015abe5043bb273c3c6ee601ae,∆GMM-GBSA = ⟨EMM + GGB + GSA⟩cpx − ⟨· · · ⟩rec − ⟨· · · ⟩lig(8),DESCRIBED ONLY,No corresponding implementation in CURRENT tracked executable source; source_file_inventory.json,No corresponding model parameters/artifacts supplied.,docx_blocks.json:P178; original-manuscript.txt matching paragraph marker where present,Cut as an executed-method claim from Path B; at most identify it as historical unsupported description.,"DESCRIBED ONLY for theoretical/citation claims means no executed-method evidence, not an assertion that source literature is false. No biological conclusions follow from software presence.",audit_provenance.json; commands_run.md,,48ac351437d5f6a337314961d50255f58a89a1d464e55fbdb70db9afcdefb54b,40b9b0708d888a015abe5043bb273c3c6ee601ae,5ee7257be5a09c9862c2ead2f98416e1e8d1b2fa875624ca009df5cb95934bbb,input_manifest.json; commands_run.md; coverage_integrity_report.json
HM-067,40b9b0708d888a015abe5043bb273c3c6ee601ae,NUDT5_Finished_Paper_1.docx:word/document.xml,11ef96824597f47daa1e6152caea8dc87cb3ebd6d78fd41be3baad14d31cca35,P179,ORIGINAL_RELEASE@8c2a1b6990df1e140e15ab5a0eabea69b70eee14,bindsolv,DESCRIBED ONLY,No corresponding implementation in ORIGINAL tracked executable source; source_file_inventory.json,No corresponding model parameters/artifacts supplied.,docx_blocks.json:P179; original-manuscript.txt matching paragraph marker where present,Cut as an executed-method claim from Path B; at most identify it as historical unsupported description.,"DESCRIBED ONLY for theoretical/citation claims means no executed-method evidence, not an assertion that source literature is false. No biological conclusions follow from software presence.",audit_provenance.json; commands_run.md,,48ac351437d5f6a337314961d50255f58a89a1d464e55fbdb70db9afcdefb54b,40b9b0708d888a015abe5043bb273c3c6ee601ae,5ee7257be5a09c9862c2ead2f98416e1e8d1b2fa875624ca009df5cb95934bbb,input_manifest.json; commands_run.md; coverage_integrity_report.json
HM-068,40b9b0708d888a015abe5043bb273c3c6ee601ae,NUDT5_Finished_Paper_1.docx:word/document.xml,11ef96824597f47daa1e6152caea8dc87cb3ebd6d78fd41be3baad14d31cca35,P179,CURRENT@40b9b0708d888a015abe5043bb273c3c6ee601ae,bindsolv,DESCRIBED ONLY,No corresponding implementation in CURRENT tracked executable source; source_file_inventory.json,No corresponding model parameters/artifacts supplied.,docx_blocks.json:P179; original-manuscript.txt matching paragraph marker where present,Cut as an executed-method claim from Path B; at most identify it as historical unsupported description.,"DESCRIBED ONLY for theoretical/citation claims means no executed-method evidence, not an assertion that source literature is false. No biological conclusions follow from software presence.",audit_provenance.json; commands_run.md,,48ac351437d5f6a337314961d50255f58a89a1d464e55fbdb70db9afcdefb54b,40b9b0708d888a015abe5043bb273c3c6ee601ae,5ee7257be5a09c9862c2ead2f98416e1e8d1b2fa875624ca009df5cb95934bbb,input_manifest.json; commands_run.md; coverage_integrity_report.json
HM-069,40b9b0708d888a015abe5043bb273c3c6ee601ae,NUDT5_Finished_Paper_1.docx:word/document.xml,11ef96824597f47daa1e6152caea8dc87cb3ebd6d78fd41be3baad14d31cca35,P180,ORIGINAL_RELEASE@8c2a1b6990df1e140e15ab5a0eabea69b70eee14,"106Caveat: neglects −T ∆S; useful for rank-ordering, not absolute ∆Gbind.",DESCRIBED ONLY,No corresponding implementation in ORIGINAL tracked executable source; source_file_inventory.json,No corresponding model parameters/artifacts supplied.,docx_blocks.json:P180; original-manuscript.txt matching paragraph marker where present,Cut as an executed-method claim from Path B; at most identify it as historical unsupported description.,"DESCRIBED ONLY for theoretical/citation claims means no executed-method evidence, not an assertion that source literature is false. No biological conclusions follow from software presence.",audit_provenance.json; commands_run.md,,48ac351437d5f6a337314961d50255f58a89a1d464e55fbdb70db9afcdefb54b,40b9b0708d888a015abe5043bb273c3c6ee601ae,5ee7257be5a09c9862c2ead2f98416e1e8d1b2fa875624ca009df5cb95934bbb,input_manifest.json; commands_run.md; coverage_integrity_report.json
HM-070,40b9b0708d888a015abe5043bb273c3c6ee601ae,NUDT5_Finished_Paper_1.docx:word/document.xml,11ef96824597f47daa1e6152caea8dc87cb3ebd6d78fd41be3baad14d31cca35,P180,CURRENT@40b9b0708d888a015abe5043bb273c3c6ee601ae,"106Caveat: neglects −T ∆S; useful for rank-ordering, not absolute ∆Gbind.",DESCRIBED ONLY,No corresponding implementation in CURRENT tracked executable source; source_file_inventory.json,No corresponding model parameters/artifacts supplied.,docx_blocks.json:P180; original-manuscript.txt matching paragraph marker where present,Cut as an executed-method claim from Path B; at most identify it as historical unsupported description.,"DESCRIBED ONLY for theoretical/citation claims means no executed-method evidence, not an assertion that source literature is false. No biological conclusions follow from software presence.",audit_provenance.json; commands_run.md,,48ac351437d5f6a337314961d50255f58a89a1d464e55fbdb70db9afcdefb54b,40b9b0708d888a015abe5043bb273c3c6ee601ae,5ee7257be5a09c9862c2ead2f98416e1e8d1b2fa875624ca009df5cb95934bbb,input_manifest.json; commands_run.md; coverage_integrity_report.json
HM-071,40b9b0708d888a015abe5043bb273c3c6ee601ae,NUDT5_Finished_Paper_1.docx:word/document.xml,11ef96824597f47daa1e6152caea8dc87cb3ebd6d78fd41be3baad14d31cca35,P183,ORIGINAL_RELEASE@8c2a1b6990df1e140e15ab5a0eabea69b70eee14,b=1b=1108  Random forest [30]: Pˆ(active|x) = B−1 ΣBTb(x). XGBoost [31]: second-order boosting,PARTIALLY IMPLEMENTED,scripts/scripts/pipeline.py:main:173-220,"Actual RF100 not500; sklearn GBT100/depth3/lr.1 not XGBoost depth6; RBF SVC C10 not Tanimoto kernel; no MTH1 proxy weights, no 520 distinct measured decoys.",docx_blocks.json:P183; original-manuscript.txt matching paragraph marker where present,"Use fixed diagnostic model names/parameters, not historical model/data claims.","DESCRIBED ONLY for theoretical/citation claims means no executed-method evidence, not an assertion that source literature is false. No biological conclusions follow from software presence.",audit_provenance.json; commands_run.md,,48ac351437d5f6a337314961d50255f58a89a1d464e55fbdb70db9afcdefb54b,40b9b0708d888a015abe5043bb273c3c6ee601ae,5ee7257be5a09c9862c2ead2f98416e1e8d1b2fa875624ca009df5cb95934bbb,input_manifest.json; commands_run.md; coverage_integrity_report.json
HM-072,40b9b0708d888a015abe5043bb273c3c6ee601ae,NUDT5_Finished_Paper_1.docx:word/document.xml,11ef96824597f47daa1e6152caea8dc87cb3ebd6d78fd41be3baad14d31cca35,P183,CURRENT@40b9b0708d888a015abe5043bb273c3c6ee601ae,b=1b=1108  Random forest [30]: Pˆ(active|x) = B−1 ΣBTb(x). XGBoost [31]: second-order boosting,PARTIALLY IMPLEMENTED,scripts/scripts/pipeline.py:fit_scores:410-445;main:642-711,"Actual RF100 not500; sklearn GBT100/depth3/lr.1 not XGBoost depth6; RBF SVC C10 not Tanimoto kernel; no MTH1 proxy weights, no 520 distinct measured decoys.",docx_blocks.json:P183; original-manuscript.txt matching paragraph marker where present,"Use fixed diagnostic model names/parameters, not historical model/data claims.","DESCRIBED ONLY for theoretical/citation claims means no executed-method evidence, not an assertion that source literature is false. No biological conclusions follow from software presence.",audit_provenance.json; commands_run.md,,48ac351437d5f6a337314961d50255f58a89a1d464e55fbdb70db9afcdefb54b,40b9b0708d888a015abe5043bb273c3c6ee601ae,5ee7257be5a09c9862c2ead2f98416e1e8d1b2fa875624ca009df5cb95934bbb,input_manifest.json; commands_run.md; coverage_integrity_report.json
HM-073,40b9b0708d888a015abe5043bb273c3c6ee601ae,NUDT5_Finished_Paper_1.docx:word/document.xml,11ef96824597f47daa1e6152caea8dc87cb3ebd6d78fd41be3baad14d31cca35,P184,ORIGINAL_RELEASE@8c2a1b6990df1e140e15ab5a0eabea69b70eee14,"109  with regularization. SVM [32]: Tanimoto kernel K(xi, xj) = (xi ·xj)/(  xi  2 +  xj  2 −xi ·xj).",PARTIALLY IMPLEMENTED,scripts/scripts/pipeline.py:main:173-220,"Actual RF100 not500; sklearn GBT100/depth3/lr.1 not XGBoost depth6; RBF SVC C10 not Tanimoto kernel; no MTH1 proxy weights, no 520 distinct measured decoys.",docx_blocks.json:P184; original-manuscript.txt matching paragraph marker where present,"Use fixed diagnostic model names/parameters, not historical model/data claims.","DESCRIBED ONLY for theoretical/citation claims means no executed-method evidence, not an assertion that source literature is false. No biological conclusions follow from software presence.",audit_provenance.json; commands_run.md,,48ac351437d5f6a337314961d50255f58a89a1d464e55fbdb70db9afcdefb54b,40b9b0708d888a015abe5043bb273c3c6ee601ae,5ee7257be5a09c9862c2ead2f98416e1e8d1b2fa875624ca009df5cb95934bbb,input_manifest.json; commands_run.md; coverage_integrity_report.json
HM-074,40b9b0708d888a015abe5043bb273c3c6ee601ae,NUDT5_Finished_Paper_1.docx:word/document.xml,11ef96824597f47daa1e6152caea8dc87cb3ebd6d78fd41be3baad14d31cca35,P184,CURRENT@40b9b0708d888a015abe5043bb273c3c6ee601ae,"109  with regularization. SVM [32]: Tanimoto kernel K(xi, xj) = (xi ·xj)/(  xi  2 +  xj  2 −xi ·xj).",PARTIALLY IMPLEMENTED,scripts/scripts/pipeline.py:fit_scores:410-445;main:642-711,"Actual RF100 not500; sklearn GBT100/depth3/lr.1 not XGBoost depth6; RBF SVC C10 not Tanimoto kernel; no MTH1 proxy weights, no 520 distinct measured decoys.",docx_blocks.json:P184; original-manuscript.txt matching paragraph marker where present,"Use fixed diagnostic model names/parameters, not historical model/data claims.","DESCRIBED ONLY for theoretical/citation claims means no executed-method evidence, not an assertion that source literature is false. No biological conclusions follow from software presence.",audit_provenance.json; commands_run.md,,48ac351437d5f6a337314961d50255f58a89a1d464e55fbdb70db9afcdefb54b,40b9b0708d888a015abe5043bb273c3c6ee601ae,5ee7257be5a09c9862c2ead2f98416e1e8d1b2fa875624ca009df5cb95934bbb,input_manifest.json; commands_run.md; coverage_integrity_report.json
HM-075,40b9b0708d888a015abe5043bb273c3c6ee601ae,NUDT5_Finished_Paper_1.docx:word/document.xml,11ef96824597f47daa1e6152caea8dc87cb3ebd6d78fd41be3baad14d31cca35,P187,ORIGINAL_RELEASE@8c2a1b6990df1e140e15ab5a0eabea69b70eee14,111  Enrichment factor:  EFχ = (nact(χ)/⌊χN ⌋)/(Nact/N ) [33].LOOCV for small datasets.,PARTIALLY IMPLEMENTED,scripts/scripts/pipeline.py:main:195-280;enrichment_factor:106-112;bedroc:114-126,"Original row-wise fivefold with replicated decoys; active LOOCV is executed; positional range(min(18,na)) holdout not scaffold grouping; five permutations not30; uncorrected p ratio; defective BEDROC normalization.",docx_blocks.json:P187; original-manuscript.txt matching paragraph marker where present,Describe current diagnostics and limitations separately from broken historical procedure; no generalization proof.,"DESCRIBED ONLY for theoretical/citation claims means no executed-method evidence, not an assertion that source literature is false. No biological conclusions follow from software presence.",audit_provenance.json; commands_run.md,,48ac351437d5f6a337314961d50255f58a89a1d464e55fbdb70db9afcdefb54b,40b9b0708d888a015abe5043bb273c3c6ee601ae,5ee7257be5a09c9862c2ead2f98416e1e8d1b2fa875624ca009df5cb95934bbb,input_manifest.json; commands_run.md; coverage_integrity_report.json
HM-076,40b9b0708d888a015abe5043bb273c3c6ee601ae,NUDT5_Finished_Paper_1.docx:word/document.xml,11ef96824597f47daa1e6152caea8dc87cb3ebd6d78fd41be3baad14d31cca35,P187,CURRENT@40b9b0708d888a015abe5043bb273c3c6ee601ae,111  Enrichment factor:  EFχ = (nact(χ)/⌊χN ⌋)/(Nact/N ) [33].LOOCV for small datasets.,PARTIALLY IMPLEMENTED,scripts/scripts/pipeline.py:out_of_fold:448-492;scaffold_splits:286-300;series_splits:303-331;randomized_label_diagnostic:367-407;metrics:269-283,Current unique/scaffold/series schemes; 99 permutations in manifest; correct finite-list BEDROC/tie handling; no active-only LOOCV,docx_blocks.json:P187; original-manuscript.txt matching paragraph marker where present,Describe current diagnostics and limitations separately from broken historical procedure; no generalization proof.,"DESCRIBED ONLY for theoretical/citation claims means no executed-method evidence, not an assertion that source literature is false. No biological conclusions follow from software presence.",audit_provenance.json; commands_run.md,,48ac351437d5f6a337314961d50255f58a89a1d464e55fbdb70db9afcdefb54b,40b9b0708d888a015abe5043bb273c3c6ee601ae,5ee7257be5a09c9862c2ead2f98416e1e8d1b2fa875624ca009df5cb95934bbb,input_manifest.json; commands_run.md; coverage_integrity_report.json
HM-077,40b9b0708d888a015abe5043bb273c3c6ee601ae,NUDT5_Finished_Paper_1.docx:word/document.xml,11ef96824597f47daa1e6152caea8dc87cb3ebd6d78fd41be3baad14d31cca35,P188,ORIGINAL_RELEASE@8c2a1b6990df1e140e15ab5a0eabea69b70eee14,"112 BEDROC for early enrichment. Applicability domain: AD(x) = in if maxi T (x, xi) ≥ 0.25",PARTIALLY IMPLEMENTED,scripts/scripts/pipeline.py:main:195-280;enrichment_factor:106-112;bedroc:114-126,"Original row-wise fivefold with replicated decoys; active LOOCV is executed; positional range(min(18,na)) holdout not scaffold grouping; five permutations not30; uncorrected p ratio; defective BEDROC normalization.",docx_blocks.json:P188; original-manuscript.txt matching paragraph marker where present,Describe current diagnostics and limitations separately from broken historical procedure; no generalization proof.,"DESCRIBED ONLY for theoretical/citation claims means no executed-method evidence, not an assertion that source literature is false. No biological conclusions follow from software presence.",audit_provenance.json; commands_run.md,,48ac351437d5f6a337314961d50255f58a89a1d464e55fbdb70db9afcdefb54b,40b9b0708d888a015abe5043bb273c3c6ee601ae,5ee7257be5a09c9862c2ead2f98416e1e8d1b2fa875624ca009df5cb95934bbb,input_manifest.json; commands_run.md; coverage_integrity_report.json
HM-078,40b9b0708d888a015abe5043bb273c3c6ee601ae,NUDT5_Finished_Paper_1.docx:word/document.xml,11ef96824597f47daa1e6152caea8dc87cb3ebd6d78fd41be3baad14d31cca35,P188,CURRENT@40b9b0708d888a015abe5043bb273c3c6ee601ae,"112 BEDROC for early enrichment. Applicability domain: AD(x) = in if maxi T (x, xi) ≥ 0.25",PARTIALLY IMPLEMENTED,scripts/scripts/pipeline.py:out_of_fold:448-492;scaffold_splits:286-300;series_splits:303-331;randomized_label_diagnostic:367-407;metrics:269-283,Current unique/scaffold/series schemes; 99 permutations in manifest; correct finite-list BEDROC/tie handling; no active-only LOOCV,docx_blocks.json:P188; original-manuscript.txt matching paragraph marker where present,Describe current diagnostics and limitations separately from broken historical procedure; no generalization proof.,"DESCRIBED ONLY for theoretical/citation claims means no executed-method evidence, not an assertion that source literature is false. No biological conclusions follow from software presence.",audit_provenance.json; commands_run.md,,48ac351437d5f6a337314961d50255f58a89a1d464e55fbdb70db9afcdefb54b,40b9b0708d888a015abe5043bb273c3c6ee601ae,5ee7257be5a09c9862c2ead2f98416e1e8d1b2fa875624ca009df5cb95934bbb,input_manifest.json; commands_run.md; coverage_integrity_report.json
HM-079,40b9b0708d888a015abe5043bb273c3c6ee601ae,NUDT5_Finished_Paper_1.docx:word/document.xml,11ef96824597f47daa1e6152caea8dc87cb3ebd6d78fd41be3baad14d31cca35,P189,ORIGINAL_RELEASE@8c2a1b6990df1e140e15ab5a0eabea69b70eee14,113  [34].,PARTIALLY IMPLEMENTED,scripts/scripts/pipeline.py:main:195-280;enrichment_factor:106-112;bedroc:114-126,"Original row-wise fivefold with replicated decoys; active LOOCV is executed; positional range(min(18,na)) holdout not scaffold grouping; five permutations not30; uncorrected p ratio; defective BEDROC normalization.",docx_blocks.json:P189; original-manuscript.txt matching paragraph marker where present,Describe current diagnostics and limitations separately from broken historical procedure; no generalization proof.,"DESCRIBED ONLY for theoretical/citation claims means no executed-method evidence, not an assertion that source literature is false. No biological conclusions follow from software presence.",audit_provenance.json; commands_run.md,,48ac351437d5f6a337314961d50255f58a89a1d464e55fbdb70db9afcdefb54b,40b9b0708d888a015abe5043bb273c3c6ee601ae,5ee7257be5a09c9862c2ead2f98416e1e8d1b2fa875624ca009df5cb95934bbb,input_manifest.json; commands_run.md; coverage_integrity_report.json
HM-080,40b9b0708d888a015abe5043bb273c3c6ee601ae,NUDT5_Finished_Paper_1.docx:word/document.xml,11ef96824597f47daa1e6152caea8dc87cb3ebd6d78fd41be3baad14d31cca35,P189,CURRENT@40b9b0708d888a015abe5043bb273c3c6ee601ae,113  [34].,PARTIALLY IMPLEMENTED,scripts/scripts/pipeline.py:out_of_fold:448-492;scaffold_splits:286-300;series_splits:303-331;randomized_label_diagnostic:367-407;metrics:269-283,Current unique/scaffold/series schemes; 99 permutations in manifest; correct finite-list BEDROC/tie handling; no active-only LOOCV,docx_blocks.json:P189; original-manuscript.txt matching paragraph marker where present,Describe current diagnostics and limitations separately from broken historical procedure; no generalization proof.,"DESCRIBED ONLY for theoretical/citation claims means no executed-method evidence, not an assertion that source literature is false. No biological conclusions follow from software presence.",audit_provenance.json; commands_run.md,,48ac351437d5f6a337314961d50255f58a89a1d464e55fbdb70db9afcdefb54b,40b9b0708d888a015abe5043bb273c3c6ee601ae,5ee7257be5a09c9862c2ead2f98416e1e8d1b2fa875624ca009df5cb95934bbb,input_manifest.json; commands_run.md; coverage_integrity_report.json
HM-081,40b9b0708d888a015abe5043bb273c3c6ee601ae,NUDT5_Finished_Paper_1.docx:word/document.xml,11ef96824597f47daa1e6152caea8dc87cb3ebd6d78fd41be3baad14d31cca35,P192,ORIGINAL_RELEASE@8c2a1b6990df1e140e15ab5a0eabea69b70eee14,"115  DUD-E property-matched decoys [35]: |∆MW| < 50, |∆cLogP| < 1.0, T < 0.3 [36].",DESCRIBED ONLY,"ORIGINAL scripts/scripts/pipeline.py:main:173-183 replicates existing26 decoys; CURRENT scripts/scripts/controls.py:match_property_pairs:99-127;run:612-628 performs different seven-descriptor cohort check, not DUD-E generation.","Historical P192 explicitly states |delta MW|<50, |delta cLogP|<1.0,T<.3; not absent text.",docx_blocks.json:P192; original-manuscript.txt matching paragraph marker where present,Correct current Results L122 assertion that original tolerances/inequality are unstated. Do not infer 9/26 verified or generate any new decoys.,"DESCRIBED ONLY for theoretical/citation claims means no executed-method evidence, not an assertion that source literature is false. No biological conclusions follow from software presence.",audit_provenance.json; commands_run.md,,48ac351437d5f6a337314961d50255f58a89a1d464e55fbdb70db9afcdefb54b,40b9b0708d888a015abe5043bb273c3c6ee601ae,5ee7257be5a09c9862c2ead2f98416e1e8d1b2fa875624ca009df5cb95934bbb,input_manifest.json; commands_run.md; coverage_integrity_report.json
HM-082,40b9b0708d888a015abe5043bb273c3c6ee601ae,NUDT5_Finished_Paper_1.docx:word/document.xml,11ef96824597f47daa1e6152caea8dc87cb3ebd6d78fd41be3baad14d31cca35,P192,CURRENT@40b9b0708d888a015abe5043bb273c3c6ee601ae,"115  DUD-E property-matched decoys [35]: |∆MW| < 50, |∆cLogP| < 1.0, T < 0.3 [36].",DESCRIBED ONLY,"ORIGINAL scripts/scripts/pipeline.py:main:173-183 replicates existing26 decoys; CURRENT scripts/scripts/controls.py:match_property_pairs:99-127;run:612-628 performs different seven-descriptor cohort check, not DUD-E generation.","Historical P192 explicitly states |delta MW|<50, |delta cLogP|<1.0,T<.3; not absent text.",docx_blocks.json:P192; original-manuscript.txt matching paragraph marker where present,Correct current Results L122 assertion that original tolerances/inequality are unstated. Do not infer 9/26 verified or generate any new decoys.,"DESCRIBED ONLY for theoretical/citation claims means no executed-method evidence, not an assertion that source literature is false. No biological conclusions follow from software presence.",audit_provenance.json; commands_run.md,,48ac351437d5f6a337314961d50255f58a89a1d464e55fbdb70db9afcdefb54b,40b9b0708d888a015abe5043bb273c3c6ee601ae,5ee7257be5a09c9862c2ead2f98416e1e8d1b2fa875624ca009df5cb95934bbb,input_manifest.json; commands_run.md; coverage_integrity_report.json
HM-083,40b9b0708d888a015abe5043bb273c3c6ee601ae,NUDT5_Finished_Paper_1.docx:word/document.xml,11ef96824597f47daa1e6152caea8dc87cb3ebd6d78fd41be3baad14d31cca35,P209,ORIGINAL_RELEASE@8c2a1b6990df1e140e15ab5a0eabea69b70eee14,125  4Methods,DESCRIBED ONLY,No corresponding implementation in ORIGINAL tracked executable source; source_file_inventory.json,No corresponding model parameters/artifacts supplied.,docx_blocks.json:P209; original-manuscript.txt matching paragraph marker where present,Cut as an executed-method claim from Path B; at most identify it as historical unsupported description.,"DESCRIBED ONLY for theoretical/citation claims means no executed-method evidence, not an assertion that source literature is false. No biological conclusions follow from software presence.",audit_provenance.json; commands_run.md,,48ac351437d5f6a337314961d50255f58a89a1d464e55fbdb70db9afcdefb54b,40b9b0708d888a015abe5043bb273c3c6ee601ae,5ee7257be5a09c9862c2ead2f98416e1e8d1b2fa875624ca009df5cb95934bbb,input_manifest.json; commands_run.md; coverage_integrity_report.json
HM-084,40b9b0708d888a015abe5043bb273c3c6ee601ae,NUDT5_Finished_Paper_1.docx:word/document.xml,11ef96824597f47daa1e6152caea8dc87cb3ebd6d78fd41be3baad14d31cca35,P209,CURRENT@40b9b0708d888a015abe5043bb273c3c6ee601ae,125  4Methods,DESCRIBED ONLY,No corresponding implementation in CURRENT tracked executable source; source_file_inventory.json,No corresponding model parameters/artifacts supplied.,docx_blocks.json:P209; original-manuscript.txt matching paragraph marker where present,Cut as an executed-method claim from Path B; at most identify it as historical unsupported description.,"DESCRIBED ONLY for theoretical/citation claims means no executed-method evidence, not an assertion that source literature is false. No biological conclusions follow from software presence.",audit_provenance.json; commands_run.md,,48ac351437d5f6a337314961d50255f58a89a1d464e55fbdb70db9afcdefb54b,40b9b0708d888a015abe5043bb273c3c6ee601ae,5ee7257be5a09c9862c2ead2f98416e1e8d1b2fa875624ca009df5cb95934bbb,input_manifest.json; commands_run.md; coverage_integrity_report.json
HM-085,40b9b0708d888a015abe5043bb273c3c6ee601ae,NUDT5_Finished_Paper_1.docx:word/document.xml,11ef96824597f47daa1e6152caea8dc87cb3ebd6d78fd41be3baad14d31cca35,P211,ORIGINAL_RELEASE@8c2a1b6990df1e140e15ab5a0eabea69b70eee14,"127  NUDT5 actives compiled from Page et al. [9] (∼20 compounds), Balik i et al. [13] (∼10",PARTIALLY IMPLEMENTED,scripts/scripts/pipeline.py:load_compounds:53-66;main:173-183,"Raw CSV46=20 positive+26decoy; valid45=19+26. Original repeats26 decoys20x to520 rows, not520 unique. No28-actives/347-proxy/1400-decoy artifacts or data-collection routine.",docx_blocks.json:P211; original-manuscript.txt matching paragraph marker where present,"Cut unsupported cohort counts, label provenance remains incomplete; original files are evidence not verified biological ground truth.","DESCRIBED ONLY for theoretical/citation claims means no executed-method evidence, not an assertion that source literature is false. No biological conclusions follow from software presence.",audit_provenance.json; commands_run.md,,48ac351437d5f6a337314961d50255f58a89a1d464e55fbdb70db9afcdefb54b,40b9b0708d888a015abe5043bb273c3c6ee601ae,5ee7257be5a09c9862c2ead2f98416e1e8d1b2fa875624ca009df5cb95934bbb,input_manifest.json; commands_run.md; coverage_integrity_report.json
HM-086,40b9b0708d888a015abe5043bb273c3c6ee601ae,NUDT5_Finished_Paper_1.docx:word/document.xml,11ef96824597f47daa1e6152caea8dc87cb3ebd6d78fd41be3baad14d31cca35,P211,CURRENT@40b9b0708d888a015abe5043bb273c3c6ee601ae,"127  NUDT5 actives compiled from Page et al. [9] (∼20 compounds), Balik i et al. [13] (∼10",PARTIALLY IMPLEMENTED,scripts/scripts/pipeline.py:read_compounds:67-132;main:642-711,"Raw CSV46=20 positive+26decoy; valid45=19+26. Original repeats26 decoys20x to520 rows, not520 unique. No28-actives/347-proxy/1400-decoy artifacts or data-collection routine.",docx_blocks.json:P211; original-manuscript.txt matching paragraph marker where present,"Cut unsupported cohort counts, label provenance remains incomplete; original files are evidence not verified biological ground truth.","DESCRIBED ONLY for theoretical/citation claims means no executed-method evidence, not an assertion that source literature is false. No biological conclusions follow from software presence.",audit_provenance.json; commands_run.md,,48ac351437d5f6a337314961d50255f58a89a1d464e55fbdb70db9afcdefb54b,40b9b0708d888a015abe5043bb273c3c6ee601ae,5ee7257be5a09c9862c2ead2f98416e1e8d1b2fa875624ca009df5cb95934bbb,input_manifest.json; commands_run.md; coverage_integrity_report.json
HM-087,40b9b0708d888a015abe5043bb273c3c6ee601ae,NUDT5_Finished_Paper_1.docx:word/document.xml,11ef96824597f47daa1e6152caea8dc87cb3ebd6d78fd41be3baad14d31cca35,P212,ORIGINAL_RELEASE@8c2a1b6990df1e140e15ab5a0eabea69b70eee14,"128  compounds), ChEMBL, and PDB ligands. Total: 28 unique NUDT5 actives with IC50",PARTIALLY IMPLEMENTED,scripts/scripts/pipeline.py:load_compounds:53-66;main:173-183,"Raw CSV46=20 positive+26decoy; valid45=19+26. Original repeats26 decoys20x to520 rows, not520 unique. No28-actives/347-proxy/1400-decoy artifacts or data-collection routine.",docx_blocks.json:P212; original-manuscript.txt matching paragraph marker where present,"Cut unsupported cohort counts, label provenance remains incomplete; original files are evidence not verified biological ground truth.","DESCRIBED ONLY for theoretical/citation claims means no executed-method evidence, not an assertion that source literature is false. No biological conclusions follow from software presence.",audit_provenance.json; commands_run.md,,48ac351437d5f6a337314961d50255f58a89a1d464e55fbdb70db9afcdefb54b,40b9b0708d888a015abe5043bb273c3c6ee601ae,5ee7257be5a09c9862c2ead2f98416e1e8d1b2fa875624ca009df5cb95934bbb,input_manifest.json; commands_run.md; coverage_integrity_report.json
HM-088,40b9b0708d888a015abe5043bb273c3c6ee601ae,NUDT5_Finished_Paper_1.docx:word/document.xml,11ef96824597f47daa1e6152caea8dc87cb3ebd6d78fd41be3baad14d31cca35,P212,CURRENT@40b9b0708d888a015abe5043bb273c3c6ee601ae,"128  compounds), ChEMBL, and PDB ligands. Total: 28 unique NUDT5 actives with IC50",PARTIALLY IMPLEMENTED,scripts/scripts/pipeline.py:read_compounds:67-132;main:642-711,"Raw CSV46=20 positive+26decoy; valid45=19+26. Original repeats26 decoys20x to520 rows, not520 unique. No28-actives/347-proxy/1400-decoy artifacts or data-collection routine.",docx_blocks.json:P212; original-manuscript.txt matching paragraph marker where present,"Cut unsupported cohort counts, label provenance remains incomplete; original files are evidence not verified biological ground truth.","DESCRIBED ONLY for theoretical/citation claims means no executed-method evidence, not an assertion that source literature is false. No biological conclusions follow from software presence.",audit_provenance.json; commands_run.md,,48ac351437d5f6a337314961d50255f58a89a1d464e55fbdb70db9afcdefb54b,40b9b0708d888a015abe5043bb273c3c6ee601ae,5ee7257be5a09c9862c2ead2f98416e1e8d1b2fa875624ca009df5cb95934bbb,input_manifest.json; commands_run.md; coverage_integrity_report.json
HM-089,40b9b0708d888a015abe5043bb273c3c6ee601ae,NUDT5_Finished_Paper_1.docx:word/document.xml,11ef96824597f47daa1e6152caea8dc87cb3ebd6d78fd41be3baad14d31cca35,P213,ORIGINAL_RELEASE@8c2a1b6990df1e140e15ab5a0eabea69b70eee14,129  data. MTH1 proxy actives from ChEMBL: 347 compounds with IC50 < 10  M. Decoy,PARTIALLY IMPLEMENTED,scripts/scripts/pipeline.py:load_compounds:53-66;main:173-183,"Raw CSV46=20 positive+26decoy; valid45=19+26. Original repeats26 decoys20x to520 rows, not520 unique. No28-actives/347-proxy/1400-decoy artifacts or data-collection routine.",docx_blocks.json:P213; original-manuscript.txt matching paragraph marker where present,"Cut unsupported cohort counts, label provenance remains incomplete; original files are evidence not verified biological ground truth.","DESCRIBED ONLY for theoretical/citation claims means no executed-method evidence, not an assertion that source literature is false. No biological conclusions follow from software presence.",audit_provenance.json; commands_run.md,,48ac351437d5f6a337314961d50255f58a89a1d464e55fbdb70db9afcdefb54b,40b9b0708d888a015abe5043bb273c3c6ee601ae,5ee7257be5a09c9862c2ead2f98416e1e8d1b2fa875624ca009df5cb95934bbb,input_manifest.json; commands_run.md; coverage_integrity_report.json
HM-090,40b9b0708d888a015abe5043bb273c3c6ee601ae,NUDT5_Finished_Paper_1.docx:word/document.xml,11ef96824597f47daa1e6152caea8dc87cb3ebd6d78fd41be3baad14d31cca35,P213,CURRENT@40b9b0708d888a015abe5043bb273c3c6ee601ae,129  data. MTH1 proxy actives from ChEMBL: 347 compounds with IC50 < 10  M. Decoy,PARTIALLY IMPLEMENTED,scripts/scripts/pipeline.py:read_compounds:67-132;main:642-711,"Raw CSV46=20 positive+26decoy; valid45=19+26. Original repeats26 decoys20x to520 rows, not520 unique. No28-actives/347-proxy/1400-decoy artifacts or data-collection routine.",docx_blocks.json:P213; original-manuscript.txt matching paragraph marker where present,"Cut unsupported cohort counts, label provenance remains incomplete; original files are evidence not verified biological ground truth.","DESCRIBED ONLY for theoretical/citation claims means no executed-method evidence, not an assertion that source literature is false. No biological conclusions follow from software presence.",audit_provenance.json; commands_run.md,,48ac351437d5f6a337314961d50255f58a89a1d464e55fbdb70db9afcdefb54b,40b9b0708d888a015abe5043bb273c3c6ee601ae,5ee7257be5a09c9862c2ead2f98416e1e8d1b2fa875624ca009df5cb95934bbb,input_manifest.json; commands_run.md; coverage_integrity_report.json
HM-091,40b9b0708d888a015abe5043bb273c3c6ee601ae,NUDT5_Finished_Paper_1.docx:word/document.xml,11ef96824597f47daa1e6152caea8dc87cb3ebd6d78fd41be3baad14d31cca35,P214,ORIGINAL_RELEASE@8c2a1b6990df1e140e15ab5a0eabea69b70eee14,"130  generation: 50 per active (DUD-E), total 1,400 decoys for NUDT5 actives.",PARTIALLY IMPLEMENTED,scripts/scripts/pipeline.py:load_compounds:53-66;main:173-183,"Raw CSV46=20 positive+26decoy; valid45=19+26. Original repeats26 decoys20x to520 rows, not520 unique. No28-actives/347-proxy/1400-decoy artifacts or data-collection routine.",docx_blocks.json:P214; original-manuscript.txt matching paragraph marker where present,"Cut unsupported cohort counts, label provenance remains incomplete; original files are evidence not verified biological ground truth.","DESCRIBED ONLY for theoretical/citation claims means no executed-method evidence, not an assertion that source literature is false. No biological conclusions follow from software presence.",audit_provenance.json; commands_run.md,,48ac351437d5f6a337314961d50255f58a89a1d464e55fbdb70db9afcdefb54b,40b9b0708d888a015abe5043bb273c3c6ee601ae,5ee7257be5a09c9862c2ead2f98416e1e8d1b2fa875624ca009df5cb95934bbb,input_manifest.json; commands_run.md; coverage_integrity_report.json
HM-092,40b9b0708d888a015abe5043bb273c3c6ee601ae,NUDT5_Finished_Paper_1.docx:word/document.xml,11ef96824597f47daa1e6152caea8dc87cb3ebd6d78fd41be3baad14d31cca35,P214,CURRENT@40b9b0708d888a015abe5043bb273c3c6ee601ae,"130  generation: 50 per active (DUD-E), total 1,400 decoys for NUDT5 actives.",PARTIALLY IMPLEMENTED,scripts/scripts/pipeline.py:read_compounds:67-132;main:642-711,"Raw CSV46=20 positive+26decoy; valid45=19+26. Original repeats26 decoys20x to520 rows, not520 unique. No28-actives/347-proxy/1400-decoy artifacts or data-collection routine.",docx_blocks.json:P214; original-manuscript.txt matching paragraph marker where present,"Cut unsupported cohort counts, label provenance remains incomplete; original files are evidence not verified biological ground truth.","DESCRIBED ONLY for theoretical/citation claims means no executed-method evidence, not an assertion that source literature is false. No biological conclusions follow from software presence.",audit_provenance.json; commands_run.md,,48ac351437d5f6a337314961d50255f58a89a1d464e55fbdb70db9afcdefb54b,40b9b0708d888a015abe5043bb273c3c6ee601ae,5ee7257be5a09c9862c2ead2f98416e1e8d1b2fa875624ca009df5cb95934bbb,input_manifest.json; commands_run.md; coverage_integrity_report.json
HM-093,40b9b0708d888a015abe5043bb273c3c6ee601ae,NUDT5_Finished_Paper_1.docx:word/document.xml,11ef96824597f47daa1e6152caea8dc87cb3ebd6d78fd41be3baad14d31cca35,P217,ORIGINAL_RELEASE@8c2a1b6990df1e140e15ab5a0eabea69b70eee14,132  PDB 5NWH; PropKa 3.0 [39] at pH 7.4; retain waters within 5  and Mg2+; OPLS4 mini-,DESCRIBED ONLY,No corresponding implementation in ORIGINAL tracked executable source; source_file_inventory.json,No corresponding model parameters/artifacts supplied.,docx_blocks.json:P217; original-manuscript.txt matching paragraph marker where present,Cut as an executed-method claim from Path B; at most identify it as historical unsupported description.,"DESCRIBED ONLY for theoretical/citation claims means no executed-method evidence, not an assertion that source literature is false. No biological conclusions follow from software presence.",audit_provenance.json; commands_run.md,,48ac351437d5f6a337314961d50255f58a89a1d464e55fbdb70db9afcdefb54b,40b9b0708d888a015abe5043bb273c3c6ee601ae,5ee7257be5a09c9862c2ead2f98416e1e8d1b2fa875624ca009df5cb95934bbb,input_manifest.json; commands_run.md; coverage_integrity_report.json
HM-094,40b9b0708d888a015abe5043bb273c3c6ee601ae,NUDT5_Finished_Paper_1.docx:word/document.xml,11ef96824597f47daa1e6152caea8dc87cb3ebd6d78fd41be3baad14d31cca35,P217,CURRENT@40b9b0708d888a015abe5043bb273c3c6ee601ae,132  PDB 5NWH; PropKa 3.0 [39] at pH 7.4; retain waters within 5  and Mg2+; OPLS4 mini-,DESCRIBED ONLY,No corresponding implementation in CURRENT tracked executable source; source_file_inventory.json,No corresponding model parameters/artifacts supplied.,docx_blocks.json:P217; original-manuscript.txt matching paragraph marker where present,Cut as an executed-method claim from Path B; at most identify it as historical unsupported description.,"DESCRIBED ONLY for theoretical/citation claims means no executed-method evidence, not an assertion that source literature is false. No biological conclusions follow from software presence.",audit_provenance.json; commands_run.md,,48ac351437d5f6a337314961d50255f58a89a1d464e55fbdb70db9afcdefb54b,40b9b0708d888a015abe5043bb273c3c6ee601ae,5ee7257be5a09c9862c2ead2f98416e1e8d1b2fa875624ca009df5cb95934bbb,input_manifest.json; commands_run.md; coverage_integrity_report.json
HM-095,40b9b0708d888a015abe5043bb273c3c6ee601ae,NUDT5_Finished_Paper_1.docx:word/document.xml,11ef96824597f47daa1e6152caea8dc87cb3ebd6d78fd41be3baad14d31cca35,P218,ORIGINAL_RELEASE@8c2a1b6990df1e140e15ab5a0eabea69b70eee14,"133  mization. Grid centered on TH5427 (inner 10 , outer 25 ).",DESCRIBED ONLY,No corresponding implementation in ORIGINAL tracked executable source; source_file_inventory.json,No corresponding model parameters/artifacts supplied.,docx_blocks.json:P218; original-manuscript.txt matching paragraph marker where present,Cut as an executed-method claim from Path B; at most identify it as historical unsupported description.,"DESCRIBED ONLY for theoretical/citation claims means no executed-method evidence, not an assertion that source literature is false. No biological conclusions follow from software presence.",audit_provenance.json; commands_run.md,,48ac351437d5f6a337314961d50255f58a89a1d464e55fbdb70db9afcdefb54b,40b9b0708d888a015abe5043bb273c3c6ee601ae,5ee7257be5a09c9862c2ead2f98416e1e8d1b2fa875624ca009df5cb95934bbb,input_manifest.json; commands_run.md; coverage_integrity_report.json
HM-096,40b9b0708d888a015abe5043bb273c3c6ee601ae,NUDT5_Finished_Paper_1.docx:word/document.xml,11ef96824597f47daa1e6152caea8dc87cb3ebd6d78fd41be3baad14d31cca35,P218,CURRENT@40b9b0708d888a015abe5043bb273c3c6ee601ae,"133  mization. Grid centered on TH5427 (inner 10 , outer 25 ).",DESCRIBED ONLY,No corresponding implementation in CURRENT tracked executable source; source_file_inventory.json,No corresponding model parameters/artifacts supplied.,docx_blocks.json:P218; original-manuscript.txt matching paragraph marker where present,Cut as an executed-method claim from Path B; at most identify it as historical unsupported description.,"DESCRIBED ONLY for theoretical/citation claims means no executed-method evidence, not an assertion that source literature is false. No biological conclusions follow from software presence.",audit_provenance.json; commands_run.md,,48ac351437d5f6a337314961d50255f58a89a1d464e55fbdb70db9afcdefb54b,40b9b0708d888a015abe5043bb273c3c6ee601ae,5ee7257be5a09c9862c2ead2f98416e1e8d1b2fa875624ca009df5cb95934bbb,input_manifest.json; commands_run.md; coverage_integrity_report.json
HM-097,40b9b0708d888a015abe5043bb273c3c6ee601ae,NUDT5_Finished_Paper_1.docx:word/document.xml,11ef96824597f47daa1e6152caea8dc87cb3ebd6d78fd41be3baad14d31cca35,P221,ORIGINAL_RELEASE@8c2a1b6990df1e140e15ab5a0eabea69b70eee14,"135  Five features derived from 5NWH (Table 3). Validated: TH5427 (5/5 match), TH1713 (4/5),",DESCRIBED ONLY,No corresponding implementation in ORIGINAL tracked executable source; source_file_inventory.json,No corresponding model parameters/artifacts supplied.,docx_blocks.json:P221; original-manuscript.txt matching paragraph marker where present,Cut as an executed-method claim from Path B; at most identify it as historical unsupported description.,"DESCRIBED ONLY for theoretical/citation claims means no executed-method evidence, not an assertion that source literature is false. No biological conclusions follow from software presence.",audit_provenance.json; commands_run.md,,48ac351437d5f6a337314961d50255f58a89a1d464e55fbdb70db9afcdefb54b,40b9b0708d888a015abe5043bb273c3c6ee601ae,5ee7257be5a09c9862c2ead2f98416e1e8d1b2fa875624ca009df5cb95934bbb,input_manifest.json; commands_run.md; coverage_integrity_report.json
HM-098,40b9b0708d888a015abe5043bb273c3c6ee601ae,NUDT5_Finished_Paper_1.docx:word/document.xml,11ef96824597f47daa1e6152caea8dc87cb3ebd6d78fd41be3baad14d31cca35,P221,CURRENT@40b9b0708d888a015abe5043bb273c3c6ee601ae,"135  Five features derived from 5NWH (Table 3). Validated: TH5427 (5/5 match), TH1713 (4/5),",DESCRIBED ONLY,No corresponding implementation in CURRENT tracked executable source; source_file_inventory.json,No corresponding model parameters/artifacts supplied.,docx_blocks.json:P221; original-manuscript.txt matching paragraph marker where present,Cut as an executed-method claim from Path B; at most identify it as historical unsupported description.,"DESCRIBED ONLY for theoretical/citation claims means no executed-method evidence, not an assertion that source literature is false. No biological conclusions follow from software presence.",audit_provenance.json; commands_run.md,,48ac351437d5f6a337314961d50255f58a89a1d464e55fbdb70db9afcdefb54b,40b9b0708d888a015abe5043bb273c3c6ee601ae,5ee7257be5a09c9862c2ead2f98416e1e8d1b2fa875624ca009df5cb95934bbb,input_manifest.json; commands_run.md; coverage_integrity_report.json
HM-099,40b9b0708d888a015abe5043bb273c3c6ee601ae,NUDT5_Finished_Paper_1.docx:word/document.xml,11ef96824597f47daa1e6152caea8dc87cb3ebd6d78fd41be3baad14d31cca35,P222,ORIGINAL_RELEASE@8c2a1b6990df1e140e15ab5a0eabea69b70eee14,"136  ibrutinib (3/5 mandatory features match), ADPR (3/5).",DESCRIBED ONLY,No corresponding implementation in ORIGINAL tracked executable source; source_file_inventory.json,No corresponding model parameters/artifacts supplied.,docx_blocks.json:P222; original-manuscript.txt matching paragraph marker where present,Cut as an executed-method claim from Path B; at most identify it as historical unsupported description.,"DESCRIBED ONLY for theoretical/citation claims means no executed-method evidence, not an assertion that source literature is false. No biological conclusions follow from software presence.",audit_provenance.json; commands_run.md,,48ac351437d5f6a337314961d50255f58a89a1d464e55fbdb70db9afcdefb54b,40b9b0708d888a015abe5043bb273c3c6ee601ae,5ee7257be5a09c9862c2ead2f98416e1e8d1b2fa875624ca009df5cb95934bbb,input_manifest.json; commands_run.md; coverage_integrity_report.json
HM-100,40b9b0708d888a015abe5043bb273c3c6ee601ae,NUDT5_Finished_Paper_1.docx:word/document.xml,11ef96824597f47daa1e6152caea8dc87cb3ebd6d78fd41be3baad14d31cca35,P222,CURRENT@40b9b0708d888a015abe5043bb273c3c6ee601ae,"136  ibrutinib (3/5 mandatory features match), ADPR (3/5).",DESCRIBED ONLY,No corresponding implementation in CURRENT tracked executable source; source_file_inventory.json,No corresponding model parameters/artifacts supplied.,docx_blocks.json:P222; original-manuscript.txt matching paragraph marker where present,Cut as an executed-method claim from Path B; at most identify it as historical unsupported description.,"DESCRIBED ONLY for theoretical/citation claims means no executed-method evidence, not an assertion that source literature is false. No biological conclusions follow from software presence.",audit_provenance.json; commands_run.md,,48ac351437d5f6a337314961d50255f58a89a1d464e55fbdb70db9afcdefb54b,40b9b0708d888a015abe5043bb273c3c6ee601ae,5ee7257be5a09c9862c2ead2f98416e1e8d1b2fa875624ca009df5cb95934bbb,input_manifest.json; commands_run.md; coverage_integrity_report.json
HM-101,40b9b0708d888a015abe5043bb273c3c6ee601ae,NUDT5_Finished_Paper_1.docx:word/document.xml,11ef96824597f47daa1e6152caea8dc87cb3ebd6d78fd41be3baad14d31cca35,P223,ORIGINAL_RELEASE@8c2a1b6990df1e140e15ab5a0eabea69b70eee14,Table 3: NUDT5 pharmacophore features. ϕ1 ϕ3 mandatory.,DESCRIBED ONLY,"No pharmacophore model/matching or validation in original/current tracked code. Current scripts/scripts/structure_comparison.py:proximity:523-601 is observed-distance analysis, not pharmacophore validation.","Historical Table3 exact feature/contact/tolerance cell; raw units/glyphs as extracted, no invented Angstrom token.",docx_blocks.json:P223; original-manuscript.txt matching paragraph marker where present,Cut claimed executed/validated five-feature pharmacophore from Path B; coordinate proximity does not validate it.,"DESCRIBED ONLY for theoretical/citation claims means no executed-method evidence, not an assertion that source literature is false. No biological conclusions follow from software presence.",audit_provenance.json; commands_run.md,,48ac351437d5f6a337314961d50255f58a89a1d464e55fbdb70db9afcdefb54b,40b9b0708d888a015abe5043bb273c3c6ee601ae,5ee7257be5a09c9862c2ead2f98416e1e8d1b2fa875624ca009df5cb95934bbb,input_manifest.json; commands_run.md; coverage_integrity_report.json
HM-102,40b9b0708d888a015abe5043bb273c3c6ee601ae,NUDT5_Finished_Paper_1.docx:word/document.xml,11ef96824597f47daa1e6152caea8dc87cb3ebd6d78fd41be3baad14d31cca35,P223,CURRENT@40b9b0708d888a015abe5043bb273c3c6ee601ae,Table 3: NUDT5 pharmacophore features. ϕ1 ϕ3 mandatory.,DESCRIBED ONLY,"No pharmacophore model/matching or validation in original/current tracked code. Current scripts/scripts/structure_comparison.py:proximity:523-601 is observed-distance analysis, not pharmacophore validation.","Historical Table3 exact feature/contact/tolerance cell; raw units/glyphs as extracted, no invented Angstrom token.",docx_blocks.json:P223; original-manuscript.txt matching paragraph marker where present,Cut claimed executed/validated five-feature pharmacophore from Path B; coordinate proximity does not validate it.,"DESCRIBED ONLY for theoretical/citation claims means no executed-method evidence, not an assertion that source literature is false. No biological conclusions follow from software presence.",audit_provenance.json; commands_run.md,,48ac351437d5f6a337314961d50255f58a89a1d464e55fbdb70db9afcdefb54b,40b9b0708d888a015abe5043bb273c3c6ee601ae,5ee7257be5a09c9862c2ead2f98416e1e8d1b2fa875624ca009df5cb95934bbb,input_manifest.json; commands_run.md; coverage_integrity_report.json
HM-103,40b9b0708d888a015abe5043bb273c3c6ee601ae,NUDT5_Finished_Paper_1.docx:word/document.xml,11ef96824597f47daa1e6152caea8dc87cb3ebd6d78fd41be3baad14d31cca35,T03R02C01,ORIGINAL_RELEASE@8c2a1b6990df1e140e15ab5a0eabea69b70eee14,ϕ1,DESCRIBED ONLY,"No pharmacophore model/matching or validation in original/current tracked code. Current scripts/scripts/structure_comparison.py:proximity:523-601 is observed-distance analysis, not pharmacophore validation.","Historical Table3 exact feature/contact/tolerance cell; raw units/glyphs as extracted, no invented Angstrom token.",docx_blocks.json:T03R02C01; original-manuscript.txt matching paragraph marker where present,Cut claimed executed/validated five-feature pharmacophore from Path B; coordinate proximity does not validate it.,"DESCRIBED ONLY for theoretical/citation claims means no executed-method evidence, not an assertion that source literature is false. No biological conclusions follow from software presence.",audit_provenance.json; commands_run.md,,48ac351437d5f6a337314961d50255f58a89a1d464e55fbdb70db9afcdefb54b,40b9b0708d888a015abe5043bb273c3c6ee601ae,5ee7257be5a09c9862c2ead2f98416e1e8d1b2fa875624ca009df5cb95934bbb,input_manifest.json; commands_run.md; coverage_integrity_report.json
HM-104,40b9b0708d888a015abe5043bb273c3c6ee601ae,NUDT5_Finished_Paper_1.docx:word/document.xml,11ef96824597f47daa1e6152caea8dc87cb3ebd6d78fd41be3baad14d31cca35,T03R02C01,CURRENT@40b9b0708d888a015abe5043bb273c3c6ee601ae,ϕ1,DESCRIBED ONLY,"No pharmacophore model/matching or validation in original/current tracked code. Current scripts/scripts/structure_comparison.py:proximity:523-601 is observed-distance analysis, not pharmacophore validation.","Historical Table3 exact feature/contact/tolerance cell; raw units/glyphs as extracted, no invented Angstrom token.",docx_blocks.json:T03R02C01; original-manuscript.txt matching paragraph marker where present,Cut claimed executed/validated five-feature pharmacophore from Path B; coordinate proximity does not validate it.,"DESCRIBED ONLY for theoretical/citation claims means no executed-method evidence, not an assertion that source literature is false. No biological conclusions follow from software presence.",audit_provenance.json; commands_run.md,,48ac351437d5f6a337314961d50255f58a89a1d464e55fbdb70db9afcdefb54b,40b9b0708d888a015abe5043bb273c3c6ee601ae,5ee7257be5a09c9862c2ead2f98416e1e8d1b2fa875624ca009df5cb95934bbb,input_manifest.json; commands_run.md; coverage_integrity_report.json
HM-105,40b9b0708d888a015abe5043bb273c3c6ee601ae,NUDT5_Finished_Paper_1.docx:word/document.xml,11ef96824597f47daa1e6152caea8dc87cb3ebd6d78fd41be3baad14d31cca35,T03R02C02,ORIGINAL_RELEASE@8c2a1b6990df1e140e15ab5a0eabea69b70eee14,Aromatic/hydrophobic,DESCRIBED ONLY,"No pharmacophore model/matching or validation in original/current tracked code. Current scripts/scripts/structure_comparison.py:proximity:523-601 is observed-distance analysis, not pharmacophore validation.","Historical Table3 exact feature/contact/tolerance cell; raw units/glyphs as extracted, no invented Angstrom token.",docx_blocks.json:T03R02C02; original-manuscript.txt matching paragraph marker where present,Cut claimed executed/validated five-feature pharmacophore from Path B; coordinate proximity does not validate it.,"DESCRIBED ONLY for theoretical/citation claims means no executed-method evidence, not an assertion that source literature is false. No biological conclusions follow from software presence.",audit_provenance.json; commands_run.md,,48ac351437d5f6a337314961d50255f58a89a1d464e55fbdb70db9afcdefb54b,40b9b0708d888a015abe5043bb273c3c6ee601ae,5ee7257be5a09c9862c2ead2f98416e1e8d1b2fa875624ca009df5cb95934bbb,input_manifest.json; commands_run.md; coverage_integrity_report.json
HM-106,40b9b0708d888a015abe5043bb273c3c6ee601ae,NUDT5_Finished_Paper_1.docx:word/document.xml,11ef96824597f47daa1e6152caea8dc87cb3ebd6d78fd41be3baad14d31cca35,T03R02C02,CURRENT@40b9b0708d888a015abe5043bb273c3c6ee601ae,Aromatic/hydrophobic,DESCRIBED ONLY,"No pharmacophore model/matching or validation in original/current tracked code. Current scripts/scripts/structure_comparison.py:proximity:523-601 is observed-distance analysis, not pharmacophore validation.","Historical Table3 exact feature/contact/tolerance cell; raw units/glyphs as extracted, no invented Angstrom token.",docx_blocks.json:T03R02C02; original-manuscript.txt matching paragraph marker where present,Cut claimed executed/validated five-feature pharmacophore from Path B; coordinate proximity does not validate it.,"DESCRIBED ONLY for theoretical/citation claims means no executed-method evidence, not an assertion that source literature is false. No biological conclusions follow from software presence.",audit_provenance.json; commands_run.md,,48ac351437d5f6a337314961d50255f58a89a1d464e55fbdb70db9afcdefb54b,40b9b0708d888a015abe5043bb273c3c6ee601ae,5ee7257be5a09c9862c2ead2f98416e1e8d1b2fa875624ca009df5cb95934bbb,input_manifest.json; commands_run.md; coverage_integrity_report.json
HM-107,40b9b0708d888a015abe5043bb273c3c6ee601ae,NUDT5_Finished_Paper_1.docx:word/document.xml,11ef96824597f47daa1e6152caea8dc87cb3ebd6d78fd41be3baad14d31cca35,T03R02C03,ORIGINAL_RELEASE@8c2a1b6990df1e140e15ab5a0eabea69b70eee14,Trp28(A)/Trp46(B),DESCRIBED ONLY,"No pharmacophore model/matching or validation in original/current tracked code. Current scripts/scripts/structure_comparison.py:proximity:523-601 is observed-distance analysis, not pharmacophore validation.","Historical Table3 exact feature/contact/tolerance cell; raw units/glyphs as extracted, no invented Angstrom token.",docx_blocks.json:T03R02C03; original-manuscript.txt matching paragraph marker where present,Cut claimed executed/validated five-feature pharmacophore from Path B; coordinate proximity does not validate it.,"DESCRIBED ONLY for theoretical/citation claims means no executed-method evidence, not an assertion that source literature is false. No biological conclusions follow from software presence.",audit_provenance.json; commands_run.md,,48ac351437d5f6a337314961d50255f58a89a1d464e55fbdb70db9afcdefb54b,40b9b0708d888a015abe5043bb273c3c6ee601ae,5ee7257be5a09c9862c2ead2f98416e1e8d1b2fa875624ca009df5cb95934bbb,input_manifest.json; commands_run.md; coverage_integrity_report.json
HM-108,40b9b0708d888a015abe5043bb273c3c6ee601ae,NUDT5_Finished_Paper_1.docx:word/document.xml,11ef96824597f47daa1e6152caea8dc87cb3ebd6d78fd41be3baad14d31cca35,T03R02C03,CURRENT@40b9b0708d888a015abe5043bb273c3c6ee601ae,Trp28(A)/Trp46(B),DESCRIBED ONLY,"No pharmacophore model/matching or validation in original/current tracked code. Current scripts/scripts/structure_comparison.py:proximity:523-601 is observed-distance analysis, not pharmacophore validation.","Historical Table3 exact feature/contact/tolerance cell; raw units/glyphs as extracted, no invented Angstrom token.",docx_blocks.json:T03R02C03; original-manuscript.txt matching paragraph marker where present,Cut claimed executed/validated five-feature pharmacophore from Path B; coordinate proximity does not validate it.,"DESCRIBED ONLY for theoretical/citation claims means no executed-method evidence, not an assertion that source literature is false. No biological conclusions follow from software presence.",audit_provenance.json; commands_run.md,,48ac351437d5f6a337314961d50255f58a89a1d464e55fbdb70db9afcdefb54b,40b9b0708d888a015abe5043bb273c3c6ee601ae,5ee7257be5a09c9862c2ead2f98416e1e8d1b2fa875624ca009df5cb95934bbb,input_manifest.json; commands_run.md; coverage_integrity_report.json
HM-109,40b9b0708d888a015abe5043bb273c3c6ee601ae,NUDT5_Finished_Paper_1.docx:word/document.xml,11ef96824597f47daa1e6152caea8dc87cb3ebd6d78fd41be3baad14d31cca35,T03R02C04,ORIGINAL_RELEASE@8c2a1b6990df1e140e15ab5a0eabea69b70eee14,1.5 ,DESCRIBED ONLY,"No pharmacophore model/matching or validation in original/current tracked code. Current scripts/scripts/structure_comparison.py:proximity:523-601 is observed-distance analysis, not pharmacophore validation.","Historical Table3 exact feature/contact/tolerance cell; raw units/glyphs as extracted, no invented Angstrom token.",docx_blocks.json:T03R02C04; original-manuscript.txt matching paragraph marker where present,Cut claimed executed/validated five-feature pharmacophore from Path B; coordinate proximity does not validate it.,"DESCRIBED ONLY for theoretical/citation claims means no executed-method evidence, not an assertion that source literature is false. No biological conclusions follow from software presence.",audit_provenance.json; commands_run.md,,48ac351437d5f6a337314961d50255f58a89a1d464e55fbdb70db9afcdefb54b,40b9b0708d888a015abe5043bb273c3c6ee601ae,5ee7257be5a09c9862c2ead2f98416e1e8d1b2fa875624ca009df5cb95934bbb,input_manifest.json; commands_run.md; coverage_integrity_report.json
HM-110,40b9b0708d888a015abe5043bb273c3c6ee601ae,NUDT5_Finished_Paper_1.docx:word/document.xml,11ef96824597f47daa1e6152caea8dc87cb3ebd6d78fd41be3baad14d31cca35,T03R02C04,CURRENT@40b9b0708d888a015abe5043bb273c3c6ee601ae,1.5 ,DESCRIBED ONLY,"No pharmacophore model/matching or validation in original/current tracked code. Current scripts/scripts/structure_comparison.py:proximity:523-601 is observed-distance analysis, not pharmacophore validation.","Historical Table3 exact feature/contact/tolerance cell; raw units/glyphs as extracted, no invented Angstrom token.",docx_blocks.json:T03R02C04; original-manuscript.txt matching paragraph marker where present,Cut claimed executed/validated five-feature pharmacophore from Path B; coordinate proximity does not validate it.,"DESCRIBED ONLY for theoretical/citation claims means no executed-method evidence, not an assertion that source literature is false. No biological conclusions follow from software presence.",audit_provenance.json; commands_run.md,,48ac351437d5f6a337314961d50255f58a89a1d464e55fbdb70db9afcdefb54b,40b9b0708d888a015abe5043bb273c3c6ee601ae,5ee7257be5a09c9862c2ead2f98416e1e8d1b2fa875624ca009df5cb95934bbb,input_manifest.json; commands_run.md; coverage_integrity_report.json
HM-111,40b9b0708d888a015abe5043bb273c3c6ee601ae,NUDT5_Finished_Paper_1.docx:word/document.xml,11ef96824597f47daa1e6152caea8dc87cb3ebd6d78fd41be3baad14d31cca35,T03R03C01,ORIGINAL_RELEASE@8c2a1b6990df1e140e15ab5a0eabea69b70eee14,ϕ2,DESCRIBED ONLY,"No pharmacophore model/matching or validation in original/current tracked code. Current scripts/scripts/structure_comparison.py:proximity:523-601 is observed-distance analysis, not pharmacophore validation.","Historical Table3 exact feature/contact/tolerance cell; raw units/glyphs as extracted, no invented Angstrom token.",docx_blocks.json:T03R03C01; original-manuscript.txt matching paragraph marker where present,Cut claimed executed/validated five-feature pharmacophore from Path B; coordinate proximity does not validate it.,"DESCRIBED ONLY for theoretical/citation claims means no executed-method evidence, not an assertion that source literature is false. No biological conclusions follow from software presence.",audit_provenance.json; commands_run.md,,48ac351437d5f6a337314961d50255f58a89a1d464e55fbdb70db9afcdefb54b,40b9b0708d888a015abe5043bb273c3c6ee601ae,5ee7257be5a09c9862c2ead2f98416e1e8d1b2fa875624ca009df5cb95934bbb,input_manifest.json; commands_run.md; coverage_integrity_report.json
HM-112,40b9b0708d888a015abe5043bb273c3c6ee601ae,NUDT5_Finished_Paper_1.docx:word/document.xml,11ef96824597f47daa1e6152caea8dc87cb3ebd6d78fd41be3baad14d31cca35,T03R03C01,CURRENT@40b9b0708d888a015abe5043bb273c3c6ee601ae,ϕ2,DESCRIBED ONLY,"No pharmacophore model/matching or validation in original/current tracked code. Current scripts/scripts/structure_comparison.py:proximity:523-601 is observed-distance analysis, not pharmacophore validation.","Historical Table3 exact feature/contact/tolerance cell; raw units/glyphs as extracted, no invented Angstrom token.",docx_blocks.json:T03R03C01; original-manuscript.txt matching paragraph marker where present,Cut claimed executed/validated five-feature pharmacophore from Path B; coordinate proximity does not validate it.,"DESCRIBED ONLY for theoretical/citation claims means no executed-method evidence, not an assertion that source literature is false. No biological conclusions follow from software presence.",audit_provenance.json; commands_run.md,,48ac351437d5f6a337314961d50255f58a89a1d464e55fbdb70db9afcdefb54b,40b9b0708d888a015abe5043bb273c3c6ee601ae,5ee7257be5a09c9862c2ead2f98416e1e8d1b2fa875624ca009df5cb95934bbb,input_manifest.json; commands_run.md; coverage_integrity_report.json
HM-113,40b9b0708d888a015abe5043bb273c3c6ee601ae,NUDT5_Finished_Paper_1.docx:word/document.xml,11ef96824597f47daa1e6152caea8dc87cb3ebd6d78fd41be3baad14d31cca35,T03R03C02,ORIGINAL_RELEASE@8c2a1b6990df1e140e15ab5a0eabea69b70eee14,HB acceptor,DESCRIBED ONLY,"No pharmacophore model/matching or validation in original/current tracked code. Current scripts/scripts/structure_comparison.py:proximity:523-601 is observed-distance analysis, not pharmacophore validation.","Historical Table3 exact feature/contact/tolerance cell; raw units/glyphs as extracted, no invented Angstrom token.",docx_blocks.json:T03R03C02; original-manuscript.txt matching paragraph marker where present,Cut claimed executed/validated five-feature pharmacophore from Path B; coordinate proximity does not validate it.,"DESCRIBED ONLY for theoretical/citation claims means no executed-method evidence, not an assertion that source literature is false. No biological conclusions follow from software presence.",audit_provenance.json; commands_run.md,,48ac351437d5f6a337314961d50255f58a89a1d464e55fbdb70db9afcdefb54b,40b9b0708d888a015abe5043bb273c3c6ee601ae,5ee7257be5a09c9862c2ead2f98416e1e8d1b2fa875624ca009df5cb95934bbb,input_manifest.json; commands_run.md; coverage_integrity_report.json
HM-114,40b9b0708d888a015abe5043bb273c3c6ee601ae,NUDT5_Finished_Paper_1.docx:word/document.xml,11ef96824597f47daa1e6152caea8dc87cb3ebd6d78fd41be3baad14d31cca35,T03R03C02,CURRENT@40b9b0708d888a015abe5043bb273c3c6ee601ae,HB acceptor,DESCRIBED ONLY,"No pharmacophore model/matching or validation in original/current tracked code. Current scripts/scripts/structure_comparison.py:proximity:523-601 is observed-distance analysis, not pharmacophore validation.","Historical Table3 exact feature/contact/tolerance cell; raw units/glyphs as extracted, no invented Angstrom token.",docx_blocks.json:T03R03C02; original-manuscript.txt matching paragraph marker where present,Cut claimed executed/validated five-feature pharmacophore from Path B; coordinate proximity does not validate it.,"DESCRIBED ONLY for theoretical/citation claims means no executed-method evidence, not an assertion that source literature is false. No biological conclusions follow from software presence.",audit_provenance.json; commands_run.md,,48ac351437d5f6a337314961d50255f58a89a1d464e55fbdb70db9afcdefb54b,40b9b0708d888a015abe5043bb273c3c6ee601ae,5ee7257be5a09c9862c2ead2f98416e1e8d1b2fa875624ca009df5cb95934bbb,input_manifest.json; commands_run.md; coverage_integrity_report.json
HM-115,40b9b0708d888a015abe5043bb273c3c6ee601ae,NUDT5_Finished_Paper_1.docx:word/document.xml,11ef96824597f47daa1e6152caea8dc87cb3ebd6d78fd41be3baad14d31cca35,T03R03C03,ORIGINAL_RELEASE@8c2a1b6990df1e140e15ab5a0eabea69b70eee14,Arg51(A),DESCRIBED ONLY,"No pharmacophore model/matching or validation in original/current tracked code. Current scripts/scripts/structure_comparison.py:proximity:523-601 is observed-distance analysis, not pharmacophore validation.","Historical Table3 exact feature/contact/tolerance cell; raw units/glyphs as extracted, no invented Angstrom token.",docx_blocks.json:T03R03C03; original-manuscript.txt matching paragraph marker where present,Cut claimed executed/validated five-feature pharmacophore from Path B; coordinate proximity does not validate it.,"DESCRIBED ONLY for theoretical/citation claims means no executed-method evidence, not an assertion that source literature is false. No biological conclusions follow from software presence.",audit_provenance.json; commands_run.md,,48ac351437d5f6a337314961d50255f58a89a1d464e55fbdb70db9afcdefb54b,40b9b0708d888a015abe5043bb273c3c6ee601ae,5ee7257be5a09c9862c2ead2f98416e1e8d1b2fa875624ca009df5cb95934bbb,input_manifest.json; commands_run.md; coverage_integrity_report.json
HM-116,40b9b0708d888a015abe5043bb273c3c6ee601ae,NUDT5_Finished_Paper_1.docx:word/document.xml,11ef96824597f47daa1e6152caea8dc87cb3ebd6d78fd41be3baad14d31cca35,T03R03C03,CURRENT@40b9b0708d888a015abe5043bb273c3c6ee601ae,Arg51(A),DESCRIBED ONLY,"No pharmacophore model/matching or validation in original/current tracked code. Current scripts/scripts/structure_comparison.py:proximity:523-601 is observed-distance analysis, not pharmacophore validation.","Historical Table3 exact feature/contact/tolerance cell; raw units/glyphs as extracted, no invented Angstrom token.",docx_blocks.json:T03R03C03; original-manuscript.txt matching paragraph marker where present,Cut claimed executed/validated five-feature pharmacophore from Path B; coordinate proximity does not validate it.,"DESCRIBED ONLY for theoretical/citation claims means no executed-method evidence, not an assertion that source literature is false. No biological conclusions follow from software presence.",audit_provenance.json; commands_run.md,,48ac351437d5f6a337314961d50255f58a89a1d464e55fbdb70db9afcdefb54b,40b9b0708d888a015abe5043bb273c3c6ee601ae,5ee7257be5a09c9862c2ead2f98416e1e8d1b2fa875624ca009df5cb95934bbb,input_manifest.json; commands_run.md; coverage_integrity_report.json
HM-117,40b9b0708d888a015abe5043bb273c3c6ee601ae,NUDT5_Finished_Paper_1.docx:word/document.xml,11ef96824597f47daa1e6152caea8dc87cb3ebd6d78fd41be3baad14d31cca35,T03R03C04,ORIGINAL_RELEASE@8c2a1b6990df1e140e15ab5a0eabea69b70eee14,1.0 ,DESCRIBED ONLY,"No pharmacophore model/matching or validation in original/current tracked code. Current scripts/scripts/structure_comparison.py:proximity:523-601 is observed-distance analysis, not pharmacophore validation.","Historical Table3 exact feature/contact/tolerance cell; raw units/glyphs as extracted, no invented Angstrom token.",docx_blocks.json:T03R03C04; original-manuscript.txt matching paragraph marker where present,Cut claimed executed/validated five-feature pharmacophore from Path B; coordinate proximity does not validate it.,"DESCRIBED ONLY for theoretical/citation claims means no executed-method evidence, not an assertion that source literature is false. No biological conclusions follow from software presence.",audit_provenance.json; commands_run.md,,48ac351437d5f6a337314961d50255f58a89a1d464e55fbdb70db9afcdefb54b,40b9b0708d888a015abe5043bb273c3c6ee601ae,5ee7257be5a09c9862c2ead2f98416e1e8d1b2fa875624ca009df5cb95934bbb,input_manifest.json; commands_run.md; coverage_integrity_report.json
HM-118,40b9b0708d888a015abe5043bb273c3c6ee601ae,NUDT5_Finished_Paper_1.docx:word/document.xml,11ef96824597f47daa1e6152caea8dc87cb3ebd6d78fd41be3baad14d31cca35,T03R03C04,CURRENT@40b9b0708d888a015abe5043bb273c3c6ee601ae,1.0 ,DESCRIBED ONLY,"No pharmacophore model/matching or validation in original/current tracked code. Current scripts/scripts/structure_comparison.py:proximity:523-601 is observed-distance analysis, not pharmacophore validation.","Historical Table3 exact feature/contact/tolerance cell; raw units/glyphs as extracted, no invented Angstrom token.",docx_blocks.json:T03R03C04; original-manuscript.txt matching paragraph marker where present,Cut claimed executed/validated five-feature pharmacophore from Path B; coordinate proximity does not validate it.,"DESCRIBED ONLY for theoretical/citation claims means no executed-method evidence, not an assertion that source literature is false. No biological conclusions follow from software presence.",audit_provenance.json; commands_run.md,,48ac351437d5f6a337314961d50255f58a89a1d464e55fbdb70db9afcdefb54b,40b9b0708d888a015abe5043bb273c3c6ee601ae,5ee7257be5a09c9862c2ead2f98416e1e8d1b2fa875624ca009df5cb95934bbb,input_manifest.json; commands_run.md; coverage_integrity_report.json
HM-119,40b9b0708d888a015abe5043bb273c3c6ee601ae,NUDT5_Finished_Paper_1.docx:word/document.xml,11ef96824597f47daa1e6152caea8dc87cb3ebd6d78fd41be3baad14d31cca35,T03R04C01,ORIGINAL_RELEASE@8c2a1b6990df1e140e15ab5a0eabea69b70eee14,ϕ3,DESCRIBED ONLY,"No pharmacophore model/matching or validation in original/current tracked code. Current scripts/scripts/structure_comparison.py:proximity:523-601 is observed-distance analysis, not pharmacophore validation.","Historical Table3 exact feature/contact/tolerance cell; raw units/glyphs as extracted, no invented Angstrom token.",docx_blocks.json:T03R04C01; original-manuscript.txt matching paragraph marker where present,Cut claimed executed/validated five-feature pharmacophore from Path B; coordinate proximity does not validate it.,"DESCRIBED ONLY for theoretical/citation claims means no executed-method evidence, not an assertion that source literature is false. No biological conclusions follow from software presence.",audit_provenance.json; commands_run.md,,48ac351437d5f6a337314961d50255f58a89a1d464e55fbdb70db9afcdefb54b,40b9b0708d888a015abe5043bb273c3c6ee601ae,5ee7257be5a09c9862c2ead2f98416e1e8d1b2fa875624ca009df5cb95934bbb,input_manifest.json; commands_run.md; coverage_integrity_report.json
HM-120,40b9b0708d888a015abe5043bb273c3c6ee601ae,NUDT5_Finished_Paper_1.docx:word/document.xml,11ef96824597f47daa1e6152caea8dc87cb3ebd6d78fd41be3baad14d31cca35,T03R04C01,CURRENT@40b9b0708d888a015abe5043bb273c3c6ee601ae,ϕ3,DESCRIBED ONLY,"No pharmacophore model/matching or validation in original/current tracked code. Current scripts/scripts/structure_comparison.py:proximity:523-601 is observed-distance analysis, not pharmacophore validation.","Historical Table3 exact feature/contact/tolerance cell; raw units/glyphs as extracted, no invented Angstrom token.",docx_blocks.json:T03R04C01; original-manuscript.txt matching paragraph marker where present,Cut claimed executed/validated five-feature pharmacophore from Path B; coordinate proximity does not validate it.,"DESCRIBED ONLY for theoretical/citation claims means no executed-method evidence, not an assertion that source literature is false. No biological conclusions follow from software presence.",audit_provenance.json; commands_run.md,,48ac351437d5f6a337314961d50255f58a89a1d464e55fbdb70db9afcdefb54b,40b9b0708d888a015abe5043bb273c3c6ee601ae,5ee7257be5a09c9862c2ead2f98416e1e8d1b2fa875624ca009df5cb95934bbb,input_manifest.json; commands_run.md; coverage_integrity_report.json
HM-121,40b9b0708d888a015abe5043bb273c3c6ee601ae,NUDT5_Finished_Paper_1.docx:word/document.xml,11ef96824597f47daa1e6152caea8dc87cb3ebd6d78fd41be3baad14d31cca35,T03R04C02,ORIGINAL_RELEASE@8c2a1b6990df1e140e15ab5a0eabea69b70eee14,HB donor/acceptor,DESCRIBED ONLY,"No pharmacophore model/matching or validation in original/current tracked code. Current scripts/scripts/structure_comparison.py:proximity:523-601 is observed-distance analysis, not pharmacophore validation.","Historical Table3 exact feature/contact/tolerance cell; raw units/glyphs as extracted, no invented Angstrom token.",docx_blocks.json:T03R04C02; original-manuscript.txt matching paragraph marker where present,Cut claimed executed/validated five-feature pharmacophore from Path B; coordinate proximity does not validate it.,"DESCRIBED ONLY for theoretical/citation claims means no executed-method evidence, not an assertion that source literature is false. No biological conclusions follow from software presence.",audit_provenance.json; commands_run.md,,48ac351437d5f6a337314961d50255f58a89a1d464e55fbdb70db9afcdefb54b,40b9b0708d888a015abe5043bb273c3c6ee601ae,5ee7257be5a09c9862c2ead2f98416e1e8d1b2fa875624ca009df5cb95934bbb,input_manifest.json; commands_run.md; coverage_integrity_report.json
HM-122,40b9b0708d888a015abe5043bb273c3c6ee601ae,NUDT5_Finished_Paper_1.docx:word/document.xml,11ef96824597f47daa1e6152caea8dc87cb3ebd6d78fd41be3baad14d31cca35,T03R04C02,CURRENT@40b9b0708d888a015abe5043bb273c3c6ee601ae,HB donor/acceptor,DESCRIBED ONLY,"No pharmacophore model/matching or validation in original/current tracked code. Current scripts/scripts/structure_comparison.py:proximity:523-601 is observed-distance analysis, not pharmacophore validation.","Historical Table3 exact feature/contact/tolerance cell; raw units/glyphs as extracted, no invented Angstrom token.",docx_blocks.json:T03R04C02; original-manuscript.txt matching paragraph marker where present,Cut claimed executed/validated five-feature pharmacophore from Path B; coordinate proximity does not validate it.,"DESCRIBED ONLY for theoretical/citation claims means no executed-method evidence, not an assertion that source literature is false. No biological conclusions follow from software presence.",audit_provenance.json; commands_run.md,,48ac351437d5f6a337314961d50255f58a89a1d464e55fbdb70db9afcdefb54b,40b9b0708d888a015abe5043bb273c3c6ee601ae,5ee7257be5a09c9862c2ead2f98416e1e8d1b2fa875624ca009df5cb95934bbb,input_manifest.json; commands_run.md; coverage_integrity_report.json
HM-123,40b9b0708d888a015abe5043bb273c3c6ee601ae,NUDT5_Finished_Paper_1.docx:word/document.xml,11ef96824597f47daa1e6152caea8dc87cb3ebd6d78fd41be3baad14d31cca35,T03R04C03,ORIGINAL_RELEASE@8c2a1b6990df1e140e15ab5a0eabea69b70eee14,Glu47(B),DESCRIBED ONLY,"No pharmacophore model/matching or validation in original/current tracked code. Current scripts/scripts/structure_comparison.py:proximity:523-601 is observed-distance analysis, not pharmacophore validation.","Historical Table3 exact feature/contact/tolerance cell; raw units/glyphs as extracted, no invented Angstrom token.",docx_blocks.json:T03R04C03; original-manuscript.txt matching paragraph marker where present,Cut claimed executed/validated five-feature pharmacophore from Path B; coordinate proximity does not validate it.,"DESCRIBED ONLY for theoretical/citation claims means no executed-method evidence, not an assertion that source literature is false. No biological conclusions follow from software presence.",audit_provenance.json; commands_run.md,,48ac351437d5f6a337314961d50255f58a89a1d464e55fbdb70db9afcdefb54b,40b9b0708d888a015abe5043bb273c3c6ee601ae,5ee7257be5a09c9862c2ead2f98416e1e8d1b2fa875624ca009df5cb95934bbb,input_manifest.json; commands_run.md; coverage_integrity_report.json
HM-124,40b9b0708d888a015abe5043bb273c3c6ee601ae,NUDT5_Finished_Paper_1.docx:word/document.xml,11ef96824597f47daa1e6152caea8dc87cb3ebd6d78fd41be3baad14d31cca35,T03R04C03,CURRENT@40b9b0708d888a015abe5043bb273c3c6ee601ae,Glu47(B),DESCRIBED ONLY,"No pharmacophore model/matching or validation in original/current tracked code. Current scripts/scripts/structure_comparison.py:proximity:523-601 is observed-distance analysis, not pharmacophore validation.","Historical Table3 exact feature/contact/tolerance cell; raw units/glyphs as extracted, no invented Angstrom token.",docx_blocks.json:T03R04C03; original-manuscript.txt matching paragraph marker where present,Cut claimed executed/validated five-feature pharmacophore from Path B; coordinate proximity does not validate it.,"DESCRIBED ONLY for theoretical/citation claims means no executed-method evidence, not an assertion that source literature is false. No biological conclusions follow from software presence.",audit_provenance.json; commands_run.md,,48ac351437d5f6a337314961d50255f58a89a1d464e55fbdb70db9afcdefb54b,40b9b0708d888a015abe5043bb273c3c6ee601ae,5ee7257be5a09c9862c2ead2f98416e1e8d1b2fa875624ca009df5cb95934bbb,input_manifest.json; commands_run.md; coverage_integrity_report.json
HM-125,40b9b0708d888a015abe5043bb273c3c6ee601ae,NUDT5_Finished_Paper_1.docx:word/document.xml,11ef96824597f47daa1e6152caea8dc87cb3ebd6d78fd41be3baad14d31cca35,T03R04C04,ORIGINAL_RELEASE@8c2a1b6990df1e140e15ab5a0eabea69b70eee14,1.0 ,DESCRIBED ONLY,"No pharmacophore model/matching or validation in original/current tracked code. Current scripts/scripts/structure_comparison.py:proximity:523-601 is observed-distance analysis, not pharmacophore validation.","Historical Table3 exact feature/contact/tolerance cell; raw units/glyphs as extracted, no invented Angstrom token.",docx_blocks.json:T03R04C04; original-manuscript.txt matching paragraph marker where present,Cut claimed executed/validated five-feature pharmacophore from Path B; coordinate proximity does not validate it.,"DESCRIBED ONLY for theoretical/citation claims means no executed-method evidence, not an assertion that source literature is false. No biological conclusions follow from software presence.",audit_provenance.json; commands_run.md,,48ac351437d5f6a337314961d50255f58a89a1d464e55fbdb70db9afcdefb54b,40b9b0708d888a015abe5043bb273c3c6ee601ae,5ee7257be5a09c9862c2ead2f98416e1e8d1b2fa875624ca009df5cb95934bbb,input_manifest.json; commands_run.md; coverage_integrity_report.json
HM-126,40b9b0708d888a015abe5043bb273c3c6ee601ae,NUDT5_Finished_Paper_1.docx:word/document.xml,11ef96824597f47daa1e6152caea8dc87cb3ebd6d78fd41be3baad14d31cca35,T03R04C04,CURRENT@40b9b0708d888a015abe5043bb273c3c6ee601ae,1.0 ,DESCRIBED ONLY,"No pharmacophore model/matching or validation in original/current tracked code. Current scripts/scripts/structure_comparison.py:proximity:523-601 is observed-distance analysis, not pharmacophore validation.","Historical Table3 exact feature/contact/tolerance cell; raw units/glyphs as extracted, no invented Angstrom token.",docx_blocks.json:T03R04C04; original-manuscript.txt matching paragraph marker where present,Cut claimed executed/validated five-feature pharmacophore from Path B; coordinate proximity does not validate it.,"DESCRIBED ONLY for theoretical/citation claims means no executed-method evidence, not an assertion that source literature is false. No biological conclusions follow from software presence.",audit_provenance.json; commands_run.md,,48ac351437d5f6a337314961d50255f58a89a1d464e55fbdb70db9afcdefb54b,40b9b0708d888a015abe5043bb273c3c6ee601ae,5ee7257be5a09c9862c2ead2f98416e1e8d1b2fa875624ca009df5cb95934bbb,input_manifest.json; commands_run.md; coverage_integrity_report.json
HM-127,40b9b0708d888a015abe5043bb273c3c6ee601ae,NUDT5_Finished_Paper_1.docx:word/document.xml,11ef96824597f47daa1e6152caea8dc87cb3ebd6d78fd41be3baad14d31cca35,T03R05C01,ORIGINAL_RELEASE@8c2a1b6990df1e140e15ab5a0eabea69b70eee14,ϕ4,DESCRIBED ONLY,"No pharmacophore model/matching or validation in original/current tracked code. Current scripts/scripts/structure_comparison.py:proximity:523-601 is observed-distance analysis, not pharmacophore validation.","Historical Table3 exact feature/contact/tolerance cell; raw units/glyphs as extracted, no invented Angstrom token.",docx_blocks.json:T03R05C01; original-manuscript.txt matching paragraph marker where present,Cut claimed executed/validated five-feature pharmacophore from Path B; coordinate proximity does not validate it.,"DESCRIBED ONLY for theoretical/citation claims means no executed-method evidence, not an assertion that source literature is false. No biological conclusions follow from software presence.",audit_provenance.json; commands_run.md,,48ac351437d5f6a337314961d50255f58a89a1d464e55fbdb70db9afcdefb54b,40b9b0708d888a015abe5043bb273c3c6ee601ae,5ee7257be5a09c9862c2ead2f98416e1e8d1b2fa875624ca009df5cb95934bbb,input_manifest.json; commands_run.md; coverage_integrity_report.json
HM-128,40b9b0708d888a015abe5043bb273c3c6ee601ae,NUDT5_Finished_Paper_1.docx:word/document.xml,11ef96824597f47daa1e6152caea8dc87cb3ebd6d78fd41be3baad14d31cca35,T03R05C01,CURRENT@40b9b0708d888a015abe5043bb273c3c6ee601ae,ϕ4,DESCRIBED ONLY,"No pharmacophore model/matching or validation in original/current tracked code. Current scripts/scripts/structure_comparison.py:proximity:523-601 is observed-distance analysis, not pharmacophore validation.","Historical Table3 exact feature/contact/tolerance cell; raw units/glyphs as extracted, no invented Angstrom token.",docx_blocks.json:T03R05C01; original-manuscript.txt matching paragraph marker where present,Cut claimed executed/validated five-feature pharmacophore from Path B; coordinate proximity does not validate it.,"DESCRIBED ONLY for theoretical/citation claims means no executed-method evidence, not an assertion that source literature is false. No biological conclusions follow from software presence.",audit_provenance.json; commands_run.md,,48ac351437d5f6a337314961d50255f58a89a1d464e55fbdb70db9afcdefb54b,40b9b0708d888a015abe5043bb273c3c6ee601ae,5ee7257be5a09c9862c2ead2f98416e1e8d1b2fa875624ca009df5cb95934bbb,input_manifest.json; commands_run.md; coverage_integrity_report.json
HM-129,40b9b0708d888a015abe5043bb273c3c6ee601ae,NUDT5_Finished_Paper_1.docx:word/document.xml,11ef96824597f47daa1e6152caea8dc87cb3ebd6d78fd41be3baad14d31cca35,T03R05C02,ORIGINAL_RELEASE@8c2a1b6990df1e140e15ab5a0eabea69b70eee14,Hydrophobic,DESCRIBED ONLY,"No pharmacophore model/matching or validation in original/current tracked code. Current scripts/scripts/structure_comparison.py:proximity:523-601 is observed-distance analysis, not pharmacophore validation.","Historical Table3 exact feature/contact/tolerance cell; raw units/glyphs as extracted, no invented Angstrom token.",docx_blocks.json:T03R05C02; original-manuscript.txt matching paragraph marker where present,Cut claimed executed/validated five-feature pharmacophore from Path B; coordinate proximity does not validate it.,"DESCRIBED ONLY for theoretical/citation claims means no executed-method evidence, not an assertion that source literature is false. No biological conclusions follow from software presence.",audit_provenance.json; commands_run.md,,48ac351437d5f6a337314961d50255f58a89a1d464e55fbdb70db9afcdefb54b,40b9b0708d888a015abe5043bb273c3c6ee601ae,5ee7257be5a09c9862c2ead2f98416e1e8d1b2fa875624ca009df5cb95934bbb,input_manifest.json; commands_run.md; coverage_integrity_report.json
HM-130,40b9b0708d888a015abe5043bb273c3c6ee601ae,NUDT5_Finished_Paper_1.docx:word/document.xml,11ef96824597f47daa1e6152caea8dc87cb3ebd6d78fd41be3baad14d31cca35,T03R05C02,CURRENT@40b9b0708d888a015abe5043bb273c3c6ee601ae,Hydrophobic,DESCRIBED ONLY,"No pharmacophore model/matching or validation in original/current tracked code. Current scripts/scripts/structure_comparison.py:proximity:523-601 is observed-distance analysis, not pharmacophore validation.","Historical Table3 exact feature/contact/tolerance cell; raw units/glyphs as extracted, no invented Angstrom token.",docx_blocks.json:T03R05C02; original-manuscript.txt matching paragraph marker where present,Cut claimed executed/validated five-feature pharmacophore from Path B; coordinate proximity does not validate it.,"DESCRIBED ONLY for theoretical/citation claims means no executed-method evidence, not an assertion that source literature is false. No biological conclusions follow from software presence.",audit_provenance.json; commands_run.md,,48ac351437d5f6a337314961d50255f58a89a1d464e55fbdb70db9afcdefb54b,40b9b0708d888a015abe5043bb273c3c6ee601ae,5ee7257be5a09c9862c2ead2f98416e1e8d1b2fa875624ca009df5cb95934bbb,input_manifest.json; commands_run.md; coverage_integrity_report.json
HM-131,40b9b0708d888a015abe5043bb273c3c6ee601ae,NUDT5_Finished_Paper_1.docx:word/document.xml,11ef96824597f47daa1e6152caea8dc87cb3ebd6d78fd41be3baad14d31cca35,T03R05C03,ORIGINAL_RELEASE@8c2a1b6990df1e140e15ab5a0eabea69b70eee14,Ala96/Leu98,DESCRIBED ONLY,"No pharmacophore model/matching or validation in original/current tracked code. Current scripts/scripts/structure_comparison.py:proximity:523-601 is observed-distance analysis, not pharmacophore validation.","Historical Table3 exact feature/contact/tolerance cell; raw units/glyphs as extracted, no invented Angstrom token.",docx_blocks.json:T03R05C03; original-manuscript.txt matching paragraph marker where present,Cut claimed executed/validated five-feature pharmacophore from Path B; coordinate proximity does not validate it.,"DESCRIBED ONLY for theoretical/citation claims means no executed-method evidence, not an assertion that source literature is false. No biological conclusions follow from software presence.",audit_provenance.json; commands_run.md,,48ac351437d5f6a337314961d50255f58a89a1d464e55fbdb70db9afcdefb54b,40b9b0708d888a015abe5043bb273c3c6ee601ae,5ee7257be5a09c9862c2ead2f98416e1e8d1b2fa875624ca009df5cb95934bbb,input_manifest.json; commands_run.md; coverage_integrity_report.json
HM-132,40b9b0708d888a015abe5043bb273c3c6ee601ae,NUDT5_Finished_Paper_1.docx:word/document.xml,11ef96824597f47daa1e6152caea8dc87cb3ebd6d78fd41be3baad14d31cca35,T03R05C03,CURRENT@40b9b0708d888a015abe5043bb273c3c6ee601ae,Ala96/Leu98,DESCRIBED ONLY,"No pharmacophore model/matching or validation in original/current tracked code. Current scripts/scripts/structure_comparison.py:proximity:523-601 is observed-distance analysis, not pharmacophore validation.","Historical Table3 exact feature/contact/tolerance cell; raw units/glyphs as extracted, no invented Angstrom token.",docx_blocks.json:T03R05C03; original-manuscript.txt matching paragraph marker where present,Cut claimed executed/validated five-feature pharmacophore from Path B; coordinate proximity does not validate it.,"DESCRIBED ONLY for theoretical/citation claims means no executed-method evidence, not an assertion that source literature is false. No biological conclusions follow from software presence.",audit_provenance.json; commands_run.md,,48ac351437d5f6a337314961d50255f58a89a1d464e55fbdb70db9afcdefb54b,40b9b0708d888a015abe5043bb273c3c6ee601ae,5ee7257be5a09c9862c2ead2f98416e1e8d1b2fa875624ca009df5cb95934bbb,input_manifest.json; commands_run.md; coverage_integrity_report.json
HM-133,40b9b0708d888a015abe5043bb273c3c6ee601ae,NUDT5_Finished_Paper_1.docx:word/document.xml,11ef96824597f47daa1e6152caea8dc87cb3ebd6d78fd41be3baad14d31cca35,T03R05C04,ORIGINAL_RELEASE@8c2a1b6990df1e140e15ab5a0eabea69b70eee14,2.0 ,DESCRIBED ONLY,"No pharmacophore model/matching or validation in original/current tracked code. Current scripts/scripts/structure_comparison.py:proximity:523-601 is observed-distance analysis, not pharmacophore validation.","Historical Table3 exact feature/contact/tolerance cell; raw units/glyphs as extracted, no invented Angstrom token.",docx_blocks.json:T03R05C04; original-manuscript.txt matching paragraph marker where present,Cut claimed executed/validated five-feature pharmacophore from Path B; coordinate proximity does not validate it.,"DESCRIBED ONLY for theoretical/citation claims means no executed-method evidence, not an assertion that source literature is false. No biological conclusions follow from software presence.",audit_provenance.json; commands_run.md,,48ac351437d5f6a337314961d50255f58a89a1d464e55fbdb70db9afcdefb54b,40b9b0708d888a015abe5043bb273c3c6ee601ae,5ee7257be5a09c9862c2ead2f98416e1e8d1b2fa875624ca009df5cb95934bbb,input_manifest.json; commands_run.md; coverage_integrity_report.json
HM-134,40b9b0708d888a015abe5043bb273c3c6ee601ae,NUDT5_Finished_Paper_1.docx:word/document.xml,11ef96824597f47daa1e6152caea8dc87cb3ebd6d78fd41be3baad14d31cca35,T03R05C04,CURRENT@40b9b0708d888a015abe5043bb273c3c6ee601ae,2.0 ,DESCRIBED ONLY,"No pharmacophore model/matching or validation in original/current tracked code. Current scripts/scripts/structure_comparison.py:proximity:523-601 is observed-distance analysis, not pharmacophore validation.","Historical Table3 exact feature/contact/tolerance cell; raw units/glyphs as extracted, no invented Angstrom token.",docx_blocks.json:T03R05C04; original-manuscript.txt matching paragraph marker where present,Cut claimed executed/validated five-feature pharmacophore from Path B; coordinate proximity does not validate it.,"DESCRIBED ONLY for theoretical/citation claims means no executed-method evidence, not an assertion that source literature is false. No biological conclusions follow from software presence.",audit_provenance.json; commands_run.md,,48ac351437d5f6a337314961d50255f58a89a1d464e55fbdb70db9afcdefb54b,40b9b0708d888a015abe5043bb273c3c6ee601ae,5ee7257be5a09c9862c2ead2f98416e1e8d1b2fa875624ca009df5cb95934bbb,input_manifest.json; commands_run.md; coverage_integrity_report.json
HM-135,40b9b0708d888a015abe5043bb273c3c6ee601ae,NUDT5_Finished_Paper_1.docx:word/document.xml,11ef96824597f47daa1e6152caea8dc87cb3ebd6d78fd41be3baad14d31cca35,T03R06C01,ORIGINAL_RELEASE@8c2a1b6990df1e140e15ab5a0eabea69b70eee14,ϕ5,DESCRIBED ONLY,"No pharmacophore model/matching or validation in original/current tracked code. Current scripts/scripts/structure_comparison.py:proximity:523-601 is observed-distance analysis, not pharmacophore validation.","Historical Table3 exact feature/contact/tolerance cell; raw units/glyphs as extracted, no invented Angstrom token.",docx_blocks.json:T03R06C01; original-manuscript.txt matching paragraph marker where present,Cut claimed executed/validated five-feature pharmacophore from Path B; coordinate proximity does not validate it.,"DESCRIBED ONLY for theoretical/citation claims means no executed-method evidence, not an assertion that source literature is false. No biological conclusions follow from software presence.",audit_provenance.json; commands_run.md,,48ac351437d5f6a337314961d50255f58a89a1d464e55fbdb70db9afcdefb54b,40b9b0708d888a015abe5043bb273c3c6ee601ae,5ee7257be5a09c9862c2ead2f98416e1e8d1b2fa875624ca009df5cb95934bbb,input_manifest.json; commands_run.md; coverage_integrity_report.json
HM-136,40b9b0708d888a015abe5043bb273c3c6ee601ae,NUDT5_Finished_Paper_1.docx:word/document.xml,11ef96824597f47daa1e6152caea8dc87cb3ebd6d78fd41be3baad14d31cca35,T03R06C01,CURRENT@40b9b0708d888a015abe5043bb273c3c6ee601ae,ϕ5,DESCRIBED ONLY,"No pharmacophore model/matching or validation in original/current tracked code. Current scripts/scripts/structure_comparison.py:proximity:523-601 is observed-distance analysis, not pharmacophore validation.","Historical Table3 exact feature/contact/tolerance cell; raw units/glyphs as extracted, no invented Angstrom token.",docx_blocks.json:T03R06C01; original-manuscript.txt matching paragraph marker where present,Cut claimed executed/validated five-feature pharmacophore from Path B; coordinate proximity does not validate it.,"DESCRIBED ONLY for theoretical/citation claims means no executed-method evidence, not an assertion that source literature is false. No biological conclusions follow from software presence.",audit_provenance.json; commands_run.md,,48ac351437d5f6a337314961d50255f58a89a1d464e55fbdb70db9afcdefb54b,40b9b0708d888a015abe5043bb273c3c6ee601ae,5ee7257be5a09c9862c2ead2f98416e1e8d1b2fa875624ca009df5cb95934bbb,input_manifest.json; commands_run.md; coverage_integrity_report.json
HM-137,40b9b0708d888a015abe5043bb273c3c6ee601ae,NUDT5_Finished_Paper_1.docx:word/document.xml,11ef96824597f47daa1e6152caea8dc87cb3ebd6d78fd41be3baad14d31cca35,T03R06C02,ORIGINAL_RELEASE@8c2a1b6990df1e140e15ab5a0eabea69b70eee14,Positive ionizable,DESCRIBED ONLY,"No pharmacophore model/matching or validation in original/current tracked code. Current scripts/scripts/structure_comparison.py:proximity:523-601 is observed-distance analysis, not pharmacophore validation.","Historical Table3 exact feature/contact/tolerance cell; raw units/glyphs as extracted, no invented Angstrom token.",docx_blocks.json:T03R06C02; original-manuscript.txt matching paragraph marker where present,Cut claimed executed/validated five-feature pharmacophore from Path B; coordinate proximity does not validate it.,"DESCRIBED ONLY for theoretical/citation claims means no executed-method evidence, not an assertion that source literature is false. No biological conclusions follow from software presence.",audit_provenance.json; commands_run.md,,48ac351437d5f6a337314961d50255f58a89a1d464e55fbdb70db9afcdefb54b,40b9b0708d888a015abe5043bb273c3c6ee601ae,5ee7257be5a09c9862c2ead2f98416e1e8d1b2fa875624ca009df5cb95934bbb,input_manifest.json; commands_run.md; coverage_integrity_report.json
HM-138,40b9b0708d888a015abe5043bb273c3c6ee601ae,NUDT5_Finished_Paper_1.docx:word/document.xml,11ef96824597f47daa1e6152caea8dc87cb3ebd6d78fd41be3baad14d31cca35,T03R06C02,CURRENT@40b9b0708d888a015abe5043bb273c3c6ee601ae,Positive ionizable,DESCRIBED ONLY,"No pharmacophore model/matching or validation in original/current tracked code. Current scripts/scripts/structure_comparison.py:proximity:523-601 is observed-distance analysis, not pharmacophore validation.","Historical Table3 exact feature/contact/tolerance cell; raw units/glyphs as extracted, no invented Angstrom token.",docx_blocks.json:T03R06C02; original-manuscript.txt matching paragraph marker where present,Cut claimed executed/validated five-feature pharmacophore from Path B; coordinate proximity does not validate it.,"DESCRIBED ONLY for theoretical/citation claims means no executed-method evidence, not an assertion that source literature is false. No biological conclusions follow from software presence.",audit_provenance.json; commands_run.md,,48ac351437d5f6a337314961d50255f58a89a1d464e55fbdb70db9afcdefb54b,40b9b0708d888a015abe5043bb273c3c6ee601ae,5ee7257be5a09c9862c2ead2f98416e1e8d1b2fa875624ca009df5cb95934bbb,input_manifest.json; commands_run.md; coverage_integrity_report.json
HM-139,40b9b0708d888a015abe5043bb273c3c6ee601ae,NUDT5_Finished_Paper_1.docx:word/document.xml,11ef96824597f47daa1e6152caea8dc87cb3ebd6d78fd41be3baad14d31cca35,T03R06C03,ORIGINAL_RELEASE@8c2a1b6990df1e140e15ab5a0eabea69b70eee14,Solvent exit,DESCRIBED ONLY,"No pharmacophore model/matching or validation in original/current tracked code. Current scripts/scripts/structure_comparison.py:proximity:523-601 is observed-distance analysis, not pharmacophore validation.","Historical Table3 exact feature/contact/tolerance cell; raw units/glyphs as extracted, no invented Angstrom token.",docx_blocks.json:T03R06C03; original-manuscript.txt matching paragraph marker where present,Cut claimed executed/validated five-feature pharmacophore from Path B; coordinate proximity does not validate it.,"DESCRIBED ONLY for theoretical/citation claims means no executed-method evidence, not an assertion that source literature is false. No biological conclusions follow from software presence.",audit_provenance.json; commands_run.md,,48ac351437d5f6a337314961d50255f58a89a1d464e55fbdb70db9afcdefb54b,40b9b0708d888a015abe5043bb273c3c6ee601ae,5ee7257be5a09c9862c2ead2f98416e1e8d1b2fa875624ca009df5cb95934bbb,input_manifest.json; commands_run.md; coverage_integrity_report.json
HM-140,40b9b0708d888a015abe5043bb273c3c6ee601ae,NUDT5_Finished_Paper_1.docx:word/document.xml,11ef96824597f47daa1e6152caea8dc87cb3ebd6d78fd41be3baad14d31cca35,T03R06C03,CURRENT@40b9b0708d888a015abe5043bb273c3c6ee601ae,Solvent exit,DESCRIBED ONLY,"No pharmacophore model/matching or validation in original/current tracked code. Current scripts/scripts/structure_comparison.py:proximity:523-601 is observed-distance analysis, not pharmacophore validation.","Historical Table3 exact feature/contact/tolerance cell; raw units/glyphs as extracted, no invented Angstrom token.",docx_blocks.json:T03R06C03; original-manuscript.txt matching paragraph marker where present,Cut claimed executed/validated five-feature pharmacophore from Path B; coordinate proximity does not validate it.,"DESCRIBED ONLY for theoretical/citation claims means no executed-method evidence, not an assertion that source literature is false. No biological conclusions follow from software presence.",audit_provenance.json; commands_run.md,,48ac351437d5f6a337314961d50255f58a89a1d464e55fbdb70db9afcdefb54b,40b9b0708d888a015abe5043bb273c3c6ee601ae,5ee7257be5a09c9862c2ead2f98416e1e8d1b2fa875624ca009df5cb95934bbb,input_manifest.json; commands_run.md; coverage_integrity_report.json
HM-141,40b9b0708d888a015abe5043bb273c3c6ee601ae,NUDT5_Finished_Paper_1.docx:word/document.xml,11ef96824597f47daa1e6152caea8dc87cb3ebd6d78fd41be3baad14d31cca35,T03R06C04,ORIGINAL_RELEASE@8c2a1b6990df1e140e15ab5a0eabea69b70eee14,2.5 ,DESCRIBED ONLY,"No pharmacophore model/matching or validation in original/current tracked code. Current scripts/scripts/structure_comparison.py:proximity:523-601 is observed-distance analysis, not pharmacophore validation.","Historical Table3 exact feature/contact/tolerance cell; raw units/glyphs as extracted, no invented Angstrom token.",docx_blocks.json:T03R06C04; original-manuscript.txt matching paragraph marker where present,Cut claimed executed/validated five-feature pharmacophore from Path B; coordinate proximity does not validate it.,"DESCRIBED ONLY for theoretical/citation claims means no executed-method evidence, not an assertion that source literature is false. No biological conclusions follow from software presence.",audit_provenance.json; commands_run.md,,48ac351437d5f6a337314961d50255f58a89a1d464e55fbdb70db9afcdefb54b,40b9b0708d888a015abe5043bb273c3c6ee601ae,5ee7257be5a09c9862c2ead2f98416e1e8d1b2fa875624ca009df5cb95934bbb,input_manifest.json; commands_run.md; coverage_integrity_report.json
HM-142,40b9b0708d888a015abe5043bb273c3c6ee601ae,NUDT5_Finished_Paper_1.docx:word/document.xml,11ef96824597f47daa1e6152caea8dc87cb3ebd6d78fd41be3baad14d31cca35,T03R06C04,CURRENT@40b9b0708d888a015abe5043bb273c3c6ee601ae,2.5 ,DESCRIBED ONLY,"No pharmacophore model/matching or validation in original/current tracked code. Current scripts/scripts/structure_comparison.py:proximity:523-601 is observed-distance analysis, not pharmacophore validation.","Historical Table3 exact feature/contact/tolerance cell; raw units/glyphs as extracted, no invented Angstrom token.",docx_blocks.json:T03R06C04; original-manuscript.txt matching paragraph marker where present,Cut claimed executed/validated five-feature pharmacophore from Path B; coordinate proximity does not validate it.,"DESCRIBED ONLY for theoretical/citation claims means no executed-method evidence, not an assertion that source literature is false. No biological conclusions follow from software presence.",audit_provenance.json; commands_run.md,,48ac351437d5f6a337314961d50255f58a89a1d464e55fbdb70db9afcdefb54b,40b9b0708d888a015abe5043bb273c3c6ee601ae,5ee7257be5a09c9862c2ead2f98416e1e8d1b2fa875624ca009df5cb95934bbb,input_manifest.json; commands_run.md; coverage_integrity_report.json
HM-143,40b9b0708d888a015abe5043bb273c3c6ee601ae,NUDT5_Finished_Paper_1.docx:word/document.xml,11ef96824597f47daa1e6152caea8dc87cb3ebd6d78fd41be3baad14d31cca35,P227,ORIGINAL_RELEASE@8c2a1b6990df1e140e15ab5a0eabea69b70eee14,138  ECFP4 similarity search of ZINC20 (∼4M) and Enamine REAL (∼30M): T ≥ 0.35 for,DESCRIBED ONLY,No corresponding implementation in ORIGINAL tracked executable source; source_file_inventory.json,No corresponding model parameters/artifacts supplied.,docx_blocks.json:P227; original-manuscript.txt matching paragraph marker where present,Cut as an executed-method claim from Path B; at most identify it as historical unsupported description.,"DESCRIBED ONLY for theoretical/citation claims means no executed-method evidence, not an assertion that source literature is false. No biological conclusions follow from software presence.",audit_provenance.json; commands_run.md,,48ac351437d5f6a337314961d50255f58a89a1d464e55fbdb70db9afcdefb54b,40b9b0708d888a015abe5043bb273c3c6ee601ae,5ee7257be5a09c9862c2ead2f98416e1e8d1b2fa875624ca009df5cb95934bbb,input_manifest.json; commands_run.md; coverage_integrity_report.json
HM-144,40b9b0708d888a015abe5043bb273c3c6ee601ae,NUDT5_Finished_Paper_1.docx:word/document.xml,11ef96824597f47daa1e6152caea8dc87cb3ebd6d78fd41be3baad14d31cca35,P227,CURRENT@40b9b0708d888a015abe5043bb273c3c6ee601ae,138  ECFP4 similarity search of ZINC20 (∼4M) and Enamine REAL (∼30M): T ≥ 0.35 for,DESCRIBED ONLY,No corresponding implementation in CURRENT tracked executable source; source_file_inventory.json,No corresponding model parameters/artifacts supplied.,docx_blocks.json:P227; original-manuscript.txt matching paragraph marker where present,Cut as an executed-method claim from Path B; at most identify it as historical unsupported description.,"DESCRIBED ONLY for theoretical/citation claims means no executed-method evidence, not an assertion that source literature is false. No biological conclusions follow from software presence.",audit_provenance.json; commands_run.md,,48ac351437d5f6a337314961d50255f58a89a1d464e55fbdb70db9afcdefb54b,40b9b0708d888a015abe5043bb273c3c6ee601ae,5ee7257be5a09c9862c2ead2f98416e1e8d1b2fa875624ca009df5cb95934bbb,input_manifest.json; commands_run.md; coverage_integrity_report.json
HM-145,40b9b0708d888a015abe5043bb273c3c6ee601ae,NUDT5_Finished_Paper_1.docx:word/document.xml,11ef96824597f47daa1e6152caea8dc87cb3ebd6d78fd41be3baad14d31cca35,P228,ORIGINAL_RELEASE@8c2a1b6990df1e140e15ab5a0eabea69b70eee14,"139 TH5427, T ≥ 0.30 for ibrutinib. Substructure search for adenine-mimetic cores. Fragment",DESCRIBED ONLY,No corresponding implementation in ORIGINAL tracked executable source; source_file_inventory.json,No corresponding model parameters/artifacts supplied.,docx_blocks.json:P228; original-manuscript.txt matching paragraph marker where present,Cut as an executed-method claim from Path B; at most identify it as historical unsupported description.,"DESCRIBED ONLY for theoretical/citation claims means no executed-method evidence, not an assertion that source literature is false. No biological conclusions follow from software presence.",audit_provenance.json; commands_run.md,,48ac351437d5f6a337314961d50255f58a89a1d464e55fbdb70db9afcdefb54b,40b9b0708d888a015abe5043bb273c3c6ee601ae,5ee7257be5a09c9862c2ead2f98416e1e8d1b2fa875624ca009df5cb95934bbb,input_manifest.json; commands_run.md; coverage_integrity_report.json
HM-146,40b9b0708d888a015abe5043bb273c3c6ee601ae,NUDT5_Finished_Paper_1.docx:word/document.xml,11ef96824597f47daa1e6152caea8dc87cb3ebd6d78fd41be3baad14d31cca35,P228,CURRENT@40b9b0708d888a015abe5043bb273c3c6ee601ae,"139 TH5427, T ≥ 0.30 for ibrutinib. Substructure search for adenine-mimetic cores. Fragment",DESCRIBED ONLY,No corresponding implementation in CURRENT tracked executable source; source_file_inventory.json,No corresponding model parameters/artifacts supplied.,docx_blocks.json:P228; original-manuscript.txt matching paragraph marker where present,Cut as an executed-method claim from Path B; at most identify it as historical unsupported description.,"DESCRIBED ONLY for theoretical/citation claims means no executed-method evidence, not an assertion that source literature is false. No biological conclusions follow from software presence.",audit_provenance.json; commands_run.md,,48ac351437d5f6a337314961d50255f58a89a1d464e55fbdb70db9afcdefb54b,40b9b0708d888a015abe5043bb273c3c6ee601ae,5ee7257be5a09c9862c2ead2f98416e1e8d1b2fa875624ca009df5cb95934bbb,input_manifest.json; commands_run.md; coverage_integrity_report.json
HM-147,40b9b0708d888a015abe5043bb273c3c6ee601ae,NUDT5_Finished_Paper_1.docx:word/document.xml,11ef96824597f47daa1e6152caea8dc87cb3ebd6d78fd41be3baad14d31cca35,P229,ORIGINAL_RELEASE@8c2a1b6990df1e140e15ab5a0eabea69b70eee14,"140 expansion. After merging, deduplication, and Ro5 ltering: 18,412 compounds.",DESCRIBED ONLY,No corresponding implementation in ORIGINAL tracked executable source; source_file_inventory.json,No corresponding model parameters/artifacts supplied.,docx_blocks.json:P229; original-manuscript.txt matching paragraph marker where present,Cut as an executed-method claim from Path B; at most identify it as historical unsupported description.,"DESCRIBED ONLY for theoretical/citation claims means no executed-method evidence, not an assertion that source literature is false. No biological conclusions follow from software presence.",audit_provenance.json; commands_run.md,,48ac351437d5f6a337314961d50255f58a89a1d464e55fbdb70db9afcdefb54b,40b9b0708d888a015abe5043bb273c3c6ee601ae,5ee7257be5a09c9862c2ead2f98416e1e8d1b2fa875624ca009df5cb95934bbb,input_manifest.json; commands_run.md; coverage_integrity_report.json
HM-148,40b9b0708d888a015abe5043bb273c3c6ee601ae,NUDT5_Finished_Paper_1.docx:word/document.xml,11ef96824597f47daa1e6152caea8dc87cb3ebd6d78fd41be3baad14d31cca35,P229,CURRENT@40b9b0708d888a015abe5043bb273c3c6ee601ae,"140 expansion. After merging, deduplication, and Ro5 ltering: 18,412 compounds.",DESCRIBED ONLY,No corresponding implementation in CURRENT tracked executable source; source_file_inventory.json,No corresponding model parameters/artifacts supplied.,docx_blocks.json:P229; original-manuscript.txt matching paragraph marker where present,Cut as an executed-method claim from Path B; at most identify it as historical unsupported description.,"DESCRIBED ONLY for theoretical/citation claims means no executed-method evidence, not an assertion that source literature is false. No biological conclusions follow from software presence.",audit_provenance.json; commands_run.md,,48ac351437d5f6a337314961d50255f58a89a1d464e55fbdb70db9afcdefb54b,40b9b0708d888a015abe5043bb273c3c6ee601ae,5ee7257be5a09c9862c2ead2f98416e1e8d1b2fa875624ca009df5cb95934bbb,input_manifest.json; commands_run.md; coverage_integrity_report.json
HM-149,40b9b0708d888a015abe5043bb273c3c6ee601ae,NUDT5_Finished_Paper_1.docx:word/document.xml,11ef96824597f47daa1e6152caea8dc87cb3ebd6d78fd41be3baad14d31cca35,P232,ORIGINAL_RELEASE@8c2a1b6990df1e140e15ab5a0eabea69b70eee14,"142  RF (B = 500), XGBoost (η = 0.1, depth 6), SVM (Tanimoto kernel, C = 10). Training:",PARTIALLY IMPLEMENTED,scripts/scripts/pipeline.py:main:173-220,"Actual RF100 not500; sklearn GBT100/depth3/lr.1 not XGBoost depth6; RBF SVC C10 not Tanimoto kernel; no MTH1 proxy weights, no 520 distinct measured decoys.",docx_blocks.json:P232; original-manuscript.txt matching paragraph marker where present,"Use fixed diagnostic model names/parameters, not historical model/data claims.","DESCRIBED ONLY for theoretical/citation claims means no executed-method evidence, not an assertion that source literature is false. No biological conclusions follow from software presence.",audit_provenance.json; commands_run.md,,48ac351437d5f6a337314961d50255f58a89a1d464e55fbdb70db9afcdefb54b,40b9b0708d888a015abe5043bb273c3c6ee601ae,5ee7257be5a09c9862c2ead2f98416e1e8d1b2fa875624ca009df5cb95934bbb,input_manifest.json; commands_run.md; coverage_integrity_report.json
HM-150,40b9b0708d888a015abe5043bb273c3c6ee601ae,NUDT5_Finished_Paper_1.docx:word/document.xml,11ef96824597f47daa1e6152caea8dc87cb3ebd6d78fd41be3baad14d31cca35,P232,CURRENT@40b9b0708d888a015abe5043bb273c3c6ee601ae,"142  RF (B = 500), XGBoost (η = 0.1, depth 6), SVM (Tanimoto kernel, C = 10). Training:",PARTIALLY IMPLEMENTED,scripts/scripts/pipeline.py:fit_scores:410-445;main:642-711,"Actual RF100 not500; sklearn GBT100/depth3/lr.1 not XGBoost depth6; RBF SVC C10 not Tanimoto kernel; no MTH1 proxy weights, no 520 distinct measured decoys.",docx_blocks.json:P232; original-manuscript.txt matching paragraph marker where present,"Use fixed diagnostic model names/parameters, not historical model/data claims.","DESCRIBED ONLY for theoretical/citation claims means no executed-method evidence, not an assertion that source literature is false. No biological conclusions follow from software presence.",audit_provenance.json; commands_run.md,,48ac351437d5f6a337314961d50255f58a89a1d464e55fbdb70db9afcdefb54b,40b9b0708d888a015abe5043bb273c3c6ee601ae,5ee7257be5a09c9862c2ead2f98416e1e8d1b2fa875624ca009df5cb95934bbb,input_manifest.json; commands_run.md; coverage_integrity_report.json
HM-151,40b9b0708d888a015abe5043bb273c3c6ee601ae,NUDT5_Finished_Paper_1.docx:word/document.xml,11ef96824597f47daa1e6152caea8dc87cb3ebd6d78fd41be3baad14d31cca35,P233,ORIGINAL_RELEASE@8c2a1b6990df1e140e15ab5a0eabea69b70eee14,143  20 NUDT5 actives + 347 MTH1 proxy (0.3× weighted) vs. 520 property-matched decoys.,PARTIALLY IMPLEMENTED,scripts/scripts/pipeline.py:main:173-220,"Actual RF100 not500; sklearn GBT100/depth3/lr.1 not XGBoost depth6; RBF SVC C10 not Tanimoto kernel; no MTH1 proxy weights, no 520 distinct measured decoys.",docx_blocks.json:P233; original-manuscript.txt matching paragraph marker where present,"Use fixed diagnostic model names/parameters, not historical model/data claims.","DESCRIBED ONLY for theoretical/citation claims means no executed-method evidence, not an assertion that source literature is false. No biological conclusions follow from software presence.",audit_provenance.json; commands_run.md,,48ac351437d5f6a337314961d50255f58a89a1d464e55fbdb70db9afcdefb54b,40b9b0708d888a015abe5043bb273c3c6ee601ae,5ee7257be5a09c9862c2ead2f98416e1e8d1b2fa875624ca009df5cb95934bbb,input_manifest.json; commands_run.md; coverage_integrity_report.json
HM-152,40b9b0708d888a015abe5043bb273c3c6ee601ae,NUDT5_Finished_Paper_1.docx:word/document.xml,11ef96824597f47daa1e6152caea8dc87cb3ebd6d78fd41be3baad14d31cca35,P233,CURRENT@40b9b0708d888a015abe5043bb273c3c6ee601ae,143  20 NUDT5 actives + 347 MTH1 proxy (0.3× weighted) vs. 520 property-matched decoys.,PARTIALLY IMPLEMENTED,scripts/scripts/pipeline.py:fit_scores:410-445;main:642-711,"Actual RF100 not500; sklearn GBT100/depth3/lr.1 not XGBoost depth6; RBF SVC C10 not Tanimoto kernel; no MTH1 proxy weights, no 520 distinct measured decoys.",docx_blocks.json:P233; original-manuscript.txt matching paragraph marker where present,"Use fixed diagnostic model names/parameters, not historical model/data claims.","DESCRIBED ONLY for theoretical/citation claims means no executed-method evidence, not an assertion that source literature is false. No biological conclusions follow from software presence.",audit_provenance.json; commands_run.md,,48ac351437d5f6a337314961d50255f58a89a1d464e55fbdb70db9afcdefb54b,40b9b0708d888a015abe5043bb273c3c6ee601ae,5ee7257be5a09c9862c2ead2f98416e1e8d1b2fa875624ca009df5cb95934bbb,input_manifest.json; commands_run.md; coverage_integrity_report.json
HM-153,40b9b0708d888a015abe5043bb273c3c6ee601ae,NUDT5_Finished_Paper_1.docx:word/document.xml,11ef96824597f47daa1e6152caea8dc87cb3ebd6d78fd41be3baad14d31cca35,P234,ORIGINAL_RELEASE@8c2a1b6990df1e140e15ab5a0eabea69b70eee14,144  LOOCV on NUDT5 actives; leave-sca old-out (TH5427 series vs. ibrutinib series).,PARTIALLY IMPLEMENTED,scripts/scripts/pipeline.py:main:195-280;enrichment_factor:106-112;bedroc:114-126,"Original row-wise fivefold with replicated decoys; active LOOCV is executed; positional range(min(18,na)) holdout not scaffold grouping; five permutations not30; uncorrected p ratio; defective BEDROC normalization.",docx_blocks.json:P234; original-manuscript.txt matching paragraph marker where present,Describe current diagnostics and limitations separately from broken historical procedure; no generalization proof.,"DESCRIBED ONLY for theoretical/citation claims means no executed-method evidence, not an assertion that source literature is false. No biological conclusions follow from software presence.",audit_provenance.json; commands_run.md,,48ac351437d5f6a337314961d50255f58a89a1d464e55fbdb70db9afcdefb54b,40b9b0708d888a015abe5043bb273c3c6ee601ae,5ee7257be5a09c9862c2ead2f98416e1e8d1b2fa875624ca009df5cb95934bbb,input_manifest.json; commands_run.md; coverage_integrity_report.json
HM-154,40b9b0708d888a015abe5043bb273c3c6ee601ae,NUDT5_Finished_Paper_1.docx:word/document.xml,11ef96824597f47daa1e6152caea8dc87cb3ebd6d78fd41be3baad14d31cca35,P234,CURRENT@40b9b0708d888a015abe5043bb273c3c6ee601ae,144  LOOCV on NUDT5 actives; leave-sca old-out (TH5427 series vs. ibrutinib series).,PARTIALLY IMPLEMENTED,scripts/scripts/pipeline.py:out_of_fold:448-492;scaffold_splits:286-300;series_splits:303-331;randomized_label_diagnostic:367-407;metrics:269-283,Current unique/scaffold/series schemes; 99 permutations in manifest; correct finite-list BEDROC/tie handling; no active-only LOOCV,docx_blocks.json:P234; original-manuscript.txt matching paragraph marker where present,Describe current diagnostics and limitations separately from broken historical procedure; no generalization proof.,"DESCRIBED ONLY for theoretical/citation claims means no executed-method evidence, not an assertion that source literature is false. No biological conclusions follow from software presence.",audit_provenance.json; commands_run.md,,48ac351437d5f6a337314961d50255f58a89a1d464e55fbdb70db9afcdefb54b,40b9b0708d888a015abe5043bb273c3c6ee601ae,5ee7257be5a09c9862c2ead2f98416e1e8d1b2fa875624ca009df5cb95934bbb,input_manifest.json; commands_run.md; coverage_integrity_report.json
HM-155,40b9b0708d888a015abe5043bb273c3c6ee601ae,NUDT5_Finished_Paper_1.docx:word/document.xml,11ef96824597f47daa1e6152caea8dc87cb3ebd6d78fd41be3baad14d31cca35,P237,ORIGINAL_RELEASE@8c2a1b6990df1e140e15ab5a0eabea69b70eee14,146 A central methodological contribution of this work is the formalization of a consensus,DESCRIBED ONLY,No corresponding implementation in ORIGINAL tracked executable source; source_file_inventory.json,No corresponding model parameters/artifacts supplied.,docx_blocks.json:P237; original-manuscript.txt matching paragraph marker where present,"These are theoretical/performance/novelty assertions, not executable procedures. No inspected code demonstrates uncorrelated failures, superiority, calibrated confidence or novel transfer learning; remove or tightly source/qualify, with no stronger claims in Path B.","DESCRIBED ONLY for theoretical/citation claims means no executed-method evidence, not an assertion that source literature is false. No biological conclusions follow from software presence.",audit_provenance.json; commands_run.md,,48ac351437d5f6a337314961d50255f58a89a1d464e55fbdb70db9afcdefb54b,40b9b0708d888a015abe5043bb273c3c6ee601ae,5ee7257be5a09c9862c2ead2f98416e1e8d1b2fa875624ca009df5cb95934bbb,input_manifest.json; commands_run.md; coverage_integrity_report.json
HM-156,40b9b0708d888a015abe5043bb273c3c6ee601ae,NUDT5_Finished_Paper_1.docx:word/document.xml,11ef96824597f47daa1e6152caea8dc87cb3ebd6d78fd41be3baad14d31cca35,P237,CURRENT@40b9b0708d888a015abe5043bb273c3c6ee601ae,146 A central methodological contribution of this work is the formalization of a consensus,DESCRIBED ONLY,No corresponding implementation in CURRENT tracked executable source; source_file_inventory.json,No corresponding model parameters/artifacts supplied.,docx_blocks.json:P237; original-manuscript.txt matching paragraph marker where present,"These are theoretical/performance/novelty assertions, not executable procedures. No inspected code demonstrates uncorrelated failures, superiority, calibrated confidence or novel transfer learning; remove or tightly source/qualify, with no stronger claims in Path B.","DESCRIBED ONLY for theoretical/citation claims means no executed-method evidence, not an assertion that source literature is false. No biological conclusions follow from software presence.",audit_provenance.json; commands_run.md,,48ac351437d5f6a337314961d50255f58a89a1d464e55fbdb70db9afcdefb54b,40b9b0708d888a015abe5043bb273c3c6ee601ae,5ee7257be5a09c9862c2ead2f98416e1e8d1b2fa875624ca009df5cb95934bbb,input_manifest.json; commands_run.md; coverage_integrity_report.json
HM-157,40b9b0708d888a015abe5043bb273c3c6ee601ae,NUDT5_Finished_Paper_1.docx:word/document.xml,11ef96824597f47daa1e6152caea8dc87cb3ebd6d78fd41be3baad14d31cca35,P238,ORIGINAL_RELEASE@8c2a1b6990df1e140e15ab5a0eabea69b70eee14,147  scoring framework explicitly designed for low-data targets with available proxy data,DESCRIBED ONLY,No corresponding implementation in ORIGINAL tracked executable source; source_file_inventory.json,No corresponding model parameters/artifacts supplied.,docx_blocks.json:P238; original-manuscript.txt matching paragraph marker where present,"These are theoretical/performance/novelty assertions, not executable procedures. No inspected code demonstrates uncorrelated failures, superiority, calibrated confidence or novel transfer learning; remove or tightly source/qualify, with no stronger claims in Path B.","DESCRIBED ONLY for theoretical/citation claims means no executed-method evidence, not an assertion that source literature is false. No biological conclusions follow from software presence.",audit_provenance.json; commands_run.md,,48ac351437d5f6a337314961d50255f58a89a1d464e55fbdb70db9afcdefb54b,40b9b0708d888a015abe5043bb273c3c6ee601ae,5ee7257be5a09c9862c2ead2f98416e1e8d1b2fa875624ca009df5cb95934bbb,input_manifest.json; commands_run.md; coverage_integrity_report.json
HM-158,40b9b0708d888a015abe5043bb273c3c6ee601ae,NUDT5_Finished_Paper_1.docx:word/document.xml,11ef96824597f47daa1e6152caea8dc87cb3ebd6d78fd41be3baad14d31cca35,P238,CURRENT@40b9b0708d888a015abe5043bb273c3c6ee601ae,147  scoring framework explicitly designed for low-data targets with available proxy data,DESCRIBED ONLY,No corresponding implementation in CURRENT tracked executable source; source_file_inventory.json,No corresponding model parameters/artifacts supplied.,docx_blocks.json:P238; original-manuscript.txt matching paragraph marker where present,"These are theoretical/performance/novelty assertions, not executable procedures. No inspected code demonstrates uncorrelated failures, superiority, calibrated confidence or novel transfer learning; remove or tightly source/qualify, with no stronger claims in Path B.","DESCRIBED ONLY for theoretical/citation claims means no executed-method evidence, not an assertion that source literature is false. No biological conclusions follow from software presence.",audit_provenance.json; commands_run.md,,48ac351437d5f6a337314961d50255f58a89a1d464e55fbdb70db9afcdefb54b,40b9b0708d888a015abe5043bb273c3c6ee601ae,5ee7257be5a09c9862c2ead2f98416e1e8d1b2fa875624ca009df5cb95934bbb,input_manifest.json; commands_run.md; coverage_integrity_report.json
HM-159,40b9b0708d888a015abe5043bb273c3c6ee601ae,NUDT5_Finished_Paper_1.docx:word/document.xml,11ef96824597f47daa1e6152caea8dc87cb3ebd6d78fd41be3baad14d31cca35,P239,ORIGINAL_RELEASE@8c2a1b6990df1e140e15ab5a0eabea69b70eee14,148 from related protein families. We term this Transferability-Weighted Consensus Scoring,DESCRIBED ONLY,No corresponding implementation in ORIGINAL tracked executable source; source_file_inventory.json,No corresponding model parameters/artifacts supplied.,docx_blocks.json:P239; original-manuscript.txt matching paragraph marker where present,"These are theoretical/performance/novelty assertions, not executable procedures. No inspected code demonstrates uncorrelated failures, superiority, calibrated confidence or novel transfer learning; remove or tightly source/qualify, with no stronger claims in Path B.","DESCRIBED ONLY for theoretical/citation claims means no executed-method evidence, not an assertion that source literature is false. No biological conclusions follow from software presence.",audit_provenance.json; commands_run.md,,48ac351437d5f6a337314961d50255f58a89a1d464e55fbdb70db9afcdefb54b,40b9b0708d888a015abe5043bb273c3c6ee601ae,5ee7257be5a09c9862c2ead2f98416e1e8d1b2fa875624ca009df5cb95934bbb,input_manifest.json; commands_run.md; coverage_integrity_report.json
HM-160,40b9b0708d888a015abe5043bb273c3c6ee601ae,NUDT5_Finished_Paper_1.docx:word/document.xml,11ef96824597f47daa1e6152caea8dc87cb3ebd6d78fd41be3baad14d31cca35,P239,CURRENT@40b9b0708d888a015abe5043bb273c3c6ee601ae,148 from related protein families. We term this Transferability-Weighted Consensus Scoring,DESCRIBED ONLY,No corresponding implementation in CURRENT tracked executable source; source_file_inventory.json,No corresponding model parameters/artifacts supplied.,docx_blocks.json:P239; original-manuscript.txt matching paragraph marker where present,"These are theoretical/performance/novelty assertions, not executable procedures. No inspected code demonstrates uncorrelated failures, superiority, calibrated confidence or novel transfer learning; remove or tightly source/qualify, with no stronger claims in Path B.","DESCRIBED ONLY for theoretical/citation claims means no executed-method evidence, not an assertion that source literature is false. No biological conclusions follow from software presence.",audit_provenance.json; commands_run.md,,48ac351437d5f6a337314961d50255f58a89a1d464e55fbdb70db9afcdefb54b,40b9b0708d888a015abe5043bb273c3c6ee601ae,5ee7257be5a09c9862c2ead2f98416e1e8d1b2fa875624ca009df5cb95934bbb,input_manifest.json; commands_run.md; coverage_integrity_report.json
HM-161,40b9b0708d888a015abe5043bb273c3c6ee601ae,NUDT5_Finished_Paper_1.docx:word/document.xml,11ef96824597f47daa1e6152caea8dc87cb3ebd6d78fd41be3baad14d31cca35,P240,ORIGINAL_RELEASE@8c2a1b6990df1e140e15ab5a0eabea69b70eee14,149  (TWCS).,DESCRIBED ONLY,No corresponding implementation in ORIGINAL tracked executable source; source_file_inventory.json,No corresponding model parameters/artifacts supplied.,docx_blocks.json:P240; original-manuscript.txt matching paragraph marker where present,"These are theoretical/performance/novelty assertions, not executable procedures. No inspected code demonstrates uncorrelated failures, superiority, calibrated confidence or novel transfer learning; remove or tightly source/qualify, with no stronger claims in Path B.","DESCRIBED ONLY for theoretical/citation claims means no executed-method evidence, not an assertion that source literature is false. No biological conclusions follow from software presence.",audit_provenance.json; commands_run.md,,48ac351437d5f6a337314961d50255f58a89a1d464e55fbdb70db9afcdefb54b,40b9b0708d888a015abe5043bb273c3c6ee601ae,5ee7257be5a09c9862c2ead2f98416e1e8d1b2fa875624ca009df5cb95934bbb,input_manifest.json; commands_run.md; coverage_integrity_report.json
HM-162,40b9b0708d888a015abe5043bb273c3c6ee601ae,NUDT5_Finished_Paper_1.docx:word/document.xml,11ef96824597f47daa1e6152caea8dc87cb3ebd6d78fd41be3baad14d31cca35,P240,CURRENT@40b9b0708d888a015abe5043bb273c3c6ee601ae,149  (TWCS).,DESCRIBED ONLY,No corresponding implementation in CURRENT tracked executable source; source_file_inventory.json,No corresponding model parameters/artifacts supplied.,docx_blocks.json:P240; original-manuscript.txt matching paragraph marker where present,"These are theoretical/performance/novelty assertions, not executable procedures. No inspected code demonstrates uncorrelated failures, superiority, calibrated confidence or novel transfer learning; remove or tightly source/qualify, with no stronger claims in Path B.","DESCRIBED ONLY for theoretical/citation claims means no executed-method evidence, not an assertion that source literature is false. No biological conclusions follow from software presence.",audit_provenance.json; commands_run.md,,48ac351437d5f6a337314961d50255f58a89a1d464e55fbdb70db9afcdefb54b,40b9b0708d888a015abe5043bb273c3c6ee601ae,5ee7257be5a09c9862c2ead2f98416e1e8d1b2fa875624ca009df5cb95934bbb,input_manifest.json; commands_run.md; coverage_integrity_report.json
HM-163,40b9b0708d888a015abe5043bb273c3c6ee601ae,NUDT5_Finished_Paper_1.docx:word/document.xml,11ef96824597f47daa1e6152caea8dc87cb3ebd6d78fd41be3baad14d31cca35,P243,ORIGINAL_RELEASE@8c2a1b6990df1e140e15ab5a0eabea69b70eee14,"151  For a target with nact < 50 known actives (here, NUDT5), no single virtual screening method",DESCRIBED ONLY,No corresponding implementation in ORIGINAL tracked executable source; source_file_inventory.json,No corresponding model parameters/artifacts supplied.,docx_blocks.json:P243; original-manuscript.txt matching paragraph marker where present,"These are theoretical/performance/novelty assertions, not executable procedures. No inspected code demonstrates uncorrelated failures, superiority, calibrated confidence or novel transfer learning; remove or tightly source/qualify, with no stronger claims in Path B.","DESCRIBED ONLY for theoretical/citation claims means no executed-method evidence, not an assertion that source literature is false. No biological conclusions follow from software presence.",audit_provenance.json; commands_run.md,,48ac351437d5f6a337314961d50255f58a89a1d464e55fbdb70db9afcdefb54b,40b9b0708d888a015abe5043bb273c3c6ee601ae,5ee7257be5a09c9862c2ead2f98416e1e8d1b2fa875624ca009df5cb95934bbb,input_manifest.json; commands_run.md; coverage_integrity_report.json
HM-164,40b9b0708d888a015abe5043bb273c3c6ee601ae,NUDT5_Finished_Paper_1.docx:word/document.xml,11ef96824597f47daa1e6152caea8dc87cb3ebd6d78fd41be3baad14d31cca35,P243,CURRENT@40b9b0708d888a015abe5043bb273c3c6ee601ae,"151  For a target with nact < 50 known actives (here, NUDT5), no single virtual screening method",DESCRIBED ONLY,No corresponding implementation in CURRENT tracked executable source; source_file_inventory.json,No corresponding model parameters/artifacts supplied.,docx_blocks.json:P243; original-manuscript.txt matching paragraph marker where present,"These are theoretical/performance/novelty assertions, not executable procedures. No inspected code demonstrates uncorrelated failures, superiority, calibrated confidence or novel transfer learning; remove or tightly source/qualify, with no stronger claims in Path B.","DESCRIBED ONLY for theoretical/citation claims means no executed-method evidence, not an assertion that source literature is false. No biological conclusions follow from software presence.",audit_provenance.json; commands_run.md,,48ac351437d5f6a337314961d50255f58a89a1d464e55fbdb70db9afcdefb54b,40b9b0708d888a015abe5043bb273c3c6ee601ae,5ee7257be5a09c9862c2ead2f98416e1e8d1b2fa875624ca009df5cb95934bbb,input_manifest.json; commands_run.md; coverage_integrity_report.json
HM-165,40b9b0708d888a015abe5043bb273c3c6ee601ae,NUDT5_Finished_Paper_1.docx:word/document.xml,11ef96824597f47daa1e6152caea8dc87cb3ebd6d78fd41be3baad14d31cca35,P244,ORIGINAL_RELEASE@8c2a1b6990df1e140e15ab5a0eabea69b70eee14,152 is reliable: docking scoring functions correlate poorly with binding a nity (R2 < 0.3 typically,DESCRIBED ONLY,No corresponding implementation in ORIGINAL tracked executable source; source_file_inventory.json,No corresponding model parameters/artifacts supplied.,docx_blocks.json:P244; original-manuscript.txt matching paragraph marker where present,"These are theoretical/performance/novelty assertions, not executable procedures. No inspected code demonstrates uncorrelated failures, superiority, calibrated confidence or novel transfer learning; remove or tightly source/qualify, with no stronger claims in Path B.","DESCRIBED ONLY for theoretical/citation claims means no executed-method evidence, not an assertion that source literature is false. No biological conclusions follow from software presence.",audit_provenance.json; commands_run.md,,48ac351437d5f6a337314961d50255f58a89a1d464e55fbdb70db9afcdefb54b,40b9b0708d888a015abe5043bb273c3c6ee601ae,5ee7257be5a09c9862c2ead2f98416e1e8d1b2fa875624ca009df5cb95934bbb,input_manifest.json; commands_run.md; coverage_integrity_report.json
HM-166,40b9b0708d888a015abe5043bb273c3c6ee601ae,NUDT5_Finished_Paper_1.docx:word/document.xml,11ef96824597f47daa1e6152caea8dc87cb3ebd6d78fd41be3baad14d31cca35,P244,CURRENT@40b9b0708d888a015abe5043bb273c3c6ee601ae,152 is reliable: docking scoring functions correlate poorly with binding a nity (R2 < 0.3 typically,DESCRIBED ONLY,No corresponding implementation in CURRENT tracked executable source; source_file_inventory.json,No corresponding model parameters/artifacts supplied.,docx_blocks.json:P244; original-manuscript.txt matching paragraph marker where present,"These are theoretical/performance/novelty assertions, not executable procedures. No inspected code demonstrates uncorrelated failures, superiority, calibrated confidence or novel transfer learning; remove or tightly source/qualify, with no stronger claims in Path B.","DESCRIBED ONLY for theoretical/citation claims means no executed-method evidence, not an assertion that source literature is false. No biological conclusions follow from software presence.",audit_provenance.json; commands_run.md,,48ac351437d5f6a337314961d50255f58a89a1d464e55fbdb70db9afcdefb54b,40b9b0708d888a015abe5043bb273c3c6ee601ae,5ee7257be5a09c9862c2ead2f98416e1e8d1b2fa875624ca009df5cb95934bbb,input_manifest.json; commands_run.md; coverage_integrity_report.json
HM-167,40b9b0708d888a015abe5043bb273c3c6ee601ae,NUDT5_Finished_Paper_1.docx:word/document.xml,11ef96824597f47daa1e6152caea8dc87cb3ebd6d78fd41be3baad14d31cca35,P245,ORIGINAL_RELEASE@8c2a1b6990df1e140e15ab5a0eabea69b70eee14,"153 [38]), ML classi ers over t to the dominant chemical series, and ligand-based similarity",DESCRIBED ONLY,No corresponding implementation in ORIGINAL tracked executable source; source_file_inventory.json,No corresponding model parameters/artifacts supplied.,docx_blocks.json:P245; original-manuscript.txt matching paragraph marker where present,"These are theoretical/performance/novelty assertions, not executable procedures. No inspected code demonstrates uncorrelated failures, superiority, calibrated confidence or novel transfer learning; remove or tightly source/qualify, with no stronger claims in Path B.","DESCRIBED ONLY for theoretical/citation claims means no executed-method evidence, not an assertion that source literature is false. No biological conclusions follow from software presence.",audit_provenance.json; commands_run.md,,48ac351437d5f6a337314961d50255f58a89a1d464e55fbdb70db9afcdefb54b,40b9b0708d888a015abe5043bb273c3c6ee601ae,5ee7257be5a09c9862c2ead2f98416e1e8d1b2fa875624ca009df5cb95934bbb,input_manifest.json; commands_run.md; coverage_integrity_report.json
HM-168,40b9b0708d888a015abe5043bb273c3c6ee601ae,NUDT5_Finished_Paper_1.docx:word/document.xml,11ef96824597f47daa1e6152caea8dc87cb3ebd6d78fd41be3baad14d31cca35,P245,CURRENT@40b9b0708d888a015abe5043bb273c3c6ee601ae,"153 [38]), ML classi ers over t to the dominant chemical series, and ligand-based similarity",DESCRIBED ONLY,No corresponding implementation in CURRENT tracked executable source; source_file_inventory.json,No corresponding model parameters/artifacts supplied.,docx_blocks.json:P245; original-manuscript.txt matching paragraph marker where present,"These are theoretical/performance/novelty assertions, not executable procedures. No inspected code demonstrates uncorrelated failures, superiority, calibrated confidence or novel transfer learning; remove or tightly source/qualify, with no stronger claims in Path B.","DESCRIBED ONLY for theoretical/citation claims means no executed-method evidence, not an assertion that source literature is false. No biological conclusions follow from software presence.",audit_provenance.json; commands_run.md,,48ac351437d5f6a337314961d50255f58a89a1d464e55fbdb70db9afcdefb54b,40b9b0708d888a015abe5043bb273c3c6ee601ae,5ee7257be5a09c9862c2ead2f98416e1e8d1b2fa875624ca009df5cb95934bbb,input_manifest.json; commands_run.md; coverage_integrity_report.json
HM-169,40b9b0708d888a015abe5043bb273c3c6ee601ae,NUDT5_Finished_Paper_1.docx:word/document.xml,11ef96824597f47daa1e6152caea8dc87cb3ebd6d78fd41be3baad14d31cca35,P246,ORIGINAL_RELEASE@8c2a1b6990df1e140e15ab5a0eabea69b70eee14,154  is blind to novel sca olds. The key insight is that di erent methods fail in di erent and,DESCRIBED ONLY,No corresponding implementation in ORIGINAL tracked executable source; source_file_inventory.json,No corresponding model parameters/artifacts supplied.,docx_blocks.json:P246; original-manuscript.txt matching paragraph marker where present,"These are theoretical/performance/novelty assertions, not executable procedures. No inspected code demonstrates uncorrelated failures, superiority, calibrated confidence or novel transfer learning; remove or tightly source/qualify, with no stronger claims in Path B.","DESCRIBED ONLY for theoretical/citation claims means no executed-method evidence, not an assertion that source literature is false. No biological conclusions follow from software presence.",audit_provenance.json; commands_run.md,,48ac351437d5f6a337314961d50255f58a89a1d464e55fbdb70db9afcdefb54b,40b9b0708d888a015abe5043bb273c3c6ee601ae,5ee7257be5a09c9862c2ead2f98416e1e8d1b2fa875624ca009df5cb95934bbb,input_manifest.json; commands_run.md; coverage_integrity_report.json
HM-170,40b9b0708d888a015abe5043bb273c3c6ee601ae,NUDT5_Finished_Paper_1.docx:word/document.xml,11ef96824597f47daa1e6152caea8dc87cb3ebd6d78fd41be3baad14d31cca35,P246,CURRENT@40b9b0708d888a015abe5043bb273c3c6ee601ae,154  is blind to novel sca olds. The key insight is that di erent methods fail in di erent and,DESCRIBED ONLY,No corresponding implementation in CURRENT tracked executable source; source_file_inventory.json,No corresponding model parameters/artifacts supplied.,docx_blocks.json:P246; original-manuscript.txt matching paragraph marker where present,"These are theoretical/performance/novelty assertions, not executable procedures. No inspected code demonstrates uncorrelated failures, superiority, calibrated confidence or novel transfer learning; remove or tightly source/qualify, with no stronger claims in Path B.","DESCRIBED ONLY for theoretical/citation claims means no executed-method evidence, not an assertion that source literature is false. No biological conclusions follow from software presence.",audit_provenance.json; commands_run.md,,48ac351437d5f6a337314961d50255f58a89a1d464e55fbdb70db9afcdefb54b,40b9b0708d888a015abe5043bb273c3c6ee601ae,5ee7257be5a09c9862c2ead2f98416e1e8d1b2fa875624ca009df5cb95934bbb,input_manifest.json; commands_run.md; coverage_integrity_report.json
HM-171,40b9b0708d888a015abe5043bb273c3c6ee601ae,NUDT5_Finished_Paper_1.docx:word/document.xml,11ef96824597f47daa1e6152caea8dc87cb3ebd6d78fd41be3baad14d31cca35,P247,ORIGINAL_RELEASE@8c2a1b6990df1e140e15ab5a0eabea69b70eee14,155 largely uncorrelated ways. A consensus that aggregates orthogonal information sources can,DESCRIBED ONLY,No corresponding implementation in ORIGINAL tracked executable source; source_file_inventory.json,No corresponding model parameters/artifacts supplied.,docx_blocks.json:P247; original-manuscript.txt matching paragraph marker where present,"These are theoretical/performance/novelty assertions, not executable procedures. No inspected code demonstrates uncorrelated failures, superiority, calibrated confidence or novel transfer learning; remove or tightly source/qualify, with no stronger claims in Path B.","DESCRIBED ONLY for theoretical/citation claims means no executed-method evidence, not an assertion that source literature is false. No biological conclusions follow from software presence.",audit_provenance.json; commands_run.md,,48ac351437d5f6a337314961d50255f58a89a1d464e55fbdb70db9afcdefb54b,40b9b0708d888a015abe5043bb273c3c6ee601ae,5ee7257be5a09c9862c2ead2f98416e1e8d1b2fa875624ca009df5cb95934bbb,input_manifest.json; commands_run.md; coverage_integrity_report.json
HM-172,40b9b0708d888a015abe5043bb273c3c6ee601ae,NUDT5_Finished_Paper_1.docx:word/document.xml,11ef96824597f47daa1e6152caea8dc87cb3ebd6d78fd41be3baad14d31cca35,P247,CURRENT@40b9b0708d888a015abe5043bb273c3c6ee601ae,155 largely uncorrelated ways. A consensus that aggregates orthogonal information sources can,DESCRIBED ONLY,No corresponding implementation in CURRENT tracked executable source; source_file_inventory.json,No corresponding model parameters/artifacts supplied.,docx_blocks.json:P247; original-manuscript.txt matching paragraph marker where present,"These are theoretical/performance/novelty assertions, not executable procedures. No inspected code demonstrates uncorrelated failures, superiority, calibrated confidence or novel transfer learning; remove or tightly source/qualify, with no stronger claims in Path B.","DESCRIBED ONLY for theoretical/citation claims means no executed-method evidence, not an assertion that source literature is false. No biological conclusions follow from software presence.",audit_provenance.json; commands_run.md,,48ac351437d5f6a337314961d50255f58a89a1d464e55fbdb70db9afcdefb54b,40b9b0708d888a015abe5043bb273c3c6ee601ae,5ee7257be5a09c9862c2ead2f98416e1e8d1b2fa875624ca009df5cb95934bbb,input_manifest.json; commands_run.md; coverage_integrity_report.json
HM-173,40b9b0708d888a015abe5043bb273c3c6ee601ae,NUDT5_Finished_Paper_1.docx:word/document.xml,11ef96824597f47daa1e6152caea8dc87cb3ebd6d78fd41be3baad14d31cca35,P248,ORIGINAL_RELEASE@8c2a1b6990df1e140e15ab5a0eabea69b70eee14,"156  outperform any single method, particularly when the training data is insu cient for any one",DESCRIBED ONLY,No corresponding implementation in ORIGINAL tracked executable source; source_file_inventory.json,No corresponding model parameters/artifacts supplied.,docx_blocks.json:P248; original-manuscript.txt matching paragraph marker where present,"These are theoretical/performance/novelty assertions, not executable procedures. No inspected code demonstrates uncorrelated failures, superiority, calibrated confidence or novel transfer learning; remove or tightly source/qualify, with no stronger claims in Path B.","DESCRIBED ONLY for theoretical/citation claims means no executed-method evidence, not an assertion that source literature is false. No biological conclusions follow from software presence.",audit_provenance.json; commands_run.md,,48ac351437d5f6a337314961d50255f58a89a1d464e55fbdb70db9afcdefb54b,40b9b0708d888a015abe5043bb273c3c6ee601ae,5ee7257be5a09c9862c2ead2f98416e1e8d1b2fa875624ca009df5cb95934bbb,input_manifest.json; commands_run.md; coverage_integrity_report.json
HM-174,40b9b0708d888a015abe5043bb273c3c6ee601ae,NUDT5_Finished_Paper_1.docx:word/document.xml,11ef96824597f47daa1e6152caea8dc87cb3ebd6d78fd41be3baad14d31cca35,P248,CURRENT@40b9b0708d888a015abe5043bb273c3c6ee601ae,"156  outperform any single method, particularly when the training data is insu cient for any one",DESCRIBED ONLY,No corresponding implementation in CURRENT tracked executable source; source_file_inventory.json,No corresponding model parameters/artifacts supplied.,docx_blocks.json:P248; original-manuscript.txt matching paragraph marker where present,"These are theoretical/performance/novelty assertions, not executable procedures. No inspected code demonstrates uncorrelated failures, superiority, calibrated confidence or novel transfer learning; remove or tightly source/qualify, with no stronger claims in Path B.","DESCRIBED ONLY for theoretical/citation claims means no executed-method evidence, not an assertion that source literature is false. No biological conclusions follow from software presence.",audit_provenance.json; commands_run.md,,48ac351437d5f6a337314961d50255f58a89a1d464e55fbdb70db9afcdefb54b,40b9b0708d888a015abe5043bb273c3c6ee601ae,5ee7257be5a09c9862c2ead2f98416e1e8d1b2fa875624ca009df5cb95934bbb,input_manifest.json; commands_run.md; coverage_integrity_report.json
HM-175,40b9b0708d888a015abe5043bb273c3c6ee601ae,NUDT5_Finished_Paper_1.docx:word/document.xml,11ef96824597f47daa1e6152caea8dc87cb3ebd6d78fd41be3baad14d31cca35,P249,ORIGINAL_RELEASE@8c2a1b6990df1e140e15ab5a0eabea69b70eee14,157  method to generalize.,DESCRIBED ONLY,No corresponding implementation in ORIGINAL tracked executable source; source_file_inventory.json,No corresponding model parameters/artifacts supplied.,docx_blocks.json:P249; original-manuscript.txt matching paragraph marker where present,"These are theoretical/performance/novelty assertions, not executable procedures. No inspected code demonstrates uncorrelated failures, superiority, calibrated confidence or novel transfer learning; remove or tightly source/qualify, with no stronger claims in Path B.","DESCRIBED ONLY for theoretical/citation claims means no executed-method evidence, not an assertion that source literature is false. No biological conclusions follow from software presence.",audit_provenance.json; commands_run.md,,48ac351437d5f6a337314961d50255f58a89a1d464e55fbdb70db9afcdefb54b,40b9b0708d888a015abe5043bb273c3c6ee601ae,5ee7257be5a09c9862c2ead2f98416e1e8d1b2fa875624ca009df5cb95934bbb,input_manifest.json; commands_run.md; coverage_integrity_report.json
HM-176,40b9b0708d888a015abe5043bb273c3c6ee601ae,NUDT5_Finished_Paper_1.docx:word/document.xml,11ef96824597f47daa1e6152caea8dc87cb3ebd6d78fd41be3baad14d31cca35,P249,CURRENT@40b9b0708d888a015abe5043bb273c3c6ee601ae,157  method to generalize.,DESCRIBED ONLY,No corresponding implementation in CURRENT tracked executable source; source_file_inventory.json,No corresponding model parameters/artifacts supplied.,docx_blocks.json:P249; original-manuscript.txt matching paragraph marker where present,"These are theoretical/performance/novelty assertions, not executable procedures. No inspected code demonstrates uncorrelated failures, superiority, calibrated confidence or novel transfer learning; remove or tightly source/qualify, with no stronger claims in Path B.","DESCRIBED ONLY for theoretical/citation claims means no executed-method evidence, not an assertion that source literature is false. No biological conclusions follow from software presence.",audit_provenance.json; commands_run.md,,48ac351437d5f6a337314961d50255f58a89a1d464e55fbdb70db9afcdefb54b,40b9b0708d888a015abe5043bb273c3c6ee601ae,5ee7257be5a09c9862c2ead2f98416e1e8d1b2fa875624ca009df5cb95934bbb,input_manifest.json; commands_run.md; coverage_integrity_report.json
HM-177,40b9b0708d888a015abe5043bb273c3c6ee601ae,NUDT5_Finished_Paper_1.docx:word/document.xml,11ef96824597f47daa1e6152caea8dc87cb3ebd6d78fd41be3baad14d31cca35,P252,ORIGINAL_RELEASE@8c2a1b6990df1e140e15ab5a0eabea69b70eee14,"159  For a candidate molecule m, TWCS computes four normalized component scores and a",PARTIALLY IMPLEMENTED,"scripts/scripts/pipeline.py:normalize:131-133;twcs_consensus:135-142;main:185-220,304-310",Benchmark mean of minmax-normalized RF/GBT/SVM/Similarity; candidate loop raw mean with named-reference similarity; weights default .25,docx_blocks.json:P252; original-manuscript.txt matching paragraph marker where present,Separate benchmark and candidate operations; no proxy weighting implemented. Do not call current method TWCS.,"DESCRIBED ONLY for theoretical/citation claims means no executed-method evidence, not an assertion that source literature is false. No biological conclusions follow from software presence.",audit_provenance.json; commands_run.md,,48ac351437d5f6a337314961d50255f58a89a1d464e55fbdb70db9afcdefb54b,40b9b0708d888a015abe5043bb273c3c6ee601ae,5ee7257be5a09c9862c2ead2f98416e1e8d1b2fa875624ca009df5cb95934bbb,input_manifest.json; commands_run.md; coverage_integrity_report.json
HM-178,40b9b0708d888a015abe5043bb273c3c6ee601ae,NUDT5_Finished_Paper_1.docx:word/document.xml,11ef96824597f47daa1e6152caea8dc87cb3ebd6d78fd41be3baad14d31cca35,P252,CURRENT@40b9b0708d888a015abe5043bb273c3c6ee601ae,"159  For a candidate molecule m, TWCS computes four normalized component scores and a",PARTIALLY IMPLEMENTED,scripts/scripts/pipeline.py:consensus_scores:228-254;fit_scores:410-445,Fixed raw bounded mean RF/GBT/RBF-SVM/nearest-training-active; no minmax or learned weighting,docx_blocks.json:P252; original-manuscript.txt matching paragraph marker where present,Separate benchmark and candidate operations; no proxy weighting implemented. Do not call current method TWCS.,"DESCRIBED ONLY for theoretical/citation claims means no executed-method evidence, not an assertion that source literature is false. No biological conclusions follow from software presence.",audit_provenance.json; commands_run.md,,48ac351437d5f6a337314961d50255f58a89a1d464e55fbdb70db9afcdefb54b,40b9b0708d888a015abe5043bb273c3c6ee601ae,5ee7257be5a09c9862c2ead2f98416e1e8d1b2fa875624ca009df5cb95934bbb,input_manifest.json; commands_run.md; coverage_integrity_report.json
HM-179,40b9b0708d888a015abe5043bb273c3c6ee601ae,NUDT5_Finished_Paper_1.docx:word/document.xml,11ef96824597f47daa1e6152caea8dc87cb3ebd6d78fd41be3baad14d31cca35,P253,ORIGINAL_RELEASE@8c2a1b6990df1e140e15ab5a0eabea69b70eee14,160  weighted consensus:,PARTIALLY IMPLEMENTED,"scripts/scripts/pipeline.py:normalize:131-133;twcs_consensus:135-142;main:185-220,304-310",Benchmark mean of minmax-normalized RF/GBT/SVM/Similarity; candidate loop raw mean with named-reference similarity; weights default .25,docx_blocks.json:P253; original-manuscript.txt matching paragraph marker where present,Separate benchmark and candidate operations; no proxy weighting implemented. Do not call current method TWCS.,"DESCRIBED ONLY for theoretical/citation claims means no executed-method evidence, not an assertion that source literature is false. No biological conclusions follow from software presence.",audit_provenance.json; commands_run.md,,48ac351437d5f6a337314961d50255f58a89a1d464e55fbdb70db9afcdefb54b,40b9b0708d888a015abe5043bb273c3c6ee601ae,5ee7257be5a09c9862c2ead2f98416e1e8d1b2fa875624ca009df5cb95934bbb,input_manifest.json; commands_run.md; coverage_integrity_report.json
HM-180,40b9b0708d888a015abe5043bb273c3c6ee601ae,NUDT5_Finished_Paper_1.docx:word/document.xml,11ef96824597f47daa1e6152caea8dc87cb3ebd6d78fd41be3baad14d31cca35,P253,CURRENT@40b9b0708d888a015abe5043bb273c3c6ee601ae,160  weighted consensus:,PARTIALLY IMPLEMENTED,scripts/scripts/pipeline.py:consensus_scores:228-254;fit_scores:410-445,Fixed raw bounded mean RF/GBT/RBF-SVM/nearest-training-active; no minmax or learned weighting,docx_blocks.json:P253; original-manuscript.txt matching paragraph marker where present,Separate benchmark and candidate operations; no proxy weighting implemented. Do not call current method TWCS.,"DESCRIBED ONLY for theoretical/citation claims means no executed-method evidence, not an assertion that source literature is false. No biological conclusions follow from software presence.",audit_provenance.json; commands_run.md,,48ac351437d5f6a337314961d50255f58a89a1d464e55fbdb70db9afcdefb54b,40b9b0708d888a015abe5043bb273c3c6ee601ae,5ee7257be5a09c9862c2ead2f98416e1e8d1b2fa875624ca009df5cb95934bbb,input_manifest.json; commands_run.md; coverage_integrity_report.json
HM-181,40b9b0708d888a015abe5043bb273c3c6ee601ae,NUDT5_Finished_Paper_1.docx:word/document.xml,11ef96824597f47daa1e6152caea8dc87cb3ebd6d78fd41be3baad14d31cca35,P267,ORIGINAL_RELEASE@8c2a1b6990df1e140e15ab5a0eabea69b70eee14,K,PARTIALLY IMPLEMENTED,"scripts/scripts/pipeline.py:normalize:131-133;twcs_consensus:135-142;main:185-220,304-310",Benchmark mean of minmax-normalized RF/GBT/SVM/Similarity; candidate loop raw mean with named-reference similarity; weights default .25,docx_blocks.json:P267; original-manuscript.txt matching paragraph marker where present,Separate benchmark and candidate operations; no proxy weighting implemented. Do not call current method TWCS.,"DESCRIBED ONLY for theoretical/citation claims means no executed-method evidence, not an assertion that source literature is false. No biological conclusions follow from software presence.",audit_provenance.json; commands_run.md,,48ac351437d5f6a337314961d50255f58a89a1d464e55fbdb70db9afcdefb54b,40b9b0708d888a015abe5043bb273c3c6ee601ae,5ee7257be5a09c9862c2ead2f98416e1e8d1b2fa875624ca009df5cb95934bbb,input_manifest.json; commands_run.md; coverage_integrity_report.json
HM-182,40b9b0708d888a015abe5043bb273c3c6ee601ae,NUDT5_Finished_Paper_1.docx:word/document.xml,11ef96824597f47daa1e6152caea8dc87cb3ebd6d78fd41be3baad14d31cca35,P267,CURRENT@40b9b0708d888a015abe5043bb273c3c6ee601ae,K,PARTIALLY IMPLEMENTED,scripts/scripts/pipeline.py:consensus_scores:228-254;fit_scores:410-445,Fixed raw bounded mean RF/GBT/RBF-SVM/nearest-training-active; no minmax or learned weighting,docx_blocks.json:P267; original-manuscript.txt matching paragraph marker where present,Separate benchmark and candidate operations; no proxy weighting implemented. Do not call current method TWCS.,"DESCRIBED ONLY for theoretical/citation claims means no executed-method evidence, not an assertion that source literature is false. No biological conclusions follow from software presence.",audit_provenance.json; commands_run.md,,48ac351437d5f6a337314961d50255f58a89a1d464e55fbdb70db9afcdefb54b,40b9b0708d888a015abe5043bb273c3c6ee601ae,5ee7257be5a09c9862c2ead2f98416e1e8d1b2fa875624ca009df5cb95934bbb,input_manifest.json; commands_run.md; coverage_integrity_report.json
HM-183,40b9b0708d888a015abe5043bb273c3c6ee601ae,NUDT5_Finished_Paper_1.docx:word/document.xml,11ef96824597f47daa1e6152caea8dc87cb3ebd6d78fd41be3baad14d31cca35,P268,ORIGINAL_RELEASE@8c2a1b6990df1e140e15ab5a0eabea69b70eee14,ΣΣSTWCS(m) =wk · R˜k (m)(9),PARTIALLY IMPLEMENTED,"scripts/scripts/pipeline.py:normalize:131-133;twcs_consensus:135-142;main:185-220,304-310",Benchmark mean of minmax-normalized RF/GBT/SVM/Similarity; candidate loop raw mean with named-reference similarity; weights default .25,docx_blocks.json:P268; original-manuscript.txt matching paragraph marker where present,Separate benchmark and candidate operations; no proxy weighting implemented. Do not call current method TWCS.,"DESCRIBED ONLY for theoretical/citation claims means no executed-method evidence, not an assertion that source literature is false. No biological conclusions follow from software presence.",audit_provenance.json; commands_run.md,,48ac351437d5f6a337314961d50255f58a89a1d464e55fbdb70db9afcdefb54b,40b9b0708d888a015abe5043bb273c3c6ee601ae,5ee7257be5a09c9862c2ead2f98416e1e8d1b2fa875624ca009df5cb95934bbb,input_manifest.json; commands_run.md; coverage_integrity_report.json
HM-184,40b9b0708d888a015abe5043bb273c3c6ee601ae,NUDT5_Finished_Paper_1.docx:word/document.xml,11ef96824597f47daa1e6152caea8dc87cb3ebd6d78fd41be3baad14d31cca35,P268,CURRENT@40b9b0708d888a015abe5043bb273c3c6ee601ae,ΣΣSTWCS(m) =wk · R˜k (m)(9),PARTIALLY IMPLEMENTED,scripts/scripts/pipeline.py:consensus_scores:228-254;fit_scores:410-445,Fixed raw bounded mean RF/GBT/RBF-SVM/nearest-training-active; no minmax or learned weighting,docx_blocks.json:P268; original-manuscript.txt matching paragraph marker where present,Separate benchmark and candidate operations; no proxy weighting implemented. Do not call current method TWCS.,"DESCRIBED ONLY for theoretical/citation claims means no executed-method evidence, not an assertion that source literature is false. No biological conclusions follow from software presence.",audit_provenance.json; commands_run.md,,48ac351437d5f6a337314961d50255f58a89a1d464e55fbdb70db9afcdefb54b,40b9b0708d888a015abe5043bb273c3c6ee601ae,5ee7257be5a09c9862c2ead2f98416e1e8d1b2fa875624ca009df5cb95934bbb,input_manifest.json; commands_run.md; coverage_integrity_report.json
HM-185,40b9b0708d888a015abe5043bb273c3c6ee601ae,NUDT5_Finished_Paper_1.docx:word/document.xml,11ef96824597f47daa1e6152caea8dc87cb3ebd6d78fd41be3baad14d31cca35,P269,ORIGINAL_RELEASE@8c2a1b6990df1e140e15ab5a0eabea69b70eee14,k=1,PARTIALLY IMPLEMENTED,"scripts/scripts/pipeline.py:normalize:131-133;twcs_consensus:135-142;main:185-220,304-310",Benchmark mean of minmax-normalized RF/GBT/SVM/Similarity; candidate loop raw mean with named-reference similarity; weights default .25,docx_blocks.json:P269; original-manuscript.txt matching paragraph marker where present,Separate benchmark and candidate operations; no proxy weighting implemented. Do not call current method TWCS.,"DESCRIBED ONLY for theoretical/citation claims means no executed-method evidence, not an assertion that source literature is false. No biological conclusions follow from software presence.",audit_provenance.json; commands_run.md,,48ac351437d5f6a337314961d50255f58a89a1d464e55fbdb70db9afcdefb54b,40b9b0708d888a015abe5043bb273c3c6ee601ae,5ee7257be5a09c9862c2ead2f98416e1e8d1b2fa875624ca009df5cb95934bbb,input_manifest.json; commands_run.md; coverage_integrity_report.json
HM-186,40b9b0708d888a015abe5043bb273c3c6ee601ae,NUDT5_Finished_Paper_1.docx:word/document.xml,11ef96824597f47daa1e6152caea8dc87cb3ebd6d78fd41be3baad14d31cca35,P269,CURRENT@40b9b0708d888a015abe5043bb273c3c6ee601ae,k=1,PARTIALLY IMPLEMENTED,scripts/scripts/pipeline.py:consensus_scores:228-254;fit_scores:410-445,Fixed raw bounded mean RF/GBT/RBF-SVM/nearest-training-active; no minmax or learned weighting,docx_blocks.json:P269; original-manuscript.txt matching paragraph marker where present,Separate benchmark and candidate operations; no proxy weighting implemented. Do not call current method TWCS.,"DESCRIBED ONLY for theoretical/citation claims means no executed-method evidence, not an assertion that source literature is false. No biological conclusions follow from software presence.",audit_provenance.json; commands_run.md,,48ac351437d5f6a337314961d50255f58a89a1d464e55fbdb70db9afcdefb54b,40b9b0708d888a015abe5043bb273c3c6ee601ae,5ee7257be5a09c9862c2ead2f98416e1e8d1b2fa875624ca009df5cb95934bbb,input_manifest.json; commands_run.md; coverage_integrity_report.json
HM-187,40b9b0708d888a015abe5043bb273c3c6ee601ae,NUDT5_Finished_Paper_1.docx:word/document.xml,11ef96824597f47daa1e6152caea8dc87cb3ebd6d78fd41be3baad14d31cca35,P270,ORIGINAL_RELEASE@8c2a1b6990df1e140e15ab5a0eabea69b70eee14,"where R˜k (m) ∈ [0, 1] is the min-max normalized score from method k, and wk are method weights satisfying Σ wk = 1. The four components are:",PARTIALLY IMPLEMENTED,"scripts/scripts/pipeline.py:normalize:131-133;twcs_consensus:135-142;main:185-220,304-310",Benchmark mean of minmax-normalized RF/GBT/SVM/Similarity; candidate loop raw mean with named-reference similarity; weights default .25,docx_blocks.json:P270; original-manuscript.txt matching paragraph marker where present,Separate benchmark and candidate operations; no proxy weighting implemented. Do not call current method TWCS.,"DESCRIBED ONLY for theoretical/citation claims means no executed-method evidence, not an assertion that source literature is false. No biological conclusions follow from software presence.",audit_provenance.json; commands_run.md,,48ac351437d5f6a337314961d50255f58a89a1d464e55fbdb70db9afcdefb54b,40b9b0708d888a015abe5043bb273c3c6ee601ae,5ee7257be5a09c9862c2ead2f98416e1e8d1b2fa875624ca009df5cb95934bbb,input_manifest.json; commands_run.md; coverage_integrity_report.json
HM-188,40b9b0708d888a015abe5043bb273c3c6ee601ae,NUDT5_Finished_Paper_1.docx:word/document.xml,11ef96824597f47daa1e6152caea8dc87cb3ebd6d78fd41be3baad14d31cca35,P270,CURRENT@40b9b0708d888a015abe5043bb273c3c6ee601ae,"where R˜k (m) ∈ [0, 1] is the min-max normalized score from method k, and wk are method weights satisfying Σ wk = 1. The four components are:",PARTIALLY IMPLEMENTED,scripts/scripts/pipeline.py:consensus_scores:228-254;fit_scores:410-445,Fixed raw bounded mean RF/GBT/RBF-SVM/nearest-training-active; no minmax or learned weighting,docx_blocks.json:P270; original-manuscript.txt matching paragraph marker where present,Separate benchmark and candidate operations; no proxy weighting implemented. Do not call current method TWCS.,"DESCRIBED ONLY for theoretical/citation claims means no executed-method evidence, not an assertion that source literature is false. No biological conclusions follow from software presence.",audit_provenance.json; commands_run.md,,48ac351437d5f6a337314961d50255f58a89a1d464e55fbdb70db9afcdefb54b,40b9b0708d888a015abe5043bb273c3c6ee601ae,5ee7257be5a09c9862c2ead2f98416e1e8d1b2fa875624ca009df5cb95934bbb,input_manifest.json; commands_run.md; coverage_integrity_report.json
HM-189,40b9b0708d888a015abe5043bb273c3c6ee601ae,NUDT5_Finished_Paper_1.docx:word/document.xml,11ef96824597f47daa1e6152caea8dc87cb3ebd6d78fd41be3baad14d31cca35,P272,ORIGINAL_RELEASE@8c2a1b6990df1e140e15ab5a0eabea69b70eee14,1631. R˜RF: Random forest predicted probability,PARTIALLY IMPLEMENTED,"scripts/scripts/pipeline.py:normalize:131-133;twcs_consensus:135-142;main:185-220,304-310",Benchmark mean of minmax-normalized RF/GBT/SVM/Similarity; candidate loop raw mean with named-reference similarity; weights default .25,docx_blocks.json:P272; original-manuscript.txt matching paragraph marker where present,Separate benchmark and candidate operations; no proxy weighting implemented. Do not call current method TWCS.,"DESCRIBED ONLY for theoretical/citation claims means no executed-method evidence, not an assertion that source literature is false. No biological conclusions follow from software presence.",audit_provenance.json; commands_run.md,,48ac351437d5f6a337314961d50255f58a89a1d464e55fbdb70db9afcdefb54b,40b9b0708d888a015abe5043bb273c3c6ee601ae,5ee7257be5a09c9862c2ead2f98416e1e8d1b2fa875624ca009df5cb95934bbb,input_manifest.json; commands_run.md; coverage_integrity_report.json
HM-190,40b9b0708d888a015abe5043bb273c3c6ee601ae,NUDT5_Finished_Paper_1.docx:word/document.xml,11ef96824597f47daa1e6152caea8dc87cb3ebd6d78fd41be3baad14d31cca35,P272,CURRENT@40b9b0708d888a015abe5043bb273c3c6ee601ae,1631. R˜RF: Random forest predicted probability,PARTIALLY IMPLEMENTED,scripts/scripts/pipeline.py:consensus_scores:228-254;fit_scores:410-445,Fixed raw bounded mean RF/GBT/RBF-SVM/nearest-training-active; no minmax or learned weighting,docx_blocks.json:P272; original-manuscript.txt matching paragraph marker where present,Separate benchmark and candidate operations; no proxy weighting implemented. Do not call current method TWCS.,"DESCRIBED ONLY for theoretical/citation claims means no executed-method evidence, not an assertion that source literature is false. No biological conclusions follow from software presence.",audit_provenance.json; commands_run.md,,48ac351437d5f6a337314961d50255f58a89a1d464e55fbdb70db9afcdefb54b,40b9b0708d888a015abe5043bb273c3c6ee601ae,5ee7257be5a09c9862c2ead2f98416e1e8d1b2fa875624ca009df5cb95934bbb,input_manifest.json; commands_run.md; coverage_integrity_report.json
HM-191,40b9b0708d888a015abe5043bb273c3c6ee601ae,NUDT5_Finished_Paper_1.docx:word/document.xml,11ef96824597f47daa1e6152caea8dc87cb3ebd6d78fd41be3baad14d31cca35,P273,ORIGINAL_RELEASE@8c2a1b6990df1e140e15ab5a0eabea69b70eee14,1642. R˜GBT: Gradient-boosted tree predicted probability,PARTIALLY IMPLEMENTED,"scripts/scripts/pipeline.py:normalize:131-133;twcs_consensus:135-142;main:185-220,304-310",Benchmark mean of minmax-normalized RF/GBT/SVM/Similarity; candidate loop raw mean with named-reference similarity; weights default .25,docx_blocks.json:P273; original-manuscript.txt matching paragraph marker where present,Separate benchmark and candidate operations; no proxy weighting implemented. Do not call current method TWCS.,"DESCRIBED ONLY for theoretical/citation claims means no executed-method evidence, not an assertion that source literature is false. No biological conclusions follow from software presence.",audit_provenance.json; commands_run.md,,48ac351437d5f6a337314961d50255f58a89a1d464e55fbdb70db9afcdefb54b,40b9b0708d888a015abe5043bb273c3c6ee601ae,5ee7257be5a09c9862c2ead2f98416e1e8d1b2fa875624ca009df5cb95934bbb,input_manifest.json; commands_run.md; coverage_integrity_report.json
HM-192,40b9b0708d888a015abe5043bb273c3c6ee601ae,NUDT5_Finished_Paper_1.docx:word/document.xml,11ef96824597f47daa1e6152caea8dc87cb3ebd6d78fd41be3baad14d31cca35,P273,CURRENT@40b9b0708d888a015abe5043bb273c3c6ee601ae,1642. R˜GBT: Gradient-boosted tree predicted probability,PARTIALLY IMPLEMENTED,scripts/scripts/pipeline.py:consensus_scores:228-254;fit_scores:410-445,Fixed raw bounded mean RF/GBT/RBF-SVM/nearest-training-active; no minmax or learned weighting,docx_blocks.json:P273; original-manuscript.txt matching paragraph marker where present,Separate benchmark and candidate operations; no proxy weighting implemented. Do not call current method TWCS.,"DESCRIBED ONLY for theoretical/citation claims means no executed-method evidence, not an assertion that source literature is false. No biological conclusions follow from software presence.",audit_provenance.json; commands_run.md,,48ac351437d5f6a337314961d50255f58a89a1d464e55fbdb70db9afcdefb54b,40b9b0708d888a015abe5043bb273c3c6ee601ae,5ee7257be5a09c9862c2ead2f98416e1e8d1b2fa875624ca009df5cb95934bbb,input_manifest.json; commands_run.md; coverage_integrity_report.json
HM-193,40b9b0708d888a015abe5043bb273c3c6ee601ae,NUDT5_Finished_Paper_1.docx:word/document.xml,11ef96824597f47daa1e6152caea8dc87cb3ebd6d78fd41be3baad14d31cca35,P274,ORIGINAL_RELEASE@8c2a1b6990df1e140e15ab5a0eabea69b70eee14,1653. R˜SVM: SVM predicted probability,PARTIALLY IMPLEMENTED,"scripts/scripts/pipeline.py:normalize:131-133;twcs_consensus:135-142;main:185-220,304-310",Benchmark mean of minmax-normalized RF/GBT/SVM/Similarity; candidate loop raw mean with named-reference similarity; weights default .25,docx_blocks.json:P274; original-manuscript.txt matching paragraph marker where present,Separate benchmark and candidate operations; no proxy weighting implemented. Do not call current method TWCS.,"DESCRIBED ONLY for theoretical/citation claims means no executed-method evidence, not an assertion that source literature is false. No biological conclusions follow from software presence.",audit_provenance.json; commands_run.md,,48ac351437d5f6a337314961d50255f58a89a1d464e55fbdb70db9afcdefb54b,40b9b0708d888a015abe5043bb273c3c6ee601ae,5ee7257be5a09c9862c2ead2f98416e1e8d1b2fa875624ca009df5cb95934bbb,input_manifest.json; commands_run.md; coverage_integrity_report.json
HM-194,40b9b0708d888a015abe5043bb273c3c6ee601ae,NUDT5_Finished_Paper_1.docx:word/document.xml,11ef96824597f47daa1e6152caea8dc87cb3ebd6d78fd41be3baad14d31cca35,P274,CURRENT@40b9b0708d888a015abe5043bb273c3c6ee601ae,1653. R˜SVM: SVM predicted probability,PARTIALLY IMPLEMENTED,scripts/scripts/pipeline.py:consensus_scores:228-254;fit_scores:410-445,Fixed raw bounded mean RF/GBT/RBF-SVM/nearest-training-active; no minmax or learned weighting,docx_blocks.json:P274; original-manuscript.txt matching paragraph marker where present,Separate benchmark and candidate operations; no proxy weighting implemented. Do not call current method TWCS.,"DESCRIBED ONLY for theoretical/citation claims means no executed-method evidence, not an assertion that source literature is false. No biological conclusions follow from software presence.",audit_provenance.json; commands_run.md,,48ac351437d5f6a337314961d50255f58a89a1d464e55fbdb70db9afcdefb54b,40b9b0708d888a015abe5043bb273c3c6ee601ae,5ee7257be5a09c9862c2ead2f98416e1e8d1b2fa875624ca009df5cb95934bbb,input_manifest.json; commands_run.md; coverage_integrity_report.json
HM-195,40b9b0708d888a015abe5043bb273c3c6ee601ae,NUDT5_Finished_Paper_1.docx:word/document.xml,11ef96824597f47daa1e6152caea8dc87cb3ebd6d78fd41be3baad14d31cca35,P275,ORIGINAL_RELEASE@8c2a1b6990df1e140e15ab5a0eabea69b70eee14,1664. R˜Sim: Tanimoto similarity to reference actives,PARTIALLY IMPLEMENTED,"scripts/scripts/pipeline.py:normalize:131-133;twcs_consensus:135-142;main:185-220,304-310",Benchmark mean of minmax-normalized RF/GBT/SVM/Similarity; candidate loop raw mean with named-reference similarity; weights default .25,docx_blocks.json:P275; original-manuscript.txt matching paragraph marker where present,Separate benchmark and candidate operations; no proxy weighting implemented. Do not call current method TWCS.,"DESCRIBED ONLY for theoretical/citation claims means no executed-method evidence, not an assertion that source literature is false. No biological conclusions follow from software presence.",audit_provenance.json; commands_run.md,,48ac351437d5f6a337314961d50255f58a89a1d464e55fbdb70db9afcdefb54b,40b9b0708d888a015abe5043bb273c3c6ee601ae,5ee7257be5a09c9862c2ead2f98416e1e8d1b2fa875624ca009df5cb95934bbb,input_manifest.json; commands_run.md; coverage_integrity_report.json
HM-196,40b9b0708d888a015abe5043bb273c3c6ee601ae,NUDT5_Finished_Paper_1.docx:word/document.xml,11ef96824597f47daa1e6152caea8dc87cb3ebd6d78fd41be3baad14d31cca35,P275,CURRENT@40b9b0708d888a015abe5043bb273c3c6ee601ae,1664. R˜Sim: Tanimoto similarity to reference actives,PARTIALLY IMPLEMENTED,scripts/scripts/pipeline.py:consensus_scores:228-254;fit_scores:410-445,Fixed raw bounded mean RF/GBT/RBF-SVM/nearest-training-active; no minmax or learned weighting,docx_blocks.json:P275; original-manuscript.txt matching paragraph marker where present,Separate benchmark and candidate operations; no proxy weighting implemented. Do not call current method TWCS.,"DESCRIBED ONLY for theoretical/citation claims means no executed-method evidence, not an assertion that source literature is false. No biological conclusions follow from software presence.",audit_provenance.json; commands_run.md,,48ac351437d5f6a337314961d50255f58a89a1d464e55fbdb70db9afcdefb54b,40b9b0708d888a015abe5043bb273c3c6ee601ae,5ee7257be5a09c9862c2ead2f98416e1e8d1b2fa875624ca009df5cb95934bbb,input_manifest.json; commands_run.md; coverage_integrity_report.json
HM-197,40b9b0708d888a015abe5043bb273c3c6ee601ae,NUDT5_Finished_Paper_1.docx:word/document.xml,11ef96824597f47daa1e6152caea8dc87cb3ebd6d78fd41be3baad14d31cca35,P277,ORIGINAL_RELEASE@8c2a1b6990df1e140e15ab5a0eabea69b70eee14,"167In the equal-weight formulation used here (wk = 0.25), the consensus reduces to the",PARTIALLY IMPLEMENTED,"scripts/scripts/pipeline.py:normalize:131-133;twcs_consensus:135-142;main:185-220,304-310",Benchmark mean of minmax-normalized RF/GBT/SVM/Similarity; candidate loop raw mean with named-reference similarity; weights default .25,docx_blocks.json:P277; original-manuscript.txt matching paragraph marker where present,Separate benchmark and candidate operations; no proxy weighting implemented. Do not call current method TWCS.,"DESCRIBED ONLY for theoretical/citation claims means no executed-method evidence, not an assertion that source literature is false. No biological conclusions follow from software presence.",audit_provenance.json; commands_run.md,,48ac351437d5f6a337314961d50255f58a89a1d464e55fbdb70db9afcdefb54b,40b9b0708d888a015abe5043bb273c3c6ee601ae,5ee7257be5a09c9862c2ead2f98416e1e8d1b2fa875624ca009df5cb95934bbb,input_manifest.json; commands_run.md; coverage_integrity_report.json
HM-198,40b9b0708d888a015abe5043bb273c3c6ee601ae,NUDT5_Finished_Paper_1.docx:word/document.xml,11ef96824597f47daa1e6152caea8dc87cb3ebd6d78fd41be3baad14d31cca35,P277,CURRENT@40b9b0708d888a015abe5043bb273c3c6ee601ae,"167In the equal-weight formulation used here (wk = 0.25), the consensus reduces to the",PARTIALLY IMPLEMENTED,scripts/scripts/pipeline.py:consensus_scores:228-254;fit_scores:410-445,Fixed raw bounded mean RF/GBT/RBF-SVM/nearest-training-active; no minmax or learned weighting,docx_blocks.json:P277; original-manuscript.txt matching paragraph marker where present,Separate benchmark and candidate operations; no proxy weighting implemented. Do not call current method TWCS.,"DESCRIBED ONLY for theoretical/citation claims means no executed-method evidence, not an assertion that source literature is false. No biological conclusions follow from software presence.",audit_provenance.json; commands_run.md,,48ac351437d5f6a337314961d50255f58a89a1d464e55fbdb70db9afcdefb54b,40b9b0708d888a015abe5043bb273c3c6ee601ae,5ee7257be5a09c9862c2ead2f98416e1e8d1b2fa875624ca009df5cb95934bbb,input_manifest.json; commands_run.md; coverage_integrity_report.json
HM-199,40b9b0708d888a015abe5043bb273c3c6ee601ae,NUDT5_Finished_Paper_1.docx:word/document.xml,11ef96824597f47daa1e6152caea8dc87cb3ebd6d78fd41be3baad14d31cca35,P278,ORIGINAL_RELEASE@8c2a1b6990df1e140e15ab5a0eabea69b70eee14,168  arithmetic mean.,PARTIALLY IMPLEMENTED,"scripts/scripts/pipeline.py:normalize:131-133;twcs_consensus:135-142;main:185-220,304-310",Benchmark mean of minmax-normalized RF/GBT/SVM/Similarity; candidate loop raw mean with named-reference similarity; weights default .25,docx_blocks.json:P278; original-manuscript.txt matching paragraph marker where present,Separate benchmark and candidate operations; no proxy weighting implemented. Do not call current method TWCS.,"DESCRIBED ONLY for theoretical/citation claims means no executed-method evidence, not an assertion that source literature is false. No biological conclusions follow from software presence.",audit_provenance.json; commands_run.md,,48ac351437d5f6a337314961d50255f58a89a1d464e55fbdb70db9afcdefb54b,40b9b0708d888a015abe5043bb273c3c6ee601ae,5ee7257be5a09c9862c2ead2f98416e1e8d1b2fa875624ca009df5cb95934bbb,input_manifest.json; commands_run.md; coverage_integrity_report.json
HM-200,40b9b0708d888a015abe5043bb273c3c6ee601ae,NUDT5_Finished_Paper_1.docx:word/document.xml,11ef96824597f47daa1e6152caea8dc87cb3ebd6d78fd41be3baad14d31cca35,P278,CURRENT@40b9b0708d888a015abe5043bb273c3c6ee601ae,168  arithmetic mean.,PARTIALLY IMPLEMENTED,scripts/scripts/pipeline.py:consensus_scores:228-254;fit_scores:410-445,Fixed raw bounded mean RF/GBT/RBF-SVM/nearest-training-active; no minmax or learned weighting,docx_blocks.json:P278; original-manuscript.txt matching paragraph marker where present,Separate benchmark and candidate operations; no proxy weighting implemented. Do not call current method TWCS.,"DESCRIBED ONLY for theoretical/citation claims means no executed-method evidence, not an assertion that source literature is false. No biological conclusions follow from software presence.",audit_provenance.json; commands_run.md,,48ac351437d5f6a337314961d50255f58a89a1d464e55fbdb70db9afcdefb54b,40b9b0708d888a015abe5043bb273c3c6ee601ae,5ee7257be5a09c9862c2ead2f98416e1e8d1b2fa875624ca009df5cb95934bbb,input_manifest.json; commands_run.md; coverage_integrity_report.json
HM-201,40b9b0708d888a015abe5043bb273c3c6ee601ae,NUDT5_Finished_Paper_1.docx:word/document.xml,11ef96824597f47daa1e6152caea8dc87cb3ebd6d78fd41be3baad14d31cca35,P281,ORIGINAL_RELEASE@8c2a1b6990df1e140e15ab5a0eabea69b70eee14,"170   To address the scarcity of NUDT5 actives, we incorporate MTH1 inhibitors as proxy training",DESCRIBED ONLY,"No MTH1 dataset, sample weights, transfer objective or source-task training in either code tree. Original main:173-220; current fit_scores:410-445.",Historical alpha=.3 is described only.,docx_blocks.json:P281; original-manuscript.txt matching paragraph marker where present,Cut as an executed-method claim from Path B; at most identify it as historical unsupported description.,"DESCRIBED ONLY for theoretical/citation claims means no executed-method evidence, not an assertion that source literature is false. No biological conclusions follow from software presence.",audit_provenance.json; commands_run.md,,48ac351437d5f6a337314961d50255f58a89a1d464e55fbdb70db9afcdefb54b,40b9b0708d888a015abe5043bb273c3c6ee601ae,5ee7257be5a09c9862c2ead2f98416e1e8d1b2fa875624ca009df5cb95934bbb,input_manifest.json; commands_run.md; coverage_integrity_report.json
HM-202,40b9b0708d888a015abe5043bb273c3c6ee601ae,NUDT5_Finished_Paper_1.docx:word/document.xml,11ef96824597f47daa1e6152caea8dc87cb3ebd6d78fd41be3baad14d31cca35,P281,CURRENT@40b9b0708d888a015abe5043bb273c3c6ee601ae,"170   To address the scarcity of NUDT5 actives, we incorporate MTH1 inhibitors as proxy training",DESCRIBED ONLY,"No MTH1 dataset, sample weights, transfer objective or source-task training in either code tree. Original main:173-220; current fit_scores:410-445.",Historical alpha=.3 is described only.,docx_blocks.json:P281; original-manuscript.txt matching paragraph marker where present,Cut as an executed-method claim from Path B; at most identify it as historical unsupported description.,"DESCRIBED ONLY for theoretical/citation claims means no executed-method evidence, not an assertion that source literature is false. No biological conclusions follow from software presence.",audit_provenance.json; commands_run.md,,48ac351437d5f6a337314961d50255f58a89a1d464e55fbdb70db9afcdefb54b,40b9b0708d888a015abe5043bb273c3c6ee601ae,5ee7257be5a09c9862c2ead2f98416e1e8d1b2fa875624ca009df5cb95934bbb,input_manifest.json; commands_run.md; coverage_integrity_report.json
HM-203,40b9b0708d888a015abe5043bb273c3c6ee601ae,NUDT5_Finished_Paper_1.docx:word/document.xml,11ef96824597f47daa1e6152caea8dc87cb3ebd6d78fd41be3baad14d31cca35,P282,ORIGINAL_RELEASE@8c2a1b6990df1e140e15ab5a0eabea69b70eee14,171  data with a transfer weight α:,DESCRIBED ONLY,"No MTH1 dataset, sample weights, transfer objective or source-task training in either code tree. Original main:173-220; current fit_scores:410-445.",Historical alpha=.3 is described only.,docx_blocks.json:P282; original-manuscript.txt matching paragraph marker where present,Cut as an executed-method claim from Path B; at most identify it as historical unsupported description.,"DESCRIBED ONLY for theoretical/citation claims means no executed-method evidence, not an assertion that source literature is false. No biological conclusions follow from software presence.",audit_provenance.json; commands_run.md,,48ac351437d5f6a337314961d50255f58a89a1d464e55fbdb70db9afcdefb54b,40b9b0708d888a015abe5043bb273c3c6ee601ae,5ee7257be5a09c9862c2ead2f98416e1e8d1b2fa875624ca009df5cb95934bbb,input_manifest.json; commands_run.md; coverage_integrity_report.json
HM-204,40b9b0708d888a015abe5043bb273c3c6ee601ae,NUDT5_Finished_Paper_1.docx:word/document.xml,11ef96824597f47daa1e6152caea8dc87cb3ebd6d78fd41be3baad14d31cca35,P282,CURRENT@40b9b0708d888a015abe5043bb273c3c6ee601ae,171  data with a transfer weight α:,DESCRIBED ONLY,"No MTH1 dataset, sample weights, transfer objective or source-task training in either code tree. Original main:173-220; current fit_scores:410-445.",Historical alpha=.3 is described only.,docx_blocks.json:P282; original-manuscript.txt matching paragraph marker where present,Cut as an executed-method claim from Path B; at most identify it as historical unsupported description.,"DESCRIBED ONLY for theoretical/citation claims means no executed-method evidence, not an assertion that source literature is false. No biological conclusions follow from software presence.",audit_provenance.json; commands_run.md,,48ac351437d5f6a337314961d50255f58a89a1d464e55fbdb70db9afcdefb54b,40b9b0708d888a015abe5043bb273c3c6ee601ae,5ee7257be5a09c9862c2ead2f98416e1e8d1b2fa875624ca009df5cb95934bbb,input_manifest.json; commands_run.md; coverage_integrity_report.json
HM-205,40b9b0708d888a015abe5043bb273c3c6ee601ae,NUDT5_Finished_Paper_1.docx:word/document.xml,11ef96824597f47daa1e6152caea8dc87cb3ebd6d78fd41be3baad14d31cca35,P285,ORIGINAL_RELEASE@8c2a1b6990df1e140e15ab5a0eabea69b70eee14,ΣΣLtransfer =,DESCRIBED ONLY,"No MTH1 dataset, sample weights, transfer objective or source-task training in either code tree. Original main:173-220; current fit_scores:410-445.",Historical alpha=.3 is described only.,docx_blocks.json:P285; original-manuscript.txt matching paragraph marker where present,Cut as an executed-method claim from Path B; at most identify it as historical unsupported description.,"DESCRIBED ONLY for theoretical/citation claims means no executed-method evidence, not an assertion that source literature is false. No biological conclusions follow from software presence.",audit_provenance.json; commands_run.md,,48ac351437d5f6a337314961d50255f58a89a1d464e55fbdb70db9afcdefb54b,40b9b0708d888a015abe5043bb273c3c6ee601ae,5ee7257be5a09c9862c2ead2f98416e1e8d1b2fa875624ca009df5cb95934bbb,input_manifest.json; commands_run.md; coverage_integrity_report.json
HM-206,40b9b0708d888a015abe5043bb273c3c6ee601ae,NUDT5_Finished_Paper_1.docx:word/document.xml,11ef96824597f47daa1e6152caea8dc87cb3ebd6d78fd41be3baad14d31cca35,P285,CURRENT@40b9b0708d888a015abe5043bb273c3c6ee601ae,ΣΣLtransfer =,DESCRIBED ONLY,"No MTH1 dataset, sample weights, transfer objective or source-task training in either code tree. Original main:173-220; current fit_scores:410-445.",Historical alpha=.3 is described only.,docx_blocks.json:P285; original-manuscript.txt matching paragraph marker where present,Cut as an executed-method claim from Path B; at most identify it as historical unsupported description.,"DESCRIBED ONLY for theoretical/citation claims means no executed-method evidence, not an assertion that source literature is false. No biological conclusions follow from software presence.",audit_provenance.json; commands_run.md,,48ac351437d5f6a337314961d50255f58a89a1d464e55fbdb70db9afcdefb54b,40b9b0708d888a015abe5043bb273c3c6ee601ae,5ee7257be5a09c9862c2ead2f98416e1e8d1b2fa875624ca009df5cb95934bbb,input_manifest.json; commands_run.md; coverage_integrity_report.json
HM-207,40b9b0708d888a015abe5043bb273c3c6ee601ae,NUDT5_Finished_Paper_1.docx:word/document.xml,11ef96824597f47daa1e6152caea8dc87cb3ebd6d78fd41be3baad14d31cca35,P286,ORIGINAL_RELEASE@8c2a1b6990df1e140e15ab5a0eabea69b70eee14,i∈NUDT5,DESCRIBED ONLY,"No MTH1 dataset, sample weights, transfer objective or source-task training in either code tree. Original main:173-220; current fit_scores:410-445.",Historical alpha=.3 is described only.,docx_blocks.json:P286; original-manuscript.txt matching paragraph marker where present,Cut as an executed-method claim from Path B; at most identify it as historical unsupported description.,"DESCRIBED ONLY for theoretical/citation claims means no executed-method evidence, not an assertion that source literature is false. No biological conclusions follow from software presence.",audit_provenance.json; commands_run.md,,48ac351437d5f6a337314961d50255f58a89a1d464e55fbdb70db9afcdefb54b,40b9b0708d888a015abe5043bb273c3c6ee601ae,5ee7257be5a09c9862c2ead2f98416e1e8d1b2fa875624ca009df5cb95934bbb,input_manifest.json; commands_run.md; coverage_integrity_report.json
HM-208,40b9b0708d888a015abe5043bb273c3c6ee601ae,NUDT5_Finished_Paper_1.docx:word/document.xml,11ef96824597f47daa1e6152caea8dc87cb3ebd6d78fd41be3baad14d31cca35,P286,CURRENT@40b9b0708d888a015abe5043bb273c3c6ee601ae,i∈NUDT5,DESCRIBED ONLY,"No MTH1 dataset, sample weights, transfer objective or source-task training in either code tree. Original main:173-220; current fit_scores:410-445.",Historical alpha=.3 is described only.,docx_blocks.json:P286; original-manuscript.txt matching paragraph marker where present,Cut as an executed-method claim from Path B; at most identify it as historical unsupported description.,"DESCRIBED ONLY for theoretical/citation claims means no executed-method evidence, not an assertion that source literature is false. No biological conclusions follow from software presence.",audit_provenance.json; commands_run.md,,48ac351437d5f6a337314961d50255f58a89a1d464e55fbdb70db9afcdefb54b,40b9b0708d888a015abe5043bb273c3c6ee601ae,5ee7257be5a09c9862c2ead2f98416e1e8d1b2fa875624ca009df5cb95934bbb,input_manifest.json; commands_run.md; coverage_integrity_report.json
HM-209,40b9b0708d888a015abe5043bb273c3c6ee601ae,NUDT5_Finished_Paper_1.docx:word/document.xml,11ef96824597f47daa1e6152caea8dc87cb3ebd6d78fd41be3baad14d31cca35,P287,ORIGINAL_RELEASE@8c2a1b6990df1e140e15ab5a0eabea69b70eee14,"ℓ(yi, yˆi) + α",DESCRIBED ONLY,"No MTH1 dataset, sample weights, transfer objective or source-task training in either code tree. Original main:173-220; current fit_scores:410-445.",Historical alpha=.3 is described only.,docx_blocks.json:P287; original-manuscript.txt matching paragraph marker where present,Cut as an executed-method claim from Path B; at most identify it as historical unsupported description.,"DESCRIBED ONLY for theoretical/citation claims means no executed-method evidence, not an assertion that source literature is false. No biological conclusions follow from software presence.",audit_provenance.json; commands_run.md,,48ac351437d5f6a337314961d50255f58a89a1d464e55fbdb70db9afcdefb54b,40b9b0708d888a015abe5043bb273c3c6ee601ae,5ee7257be5a09c9862c2ead2f98416e1e8d1b2fa875624ca009df5cb95934bbb,input_manifest.json; commands_run.md; coverage_integrity_report.json
HM-210,40b9b0708d888a015abe5043bb273c3c6ee601ae,NUDT5_Finished_Paper_1.docx:word/document.xml,11ef96824597f47daa1e6152caea8dc87cb3ebd6d78fd41be3baad14d31cca35,P287,CURRENT@40b9b0708d888a015abe5043bb273c3c6ee601ae,"ℓ(yi, yˆi) + α",DESCRIBED ONLY,"No MTH1 dataset, sample weights, transfer objective or source-task training in either code tree. Original main:173-220; current fit_scores:410-445.",Historical alpha=.3 is described only.,docx_blocks.json:P287; original-manuscript.txt matching paragraph marker where present,Cut as an executed-method claim from Path B; at most identify it as historical unsupported description.,"DESCRIBED ONLY for theoretical/citation claims means no executed-method evidence, not an assertion that source literature is false. No biological conclusions follow from software presence.",audit_provenance.json; commands_run.md,,48ac351437d5f6a337314961d50255f58a89a1d464e55fbdb70db9afcdefb54b,40b9b0708d888a015abe5043bb273c3c6ee601ae,5ee7257be5a09c9862c2ead2f98416e1e8d1b2fa875624ca009df5cb95934bbb,input_manifest.json; commands_run.md; coverage_integrity_report.json
HM-211,40b9b0708d888a015abe5043bb273c3c6ee601ae,NUDT5_Finished_Paper_1.docx:word/document.xml,11ef96824597f47daa1e6152caea8dc87cb3ebd6d78fd41be3baad14d31cca35,P288,ORIGINAL_RELEASE@8c2a1b6990df1e140e15ab5a0eabea69b70eee14,ΣΣj∈MTH1,DESCRIBED ONLY,"No MTH1 dataset, sample weights, transfer objective or source-task training in either code tree. Original main:173-220; current fit_scores:410-445.",Historical alpha=.3 is described only.,docx_blocks.json:P288; original-manuscript.txt matching paragraph marker where present,Cut as an executed-method claim from Path B; at most identify it as historical unsupported description.,"DESCRIBED ONLY for theoretical/citation claims means no executed-method evidence, not an assertion that source literature is false. No biological conclusions follow from software presence.",audit_provenance.json; commands_run.md,,48ac351437d5f6a337314961d50255f58a89a1d464e55fbdb70db9afcdefb54b,40b9b0708d888a015abe5043bb273c3c6ee601ae,5ee7257be5a09c9862c2ead2f98416e1e8d1b2fa875624ca009df5cb95934bbb,input_manifest.json; commands_run.md; coverage_integrity_report.json
HM-212,40b9b0708d888a015abe5043bb273c3c6ee601ae,NUDT5_Finished_Paper_1.docx:word/document.xml,11ef96824597f47daa1e6152caea8dc87cb3ebd6d78fd41be3baad14d31cca35,P288,CURRENT@40b9b0708d888a015abe5043bb273c3c6ee601ae,ΣΣj∈MTH1,DESCRIBED ONLY,"No MTH1 dataset, sample weights, transfer objective or source-task training in either code tree. Original main:173-220; current fit_scores:410-445.",Historical alpha=.3 is described only.,docx_blocks.json:P288; original-manuscript.txt matching paragraph marker where present,Cut as an executed-method claim from Path B; at most identify it as historical unsupported description.,"DESCRIBED ONLY for theoretical/citation claims means no executed-method evidence, not an assertion that source literature is false. No biological conclusions follow from software presence.",audit_provenance.json; commands_run.md,,48ac351437d5f6a337314961d50255f58a89a1d464e55fbdb70db9afcdefb54b,40b9b0708d888a015abe5043bb273c3c6ee601ae,5ee7257be5a09c9862c2ead2f98416e1e8d1b2fa875624ca009df5cb95934bbb,input_manifest.json; commands_run.md; coverage_integrity_report.json
HM-213,40b9b0708d888a015abe5043bb273c3c6ee601ae,NUDT5_Finished_Paper_1.docx:word/document.xml,11ef96824597f47daa1e6152caea8dc87cb3ebd6d78fd41be3baad14d31cca35,P289,ORIGINAL_RELEASE@8c2a1b6990df1e140e15ab5a0eabea69b70eee14,"ℓ(yj, yˆj)(10)",DESCRIBED ONLY,"No MTH1 dataset, sample weights, transfer objective or source-task training in either code tree. Original main:173-220; current fit_scores:410-445.",Historical alpha=.3 is described only.,docx_blocks.json:P289; original-manuscript.txt matching paragraph marker where present,Cut as an executed-method claim from Path B; at most identify it as historical unsupported description.,"DESCRIBED ONLY for theoretical/citation claims means no executed-method evidence, not an assertion that source literature is false. No biological conclusions follow from software presence.",audit_provenance.json; commands_run.md,,48ac351437d5f6a337314961d50255f58a89a1d464e55fbdb70db9afcdefb54b,40b9b0708d888a015abe5043bb273c3c6ee601ae,5ee7257be5a09c9862c2ead2f98416e1e8d1b2fa875624ca009df5cb95934bbb,input_manifest.json; commands_run.md; coverage_integrity_report.json
HM-214,40b9b0708d888a015abe5043bb273c3c6ee601ae,NUDT5_Finished_Paper_1.docx:word/document.xml,11ef96824597f47daa1e6152caea8dc87cb3ebd6d78fd41be3baad14d31cca35,P289,CURRENT@40b9b0708d888a015abe5043bb273c3c6ee601ae,"ℓ(yj, yˆj)(10)",DESCRIBED ONLY,"No MTH1 dataset, sample weights, transfer objective or source-task training in either code tree. Original main:173-220; current fit_scores:410-445.",Historical alpha=.3 is described only.,docx_blocks.json:P289; original-manuscript.txt matching paragraph marker where present,Cut as an executed-method claim from Path B; at most identify it as historical unsupported description.,"DESCRIBED ONLY for theoretical/citation claims means no executed-method evidence, not an assertion that source literature is false. No biological conclusions follow from software presence.",audit_provenance.json; commands_run.md,,48ac351437d5f6a337314961d50255f58a89a1d464e55fbdb70db9afcdefb54b,40b9b0708d888a015abe5043bb273c3c6ee601ae,5ee7257be5a09c9862c2ead2f98416e1e8d1b2fa875624ca009df5cb95934bbb,input_manifest.json; commands_run.md; coverage_integrity_report.json
HM-215,40b9b0708d888a015abe5043bb273c3c6ee601ae,NUDT5_Finished_Paper_1.docx:word/document.xml,11ef96824597f47daa1e6152caea8dc87cb3ebd6d78fd41be3baad14d31cca35,P291,ORIGINAL_RELEASE@8c2a1b6990df1e140e15ab5a0eabea69b70eee14,172where α = 0.3 downweights MTH1 contributions to re ect reduced con dence in cross-,DESCRIBED ONLY,"No MTH1 dataset, sample weights, transfer objective or source-task training in either code tree. Original main:173-220; current fit_scores:410-445.",Historical alpha=.3 is described only.,docx_blocks.json:P291; original-manuscript.txt matching paragraph marker where present,Cut as an executed-method claim from Path B; at most identify it as historical unsupported description.,"DESCRIBED ONLY for theoretical/citation claims means no executed-method evidence, not an assertion that source literature is false. No biological conclusions follow from software presence.",audit_provenance.json; commands_run.md,,48ac351437d5f6a337314961d50255f58a89a1d464e55fbdb70db9afcdefb54b,40b9b0708d888a015abe5043bb273c3c6ee601ae,5ee7257be5a09c9862c2ead2f98416e1e8d1b2fa875624ca009df5cb95934bbb,input_manifest.json; commands_run.md; coverage_integrity_report.json
HM-216,40b9b0708d888a015abe5043bb273c3c6ee601ae,NUDT5_Finished_Paper_1.docx:word/document.xml,11ef96824597f47daa1e6152caea8dc87cb3ebd6d78fd41be3baad14d31cca35,P291,CURRENT@40b9b0708d888a015abe5043bb273c3c6ee601ae,172where α = 0.3 downweights MTH1 contributions to re ect reduced con dence in cross-,DESCRIBED ONLY,"No MTH1 dataset, sample weights, transfer objective or source-task training in either code tree. Original main:173-220; current fit_scores:410-445.",Historical alpha=.3 is described only.,docx_blocks.json:P291; original-manuscript.txt matching paragraph marker where present,Cut as an executed-method claim from Path B; at most identify it as historical unsupported description.,"DESCRIBED ONLY for theoretical/citation claims means no executed-method evidence, not an assertion that source literature is false. No biological conclusions follow from software presence.",audit_provenance.json; commands_run.md,,48ac351437d5f6a337314961d50255f58a89a1d464e55fbdb70db9afcdefb54b,40b9b0708d888a015abe5043bb273c3c6ee601ae,5ee7257be5a09c9862c2ead2f98416e1e8d1b2fa875624ca009df5cb95934bbb,input_manifest.json; commands_run.md; coverage_integrity_report.json
HM-217,40b9b0708d888a015abe5043bb273c3c6ee601ae,NUDT5_Finished_Paper_1.docx:word/document.xml,11ef96824597f47daa1e6152caea8dc87cb3ebd6d78fd41be3baad14d31cca35,P292,ORIGINAL_RELEASE@8c2a1b6990df1e140e15ab5a0eabea69b70eee14,173  target transferability. The choice of α is motivated by the structural similarity between the,DESCRIBED ONLY,"No MTH1 dataset, sample weights, transfer objective or source-task training in either code tree. Original main:173-220; current fit_scores:410-445.",Historical alpha=.3 is described only.,docx_blocks.json:P292; original-manuscript.txt matching paragraph marker where present,Cut as an executed-method claim from Path B; at most identify it as historical unsupported description.,"DESCRIBED ONLY for theoretical/citation claims means no executed-method evidence, not an assertion that source literature is false. No biological conclusions follow from software presence.",audit_provenance.json; commands_run.md,,48ac351437d5f6a337314961d50255f58a89a1d464e55fbdb70db9afcdefb54b,40b9b0708d888a015abe5043bb273c3c6ee601ae,5ee7257be5a09c9862c2ead2f98416e1e8d1b2fa875624ca009df5cb95934bbb,input_manifest.json; commands_run.md; coverage_integrity_report.json
HM-218,40b9b0708d888a015abe5043bb273c3c6ee601ae,NUDT5_Finished_Paper_1.docx:word/document.xml,11ef96824597f47daa1e6152caea8dc87cb3ebd6d78fd41be3baad14d31cca35,P292,CURRENT@40b9b0708d888a015abe5043bb273c3c6ee601ae,173  target transferability. The choice of α is motivated by the structural similarity between the,DESCRIBED ONLY,"No MTH1 dataset, sample weights, transfer objective or source-task training in either code tree. Original main:173-220; current fit_scores:410-445.",Historical alpha=.3 is described only.,docx_blocks.json:P292; original-manuscript.txt matching paragraph marker where present,Cut as an executed-method claim from Path B; at most identify it as historical unsupported description.,"DESCRIBED ONLY for theoretical/citation claims means no executed-method evidence, not an assertion that source literature is false. No biological conclusions follow from software presence.",audit_provenance.json; commands_run.md,,48ac351437d5f6a337314961d50255f58a89a1d464e55fbdb70db9afcdefb54b,40b9b0708d888a015abe5043bb273c3c6ee601ae,5ee7257be5a09c9862c2ead2f98416e1e8d1b2fa875624ca009df5cb95934bbb,input_manifest.json; commands_run.md; coverage_integrity_report.json
HM-219,40b9b0708d888a015abe5043bb273c3c6ee601ae,NUDT5_Finished_Paper_1.docx:word/document.xml,11ef96824597f47daa1e6152caea8dc87cb3ebd6d78fd41be3baad14d31cca35,P293,ORIGINAL_RELEASE@8c2a1b6990df1e140e15ab5a0eabea69b70eee14,174  NUDT5 and MTH1 active sites (both contain adenine-recognition Trp residues and share the,DESCRIBED ONLY,"No MTH1 dataset, sample weights, transfer objective or source-task training in either code tree. Original main:173-220; current fit_scores:410-445.",Historical alpha=.3 is described only.,docx_blocks.json:P293; original-manuscript.txt matching paragraph marker where present,Cut as an executed-method claim from Path B; at most identify it as historical unsupported description.,"DESCRIBED ONLY for theoretical/citation claims means no executed-method evidence, not an assertion that source literature is false. No biological conclusions follow from software presence.",audit_provenance.json; commands_run.md,,48ac351437d5f6a337314961d50255f58a89a1d464e55fbdb70db9afcdefb54b,40b9b0708d888a015abe5043bb273c3c6ee601ae,5ee7257be5a09c9862c2ead2f98416e1e8d1b2fa875624ca009df5cb95934bbb,input_manifest.json; commands_run.md; coverage_integrity_report.json
HM-220,40b9b0708d888a015abe5043bb273c3c6ee601ae,NUDT5_Finished_Paper_1.docx:word/document.xml,11ef96824597f47daa1e6152caea8dc87cb3ebd6d78fd41be3baad14d31cca35,P293,CURRENT@40b9b0708d888a015abe5043bb273c3c6ee601ae,174  NUDT5 and MTH1 active sites (both contain adenine-recognition Trp residues and share the,DESCRIBED ONLY,"No MTH1 dataset, sample weights, transfer objective or source-task training in either code tree. Original main:173-220; current fit_scores:410-445.",Historical alpha=.3 is described only.,docx_blocks.json:P293; original-manuscript.txt matching paragraph marker where present,Cut as an executed-method claim from Path B; at most identify it as historical unsupported description.,"DESCRIBED ONLY for theoretical/citation claims means no executed-method evidence, not an assertion that source literature is false. No biological conclusions follow from software presence.",audit_provenance.json; commands_run.md,,48ac351437d5f6a337314961d50255f58a89a1d464e55fbdb70db9afcdefb54b,40b9b0708d888a015abe5043bb273c3c6ee601ae,5ee7257be5a09c9862c2ead2f98416e1e8d1b2fa875624ca009df5cb95934bbb,input_manifest.json; commands_run.md; coverage_integrity_report.json
HM-221,40b9b0708d888a015abe5043bb273c3c6ee601ae,NUDT5_Finished_Paper_1.docx:word/document.xml,11ef96824597f47daa1e6152caea8dc87cb3ebd6d78fd41be3baad14d31cca35,P294,ORIGINAL_RELEASE@8c2a1b6990df1e140e15ab5a0eabea69b70eee14,175  NUDIX box) while acknowledging that SAR is not conserved across NUDIX family members.,DESCRIBED ONLY,"No MTH1 dataset, sample weights, transfer objective or source-task training in either code tree. Original main:173-220; current fit_scores:410-445.",Historical alpha=.3 is described only.,docx_blocks.json:P294; original-manuscript.txt matching paragraph marker where present,Cut as an executed-method claim from Path B; at most identify it as historical unsupported description.,"DESCRIBED ONLY for theoretical/citation claims means no executed-method evidence, not an assertion that source literature is false. No biological conclusions follow from software presence.",audit_provenance.json; commands_run.md,,48ac351437d5f6a337314961d50255f58a89a1d464e55fbdb70db9afcdefb54b,40b9b0708d888a015abe5043bb273c3c6ee601ae,5ee7257be5a09c9862c2ead2f98416e1e8d1b2fa875624ca009df5cb95934bbb,input_manifest.json; commands_run.md; coverage_integrity_report.json
HM-222,40b9b0708d888a015abe5043bb273c3c6ee601ae,NUDT5_Finished_Paper_1.docx:word/document.xml,11ef96824597f47daa1e6152caea8dc87cb3ebd6d78fd41be3baad14d31cca35,P294,CURRENT@40b9b0708d888a015abe5043bb273c3c6ee601ae,175  NUDIX box) while acknowledging that SAR is not conserved across NUDIX family members.,DESCRIBED ONLY,"No MTH1 dataset, sample weights, transfer objective or source-task training in either code tree. Original main:173-220; current fit_scores:410-445.",Historical alpha=.3 is described only.,docx_blocks.json:P294; original-manuscript.txt matching paragraph marker where present,Cut as an executed-method claim from Path B; at most identify it as historical unsupported description.,"DESCRIBED ONLY for theoretical/citation claims means no executed-method evidence, not an assertion that source literature is false. No biological conclusions follow from software presence.",audit_provenance.json; commands_run.md,,48ac351437d5f6a337314961d50255f58a89a1d464e55fbdb70db9afcdefb54b,40b9b0708d888a015abe5043bb273c3c6ee601ae,5ee7257be5a09c9862c2ead2f98416e1e8d1b2fa875624ca009df5cb95934bbb,input_manifest.json; commands_run.md; coverage_integrity_report.json
HM-223,40b9b0708d888a015abe5043bb273c3c6ee601ae,NUDT5_Finished_Paper_1.docx:word/document.xml,11ef96824597f47daa1e6152caea8dc87cb3ebd6d78fd41be3baad14d31cca35,P297,ORIGINAL_RELEASE@8c2a1b6990df1e140e15ab5a0eabea69b70eee14,177  Standard applicability domain (AD) de nitions use a single Tanimoto threshold. We extend,PARTIALLY IMPLEMENTED,scripts/scripts/pipeline.py:main:304-316,"Tanimoto values implemented; no scaffold-conditioned calibrated per-compound confidence; current flags max_active_tanimoto>=.25, original single TH5427 similarity.",docx_blocks.json:P297; original-manuscript.txt matching paragraph marker where present,Do not retain high/moderate confidence tiers as validated uncertainty; exact-scaffold CV is not a trained applicability-domain confidence model.,"DESCRIBED ONLY for theoretical/citation claims means no executed-method evidence, not an assertion that source literature is false. No biological conclusions follow from software presence.",audit_provenance.json; commands_run.md,,48ac351437d5f6a337314961d50255f58a89a1d464e55fbdb70db9afcdefb54b,40b9b0708d888a015abe5043bb273c3c6ee601ae,5ee7257be5a09c9862c2ead2f98416e1e8d1b2fa875624ca009df5cb95934bbb,input_manifest.json; commands_run.md; coverage_integrity_report.json
HM-224,40b9b0708d888a015abe5043bb273c3c6ee601ae,NUDT5_Finished_Paper_1.docx:word/document.xml,11ef96824597f47daa1e6152caea8dc87cb3ebd6d78fd41be3baad14d31cca35,P297,CURRENT@40b9b0708d888a015abe5043bb273c3c6ee601ae,177  Standard applicability domain (AD) de nitions use a single Tanimoto threshold. We extend,PARTIALLY IMPLEMENTED,scripts/scripts/pipeline.py:candidate_audit:520-587,"Tanimoto values implemented; no scaffold-conditioned calibrated per-compound confidence; current flags max_active_tanimoto>=.25, original single TH5427 similarity.",docx_blocks.json:P297; original-manuscript.txt matching paragraph marker where present,Do not retain high/moderate confidence tiers as validated uncertainty; exact-scaffold CV is not a trained applicability-domain confidence model.,"DESCRIBED ONLY for theoretical/citation claims means no executed-method evidence, not an assertion that source literature is false. No biological conclusions follow from software presence.",audit_provenance.json; commands_run.md,,48ac351437d5f6a337314961d50255f58a89a1d464e55fbdb70db9afcdefb54b,40b9b0708d888a015abe5043bb273c3c6ee601ae,5ee7257be5a09c9862c2ead2f98416e1e8d1b2fa875624ca009df5cb95934bbb,input_manifest.json; commands_run.md; coverage_integrity_report.json
HM-225,40b9b0708d888a015abe5043bb273c3c6ee601ae,NUDT5_Finished_Paper_1.docx:word/document.xml,11ef96824597f47daa1e6152caea8dc87cb3ebd6d78fd41be3baad14d31cca35,P298,ORIGINAL_RELEASE@8c2a1b6990df1e140e15ab5a0eabea69b70eee14,178  this with a sca old-awareness layer:,PARTIALLY IMPLEMENTED,scripts/scripts/pipeline.py:main:304-316,"Tanimoto values implemented; no scaffold-conditioned calibrated per-compound confidence; current flags max_active_tanimoto>=.25, original single TH5427 similarity.",docx_blocks.json:P298; original-manuscript.txt matching paragraph marker where present,Do not retain high/moderate confidence tiers as validated uncertainty; exact-scaffold CV is not a trained applicability-domain confidence model.,"DESCRIBED ONLY for theoretical/citation claims means no executed-method evidence, not an assertion that source literature is false. No biological conclusions follow from software presence.",audit_provenance.json; commands_run.md,,48ac351437d5f6a337314961d50255f58a89a1d464e55fbdb70db9afcdefb54b,40b9b0708d888a015abe5043bb273c3c6ee601ae,5ee7257be5a09c9862c2ead2f98416e1e8d1b2fa875624ca009df5cb95934bbb,input_manifest.json; commands_run.md; coverage_integrity_report.json
HM-226,40b9b0708d888a015abe5043bb273c3c6ee601ae,NUDT5_Finished_Paper_1.docx:word/document.xml,11ef96824597f47daa1e6152caea8dc87cb3ebd6d78fd41be3baad14d31cca35,P298,CURRENT@40b9b0708d888a015abe5043bb273c3c6ee601ae,178  this with a sca old-awareness layer:,PARTIALLY IMPLEMENTED,scripts/scripts/pipeline.py:candidate_audit:520-587,"Tanimoto values implemented; no scaffold-conditioned calibrated per-compound confidence; current flags max_active_tanimoto>=.25, original single TH5427 similarity.",docx_blocks.json:P298; original-manuscript.txt matching paragraph marker where present,Do not retain high/moderate confidence tiers as validated uncertainty; exact-scaffold CV is not a trained applicability-domain confidence model.,"DESCRIBED ONLY for theoretical/citation claims means no executed-method evidence, not an assertion that source literature is false. No biological conclusions follow from software presence.",audit_provenance.json; commands_run.md,,48ac351437d5f6a337314961d50255f58a89a1d464e55fbdb70db9afcdefb54b,40b9b0708d888a015abe5043bb273c3c6ee601ae,5ee7257be5a09c9862c2ead2f98416e1e8d1b2fa875624ca009df5cb95934bbb,input_manifest.json; commands_run.md; coverage_integrity_report.json
HM-227,40b9b0708d888a015abe5043bb273c3c6ee601ae,NUDT5_Finished_Paper_1.docx:word/document.xml,11ef96824597f47daa1e6152caea8dc87cb3ebd6d78fd41be3baad14d31cca35,P299,ORIGINAL_RELEASE@8c2a1b6990df1e140e15ab5a0eabea69b70eee14,",,,high con dencemaxi T (m, xi) ≥ 0.40",PARTIALLY IMPLEMENTED,scripts/scripts/pipeline.py:main:304-316,"Tanimoto values implemented; no scaffold-conditioned calibrated per-compound confidence; current flags max_active_tanimoto>=.25, original single TH5427 similarity.",docx_blocks.json:P299; original-manuscript.txt matching paragraph marker where present,Do not retain high/moderate confidence tiers as validated uncertainty; exact-scaffold CV is not a trained applicability-domain confidence model.,"DESCRIBED ONLY for theoretical/citation claims means no executed-method evidence, not an assertion that source literature is false. No biological conclusions follow from software presence.",audit_provenance.json; commands_run.md,,48ac351437d5f6a337314961d50255f58a89a1d464e55fbdb70db9afcdefb54b,40b9b0708d888a015abe5043bb273c3c6ee601ae,5ee7257be5a09c9862c2ead2f98416e1e8d1b2fa875624ca009df5cb95934bbb,input_manifest.json; commands_run.md; coverage_integrity_report.json
HM-228,40b9b0708d888a015abe5043bb273c3c6ee601ae,NUDT5_Finished_Paper_1.docx:word/document.xml,11ef96824597f47daa1e6152caea8dc87cb3ebd6d78fd41be3baad14d31cca35,P299,CURRENT@40b9b0708d888a015abe5043bb273c3c6ee601ae,",,,high con dencemaxi T (m, xi) ≥ 0.40",PARTIALLY IMPLEMENTED,scripts/scripts/pipeline.py:candidate_audit:520-587,"Tanimoto values implemented; no scaffold-conditioned calibrated per-compound confidence; current flags max_active_tanimoto>=.25, original single TH5427 similarity.",docx_blocks.json:P299; original-manuscript.txt matching paragraph marker where present,Do not retain high/moderate confidence tiers as validated uncertainty; exact-scaffold CV is not a trained applicability-domain confidence model.,"DESCRIBED ONLY for theoretical/citation claims means no executed-method evidence, not an assertion that source literature is false. No biological conclusions follow from software presence.",audit_provenance.json; commands_run.md,,48ac351437d5f6a337314961d50255f58a89a1d464e55fbdb70db9afcdefb54b,40b9b0708d888a015abe5043bb273c3c6ee601ae,5ee7257be5a09c9862c2ead2f98416e1e8d1b2fa875624ca009df5cb95934bbb,input_manifest.json; commands_run.md; coverage_integrity_report.json
HM-229,40b9b0708d888a015abe5043bb273c3c6ee601ae,NUDT5_Finished_Paper_1.docx:word/document.xml,11ef96824597f47daa1e6152caea8dc87cb3ebd6d78fd41be3baad14d31cca35,P301,ORIGINAL_RELEASE@8c2a1b6990df1e140e15ab5a0eabea69b70eee14,"ADsca old(m) = moderate0.25 ≤ maxi T (m, xi) < 0.40",PARTIALLY IMPLEMENTED,scripts/scripts/pipeline.py:main:304-316,"Tanimoto values implemented; no scaffold-conditioned calibrated per-compound confidence; current flags max_active_tanimoto>=.25, original single TH5427 similarity.",docx_blocks.json:P301; original-manuscript.txt matching paragraph marker where present,Do not retain high/moderate confidence tiers as validated uncertainty; exact-scaffold CV is not a trained applicability-domain confidence model.,"DESCRIBED ONLY for theoretical/citation claims means no executed-method evidence, not an assertion that source literature is false. No biological conclusions follow from software presence.",audit_provenance.json; commands_run.md,,48ac351437d5f6a337314961d50255f58a89a1d464e55fbdb70db9afcdefb54b,40b9b0708d888a015abe5043bb273c3c6ee601ae,5ee7257be5a09c9862c2ead2f98416e1e8d1b2fa875624ca009df5cb95934bbb,input_manifest.json; commands_run.md; coverage_integrity_report.json
HM-230,40b9b0708d888a015abe5043bb273c3c6ee601ae,NUDT5_Finished_Paper_1.docx:word/document.xml,11ef96824597f47daa1e6152caea8dc87cb3ebd6d78fd41be3baad14d31cca35,P301,CURRENT@40b9b0708d888a015abe5043bb273c3c6ee601ae,"ADsca old(m) = moderate0.25 ≤ maxi T (m, xi) < 0.40",PARTIALLY IMPLEMENTED,scripts/scripts/pipeline.py:candidate_audit:520-587,"Tanimoto values implemented; no scaffold-conditioned calibrated per-compound confidence; current flags max_active_tanimoto>=.25, original single TH5427 similarity.",docx_blocks.json:P301; original-manuscript.txt matching paragraph marker where present,Do not retain high/moderate confidence tiers as validated uncertainty; exact-scaffold CV is not a trained applicability-domain confidence model.,"DESCRIBED ONLY for theoretical/citation claims means no executed-method evidence, not an assertion that source literature is false. No biological conclusions follow from software presence.",audit_provenance.json; commands_run.md,,48ac351437d5f6a337314961d50255f58a89a1d464e55fbdb70db9afcdefb54b,40b9b0708d888a015abe5043bb273c3c6ee601ae,5ee7257be5a09c9862c2ead2f98416e1e8d1b2fa875624ca009df5cb95934bbb,input_manifest.json; commands_run.md; coverage_integrity_report.json
HM-231,40b9b0708d888a015abe5043bb273c3c6ee601ae,NUDT5_Finished_Paper_1.docx:word/document.xml,11ef96824597f47daa1e6152caea8dc87cb3ebd6d78fd41be3baad14d31cca35,P302,ORIGINAL_RELEASE@8c2a1b6990df1e140e15ab5a0eabea69b70eee14,",,,extrapolationmaxi T (m, xi) < 0.25",PARTIALLY IMPLEMENTED,scripts/scripts/pipeline.py:main:304-316,"Tanimoto values implemented; no scaffold-conditioned calibrated per-compound confidence; current flags max_active_tanimoto>=.25, original single TH5427 similarity.",docx_blocks.json:P302; original-manuscript.txt matching paragraph marker where present,Do not retain high/moderate confidence tiers as validated uncertainty; exact-scaffold CV is not a trained applicability-domain confidence model.,"DESCRIBED ONLY for theoretical/citation claims means no executed-method evidence, not an assertion that source literature is false. No biological conclusions follow from software presence.",audit_provenance.json; commands_run.md,,48ac351437d5f6a337314961d50255f58a89a1d464e55fbdb70db9afcdefb54b,40b9b0708d888a015abe5043bb273c3c6ee601ae,5ee7257be5a09c9862c2ead2f98416e1e8d1b2fa875624ca009df5cb95934bbb,input_manifest.json; commands_run.md; coverage_integrity_report.json
HM-232,40b9b0708d888a015abe5043bb273c3c6ee601ae,NUDT5_Finished_Paper_1.docx:word/document.xml,11ef96824597f47daa1e6152caea8dc87cb3ebd6d78fd41be3baad14d31cca35,P302,CURRENT@40b9b0708d888a015abe5043bb273c3c6ee601ae,",,,extrapolationmaxi T (m, xi) < 0.25",PARTIALLY IMPLEMENTED,scripts/scripts/pipeline.py:candidate_audit:520-587,"Tanimoto values implemented; no scaffold-conditioned calibrated per-compound confidence; current flags max_active_tanimoto>=.25, original single TH5427 similarity.",docx_blocks.json:P302; original-manuscript.txt matching paragraph marker where present,Do not retain high/moderate confidence tiers as validated uncertainty; exact-scaffold CV is not a trained applicability-domain confidence model.,"DESCRIBED ONLY for theoretical/citation claims means no executed-method evidence, not an assertion that source literature is false. No biological conclusions follow from software presence.",audit_provenance.json; commands_run.md,,48ac351437d5f6a337314961d50255f58a89a1d464e55fbdb70db9afcdefb54b,40b9b0708d888a015abe5043bb273c3c6ee601ae,5ee7257be5a09c9862c2ead2f98416e1e8d1b2fa875624ca009df5cb95934bbb,input_manifest.json; commands_run.md; coverage_integrity_report.json
HM-233,40b9b0708d888a015abe5043bb273c3c6ee601ae,NUDT5_Finished_Paper_1.docx:word/document.xml,11ef96824597f47daa1e6152caea8dc87cb3ebd6d78fd41be3baad14d31cca35,P303,ORIGINAL_RELEASE@8c2a1b6990df1e140e15ab5a0eabea69b70eee14,(11),PARTIALLY IMPLEMENTED,scripts/scripts/pipeline.py:main:304-316,"Tanimoto values implemented; no scaffold-conditioned calibrated per-compound confidence; current flags max_active_tanimoto>=.25, original single TH5427 similarity.",docx_blocks.json:P303; original-manuscript.txt matching paragraph marker where present,Do not retain high/moderate confidence tiers as validated uncertainty; exact-scaffold CV is not a trained applicability-domain confidence model.,"DESCRIBED ONLY for theoretical/citation claims means no executed-method evidence, not an assertion that source literature is false. No biological conclusions follow from software presence.",audit_provenance.json; commands_run.md,,48ac351437d5f6a337314961d50255f58a89a1d464e55fbdb70db9afcdefb54b,40b9b0708d888a015abe5043bb273c3c6ee601ae,5ee7257be5a09c9862c2ead2f98416e1e8d1b2fa875624ca009df5cb95934bbb,input_manifest.json; commands_run.md; coverage_integrity_report.json
HM-234,40b9b0708d888a015abe5043bb273c3c6ee601ae,NUDT5_Finished_Paper_1.docx:word/document.xml,11ef96824597f47daa1e6152caea8dc87cb3ebd6d78fd41be3baad14d31cca35,P303,CURRENT@40b9b0708d888a015abe5043bb273c3c6ee601ae,(11),PARTIALLY IMPLEMENTED,scripts/scripts/pipeline.py:candidate_audit:520-587,"Tanimoto values implemented; no scaffold-conditioned calibrated per-compound confidence; current flags max_active_tanimoto>=.25, original single TH5427 similarity.",docx_blocks.json:P303; original-manuscript.txt matching paragraph marker where present,Do not retain high/moderate confidence tiers as validated uncertainty; exact-scaffold CV is not a trained applicability-domain confidence model.,"DESCRIBED ONLY for theoretical/citation claims means no executed-method evidence, not an assertion that source literature is false. No biological conclusions follow from software presence.",audit_provenance.json; commands_run.md,,48ac351437d5f6a337314961d50255f58a89a1d464e55fbdb70db9afcdefb54b,40b9b0708d888a015abe5043bb273c3c6ee601ae,5ee7257be5a09c9862c2ead2f98416e1e8d1b2fa875624ca009df5cb95934bbb,input_manifest.json; commands_run.md; coverage_integrity_report.json
HM-235,40b9b0708d888a015abe5043bb273c3c6ee601ae,NUDT5_Finished_Paper_1.docx:word/document.xml,11ef96824597f47daa1e6152caea8dc87cb3ebd6d78fd41be3baad14d31cca35,P305,ORIGINAL_RELEASE@8c2a1b6990df1e140e15ab5a0eabea69b70eee14,179where {xi} is the training set.This three-tier AD allows users to assess prediction,DESCRIBED ONLY,scripts/scripts/pipeline.py:main:304-316,"Tanimoto values implemented; no scaffold-conditioned calibrated per-compound confidence; current flags max_active_tanimoto>=.25, original single TH5427 similarity.",docx_blocks.json:P305; original-manuscript.txt matching paragraph marker where present,"These are theoretical/performance/novelty assertions, not executable procedures. No inspected code demonstrates uncorrelated failures, superiority, calibrated confidence or novel transfer learning; remove or tightly source/qualify, with no stronger claims in Path B.","DESCRIBED ONLY for theoretical/citation claims means no executed-method evidence, not an assertion that source literature is false. No biological conclusions follow from software presence.",audit_provenance.json; commands_run.md,,48ac351437d5f6a337314961d50255f58a89a1d464e55fbdb70db9afcdefb54b,40b9b0708d888a015abe5043bb273c3c6ee601ae,5ee7257be5a09c9862c2ead2f98416e1e8d1b2fa875624ca009df5cb95934bbb,input_manifest.json; commands_run.md; coverage_integrity_report.json
HM-236,40b9b0708d888a015abe5043bb273c3c6ee601ae,NUDT5_Finished_Paper_1.docx:word/document.xml,11ef96824597f47daa1e6152caea8dc87cb3ebd6d78fd41be3baad14d31cca35,P305,CURRENT@40b9b0708d888a015abe5043bb273c3c6ee601ae,179where {xi} is the training set.This three-tier AD allows users to assess prediction,DESCRIBED ONLY,scripts/scripts/pipeline.py:candidate_audit:520-587,"Tanimoto values implemented; no scaffold-conditioned calibrated per-compound confidence; current flags max_active_tanimoto>=.25, original single TH5427 similarity.",docx_blocks.json:P305; original-manuscript.txt matching paragraph marker where present,"These are theoretical/performance/novelty assertions, not executable procedures. No inspected code demonstrates uncorrelated failures, superiority, calibrated confidence or novel transfer learning; remove or tightly source/qualify, with no stronger claims in Path B.","DESCRIBED ONLY for theoretical/citation claims means no executed-method evidence, not an assertion that source literature is false. No biological conclusions follow from software presence.",audit_provenance.json; commands_run.md,,48ac351437d5f6a337314961d50255f58a89a1d464e55fbdb70db9afcdefb54b,40b9b0708d888a015abe5043bb273c3c6ee601ae,5ee7257be5a09c9862c2ead2f98416e1e8d1b2fa875624ca009df5cb95934bbb,input_manifest.json; commands_run.md; coverage_integrity_report.json
HM-237,40b9b0708d888a015abe5043bb273c3c6ee601ae,NUDT5_Finished_Paper_1.docx:word/document.xml,11ef96824597f47daa1e6152caea8dc87cb3ebd6d78fd41be3baad14d31cca35,P306,ORIGINAL_RELEASE@8c2a1b6990df1e140e15ab5a0eabea69b70eee14,180  con dence per-compound rather than applying a binary in/out cuto .,DESCRIBED ONLY,scripts/scripts/pipeline.py:main:304-316,"Tanimoto values implemented; no scaffold-conditioned calibrated per-compound confidence; current flags max_active_tanimoto>=.25, original single TH5427 similarity.",docx_blocks.json:P306; original-manuscript.txt matching paragraph marker where present,"These are theoretical/performance/novelty assertions, not executable procedures. No inspected code demonstrates uncorrelated failures, superiority, calibrated confidence or novel transfer learning; remove or tightly source/qualify, with no stronger claims in Path B.","DESCRIBED ONLY for theoretical/citation claims means no executed-method evidence, not an assertion that source literature is false. No biological conclusions follow from software presence.",audit_provenance.json; commands_run.md,,48ac351437d5f6a337314961d50255f58a89a1d464e55fbdb70db9afcdefb54b,40b9b0708d888a015abe5043bb273c3c6ee601ae,5ee7257be5a09c9862c2ead2f98416e1e8d1b2fa875624ca009df5cb95934bbb,input_manifest.json; commands_run.md; coverage_integrity_report.json
HM-238,40b9b0708d888a015abe5043bb273c3c6ee601ae,NUDT5_Finished_Paper_1.docx:word/document.xml,11ef96824597f47daa1e6152caea8dc87cb3ebd6d78fd41be3baad14d31cca35,P306,CURRENT@40b9b0708d888a015abe5043bb273c3c6ee601ae,180  con dence per-compound rather than applying a binary in/out cuto .,DESCRIBED ONLY,scripts/scripts/pipeline.py:candidate_audit:520-587,"Tanimoto values implemented; no scaffold-conditioned calibrated per-compound confidence; current flags max_active_tanimoto>=.25, original single TH5427 similarity.",docx_blocks.json:P306; original-manuscript.txt matching paragraph marker where present,"These are theoretical/performance/novelty assertions, not executable procedures. No inspected code demonstrates uncorrelated failures, superiority, calibrated confidence or novel transfer learning; remove or tightly source/qualify, with no stronger claims in Path B.","DESCRIBED ONLY for theoretical/citation claims means no executed-method evidence, not an assertion that source literature is false. No biological conclusions follow from software presence.",audit_provenance.json; commands_run.md,,48ac351437d5f6a337314961d50255f58a89a1d464e55fbdb70db9afcdefb54b,40b9b0708d888a015abe5043bb273c3c6ee601ae,5ee7257be5a09c9862c2ead2f98416e1e8d1b2fa875624ca009df5cb95934bbb,input_manifest.json; commands_run.md; coverage_integrity_report.json
HM-239,40b9b0708d888a015abe5043bb273c3c6ee601ae,NUDT5_Finished_Paper_1.docx:word/document.xml,11ef96824597f47daa1e6152caea8dc87cb3ebd6d78fd41be3baad14d31cca35,P309,ORIGINAL_RELEASE@8c2a1b6990df1e140e15ab5a0eabea69b70eee14,"182  To evaluate whether TWCS provides value beyond individual methods, we de ne a rigorous",DESCRIBED ONLY,No corresponding implementation in ORIGINAL tracked executable source; source_file_inventory.json,No corresponding model parameters/artifacts supplied.,docx_blocks.json:P309; original-manuscript.txt matching paragraph marker where present,Cut as an executed-method claim from Path B; at most identify it as historical unsupported description.,"DESCRIBED ONLY for theoretical/citation claims means no executed-method evidence, not an assertion that source literature is false. No biological conclusions follow from software presence.",audit_provenance.json; commands_run.md,,48ac351437d5f6a337314961d50255f58a89a1d464e55fbdb70db9afcdefb54b,40b9b0708d888a015abe5043bb273c3c6ee601ae,5ee7257be5a09c9862c2ead2f98416e1e8d1b2fa875624ca009df5cb95934bbb,input_manifest.json; commands_run.md; coverage_integrity_report.json
HM-240,40b9b0708d888a015abe5043bb273c3c6ee601ae,NUDT5_Finished_Paper_1.docx:word/document.xml,11ef96824597f47daa1e6152caea8dc87cb3ebd6d78fd41be3baad14d31cca35,P309,CURRENT@40b9b0708d888a015abe5043bb273c3c6ee601ae,"182  To evaluate whether TWCS provides value beyond individual methods, we de ne a rigorous",DESCRIBED ONLY,No corresponding implementation in CURRENT tracked executable source; source_file_inventory.json,No corresponding model parameters/artifacts supplied.,docx_blocks.json:P309; original-manuscript.txt matching paragraph marker where present,Cut as an executed-method claim from Path B; at most identify it as historical unsupported description.,"DESCRIBED ONLY for theoretical/citation claims means no executed-method evidence, not an assertion that source literature is false. No biological conclusions follow from software presence.",audit_provenance.json; commands_run.md,,48ac351437d5f6a337314961d50255f58a89a1d464e55fbdb70db9afcdefb54b,40b9b0708d888a015abe5043bb273c3c6ee601ae,5ee7257be5a09c9862c2ead2f98416e1e8d1b2fa875624ca009df5cb95934bbb,input_manifest.json; commands_run.md; coverage_integrity_report.json
HM-241,40b9b0708d888a015abe5043bb273c3c6ee601ae,NUDT5_Finished_Paper_1.docx:word/document.xml,11ef96824597f47daa1e6152caea8dc87cb3ebd6d78fd41be3baad14d31cca35,P310,ORIGINAL_RELEASE@8c2a1b6990df1e140e15ab5a0eabea69b70eee14,183  retrospective benchmarking protocol:,DESCRIBED ONLY,No corresponding implementation in ORIGINAL tracked executable source; source_file_inventory.json,No corresponding model parameters/artifacts supplied.,docx_blocks.json:P310; original-manuscript.txt matching paragraph marker where present,Cut as an executed-method claim from Path B; at most identify it as historical unsupported description.,"DESCRIBED ONLY for theoretical/citation claims means no executed-method evidence, not an assertion that source literature is false. No biological conclusions follow from software presence.",audit_provenance.json; commands_run.md,,48ac351437d5f6a337314961d50255f58a89a1d464e55fbdb70db9afcdefb54b,40b9b0708d888a015abe5043bb273c3c6ee601ae,5ee7257be5a09c9862c2ead2f98416e1e8d1b2fa875624ca009df5cb95934bbb,input_manifest.json; commands_run.md; coverage_integrity_report.json
HM-242,40b9b0708d888a015abe5043bb273c3c6ee601ae,NUDT5_Finished_Paper_1.docx:word/document.xml,11ef96824597f47daa1e6152caea8dc87cb3ebd6d78fd41be3baad14d31cca35,P310,CURRENT@40b9b0708d888a015abe5043bb273c3c6ee601ae,183  retrospective benchmarking protocol:,DESCRIBED ONLY,No corresponding implementation in CURRENT tracked executable source; source_file_inventory.json,No corresponding model parameters/artifacts supplied.,docx_blocks.json:P310; original-manuscript.txt matching paragraph marker where present,Cut as an executed-method claim from Path B; at most identify it as historical unsupported description.,"DESCRIBED ONLY for theoretical/citation claims means no executed-method evidence, not an assertion that source literature is false. No biological conclusions follow from software presence.",audit_provenance.json; commands_run.md,,48ac351437d5f6a337314961d50255f58a89a1d464e55fbdb70db9afcdefb54b,40b9b0708d888a015abe5043bb273c3c6ee601ae,5ee7257be5a09c9862c2ead2f98416e1e8d1b2fa875624ca009df5cb95934bbb,input_manifest.json; commands_run.md; coverage_integrity_report.json
HM-243,40b9b0708d888a015abe5043bb273c3c6ee601ae,NUDT5_Finished_Paper_1.docx:word/document.xml,11ef96824597f47daa1e6152caea8dc87cb3ebd6d78fd41be3baad14d31cca35,P311,ORIGINAL_RELEASE@8c2a1b6990df1e140e15ab5a0eabea69b70eee14,"1841. Baseline methods: Random ranking, Tanimoto similarity only, RF only, GBT only,",PARTIALLY IMPLEMENTED,scripts/scripts/pipeline.py:main:195-231,"Original random ranking plus RF/GBT/RBF-SVM/reference similarity; current adds descriptor LR, constant/prevalence, kNN and feature ablations.",docx_blocks.json:P311; original-manuscript.txt matching paragraph marker where present,Use version-specific baseline names; agreement does not imply independent evidence.,"DESCRIBED ONLY for theoretical/citation claims means no executed-method evidence, not an assertion that source literature is false. No biological conclusions follow from software presence.",audit_provenance.json; commands_run.md,,48ac351437d5f6a337314961d50255f58a89a1d464e55fbdb70db9afcdefb54b,40b9b0708d888a015abe5043bb273c3c6ee601ae,5ee7257be5a09c9862c2ead2f98416e1e8d1b2fa875624ca009df5cb95934bbb,input_manifest.json; commands_run.md; coverage_integrity_report.json
HM-244,40b9b0708d888a015abe5043bb273c3c6ee601ae,NUDT5_Finished_Paper_1.docx:word/document.xml,11ef96824597f47daa1e6152caea8dc87cb3ebd6d78fd41be3baad14d31cca35,P311,CURRENT@40b9b0708d888a015abe5043bb273c3c6ee601ae,"1841. Baseline methods: Random ranking, Tanimoto similarity only, RF only, GBT only,",PARTIALLY IMPLEMENTED,scripts/scripts/pipeline.py:fit_scores:410-445; scripts/scripts/controls.py:evaluate:444-588,"Original random ranking plus RF/GBT/RBF-SVM/reference similarity; current adds descriptor LR, constant/prevalence, kNN and feature ablations.",docx_blocks.json:P311; original-manuscript.txt matching paragraph marker where present,Use version-specific baseline names; agreement does not imply independent evidence.,"DESCRIBED ONLY for theoretical/citation claims means no executed-method evidence, not an assertion that source literature is false. No biological conclusions follow from software presence.",audit_provenance.json; commands_run.md,,48ac351437d5f6a337314961d50255f58a89a1d464e55fbdb70db9afcdefb54b,40b9b0708d888a015abe5043bb273c3c6ee601ae,5ee7257be5a09c9862c2ead2f98416e1e8d1b2fa875624ca009df5cb95934bbb,input_manifest.json; commands_run.md; coverage_integrity_report.json
HM-245,40b9b0708d888a015abe5043bb273c3c6ee601ae,NUDT5_Finished_Paper_1.docx:word/document.xml,11ef96824597f47daa1e6152caea8dc87cb3ebd6d78fd41be3baad14d31cca35,P312,ORIGINAL_RELEASE@8c2a1b6990df1e140e15ab5a0eabea69b70eee14,185SVM only.,PARTIALLY IMPLEMENTED,scripts/scripts/pipeline.py:main:195-231,"Original random ranking plus RF/GBT/RBF-SVM/reference similarity; current adds descriptor LR, constant/prevalence, kNN and feature ablations.",docx_blocks.json:P312; original-manuscript.txt matching paragraph marker where present,Use version-specific baseline names; agreement does not imply independent evidence.,"DESCRIBED ONLY for theoretical/citation claims means no executed-method evidence, not an assertion that source literature is false. No biological conclusions follow from software presence.",audit_provenance.json; commands_run.md,,48ac351437d5f6a337314961d50255f58a89a1d464e55fbdb70db9afcdefb54b,40b9b0708d888a015abe5043bb273c3c6ee601ae,5ee7257be5a09c9862c2ead2f98416e1e8d1b2fa875624ca009df5cb95934bbb,input_manifest.json; commands_run.md; coverage_integrity_report.json
HM-246,40b9b0708d888a015abe5043bb273c3c6ee601ae,NUDT5_Finished_Paper_1.docx:word/document.xml,11ef96824597f47daa1e6152caea8dc87cb3ebd6d78fd41be3baad14d31cca35,P312,CURRENT@40b9b0708d888a015abe5043bb273c3c6ee601ae,185SVM only.,PARTIALLY IMPLEMENTED,scripts/scripts/pipeline.py:fit_scores:410-445; scripts/scripts/controls.py:evaluate:444-588,"Original random ranking plus RF/GBT/RBF-SVM/reference similarity; current adds descriptor LR, constant/prevalence, kNN and feature ablations.",docx_blocks.json:P312; original-manuscript.txt matching paragraph marker where present,Use version-specific baseline names; agreement does not imply independent evidence.,"DESCRIBED ONLY for theoretical/citation claims means no executed-method evidence, not an assertion that source literature is false. No biological conclusions follow from software presence.",audit_provenance.json; commands_run.md,,48ac351437d5f6a337314961d50255f58a89a1d464e55fbdb70db9afcdefb54b,40b9b0708d888a015abe5043bb273c3c6ee601ae,5ee7257be5a09c9862c2ead2f98416e1e8d1b2fa875624ca009df5cb95934bbb,input_manifest.json; commands_run.md; coverage_integrity_report.json
HM-247,40b9b0708d888a015abe5043bb273c3c6ee601ae,NUDT5_Finished_Paper_1.docx:word/document.xml,11ef96824597f47daa1e6152caea8dc87cb3ebd6d78fd41be3baad14d31cca35,P313,ORIGINAL_RELEASE@8c2a1b6990df1e140e15ab5a0eabea69b70eee14,1862. Test: 5-fold strati ed cross-validation on the full active/decoy dataset.,PARTIALLY IMPLEMENTED,scripts/scripts/pipeline.py:main:195-280;enrichment_factor:106-112;bedroc:114-126,"Original row-wise fivefold with replicated decoys; active LOOCV is executed; positional range(min(18,na)) holdout not scaffold grouping; five permutations not30; uncorrected p ratio; defective BEDROC normalization.",docx_blocks.json:P313; original-manuscript.txt matching paragraph marker where present,Describe current diagnostics and limitations separately from broken historical procedure; no generalization proof.,"DESCRIBED ONLY for theoretical/citation claims means no executed-method evidence, not an assertion that source literature is false. No biological conclusions follow from software presence.",audit_provenance.json; commands_run.md,,48ac351437d5f6a337314961d50255f58a89a1d464e55fbdb70db9afcdefb54b,40b9b0708d888a015abe5043bb273c3c6ee601ae,5ee7257be5a09c9862c2ead2f98416e1e8d1b2fa875624ca009df5cb95934bbb,input_manifest.json; commands_run.md; coverage_integrity_report.json
HM-248,40b9b0708d888a015abe5043bb273c3c6ee601ae,NUDT5_Finished_Paper_1.docx:word/document.xml,11ef96824597f47daa1e6152caea8dc87cb3ebd6d78fd41be3baad14d31cca35,P313,CURRENT@40b9b0708d888a015abe5043bb273c3c6ee601ae,1862. Test: 5-fold strati ed cross-validation on the full active/decoy dataset.,PARTIALLY IMPLEMENTED,scripts/scripts/pipeline.py:out_of_fold:448-492;scaffold_splits:286-300;series_splits:303-331;randomized_label_diagnostic:367-407;metrics:269-283,Current unique/scaffold/series schemes; 99 permutations in manifest; correct finite-list BEDROC/tie handling; no active-only LOOCV,docx_blocks.json:P313; original-manuscript.txt matching paragraph marker where present,Describe current diagnostics and limitations separately from broken historical procedure; no generalization proof.,"DESCRIBED ONLY for theoretical/citation claims means no executed-method evidence, not an assertion that source literature is false. No biological conclusions follow from software presence.",audit_provenance.json; commands_run.md,,48ac351437d5f6a337314961d50255f58a89a1d464e55fbdb70db9afcdefb54b,40b9b0708d888a015abe5043bb273c3c6ee601ae,5ee7257be5a09c9862c2ead2f98416e1e8d1b2fa875624ca009df5cb95934bbb,input_manifest.json; commands_run.md; coverage_integrity_report.json
HM-249,40b9b0708d888a015abe5043bb273c3c6ee601ae,NUDT5_Finished_Paper_1.docx:word/document.xml,11ef96824597f47daa1e6152caea8dc87cb3ebd6d78fd41be3baad14d31cca35,P314,ORIGINAL_RELEASE@8c2a1b6990df1e140e15ab5a0eabea69b70eee14,"1873. Metrics: AUC, EF1%, EF5%, BEDROC20.",PARTIALLY IMPLEMENTED,scripts/scripts/pipeline.py:main:195-280;enrichment_factor:106-112;bedroc:114-126,"Original row-wise fivefold with replicated decoys; active LOOCV is executed; positional range(min(18,na)) holdout not scaffold grouping; five permutations not30; uncorrected p ratio; defective BEDROC normalization.",docx_blocks.json:P314; original-manuscript.txt matching paragraph marker where present,Describe current diagnostics and limitations separately from broken historical procedure; no generalization proof.,"DESCRIBED ONLY for theoretical/citation claims means no executed-method evidence, not an assertion that source literature is false. No biological conclusions follow from software presence.",audit_provenance.json; commands_run.md,,48ac351437d5f6a337314961d50255f58a89a1d464e55fbdb70db9afcdefb54b,40b9b0708d888a015abe5043bb273c3c6ee601ae,5ee7257be5a09c9862c2ead2f98416e1e8d1b2fa875624ca009df5cb95934bbb,input_manifest.json; commands_run.md; coverage_integrity_report.json
HM-250,40b9b0708d888a015abe5043bb273c3c6ee601ae,NUDT5_Finished_Paper_1.docx:word/document.xml,11ef96824597f47daa1e6152caea8dc87cb3ebd6d78fd41be3baad14d31cca35,P314,CURRENT@40b9b0708d888a015abe5043bb273c3c6ee601ae,"1873. Metrics: AUC, EF1%, EF5%, BEDROC20.",PARTIALLY IMPLEMENTED,scripts/scripts/pipeline.py:out_of_fold:448-492;scaffold_splits:286-300;series_splits:303-331;randomized_label_diagnostic:367-407;metrics:269-283,Current unique/scaffold/series schemes; 99 permutations in manifest; correct finite-list BEDROC/tie handling; no active-only LOOCV,docx_blocks.json:P314; original-manuscript.txt matching paragraph marker where present,Describe current diagnostics and limitations separately from broken historical procedure; no generalization proof.,"DESCRIBED ONLY for theoretical/citation claims means no executed-method evidence, not an assertion that source literature is false. No biological conclusions follow from software presence.",audit_provenance.json; commands_run.md,,48ac351437d5f6a337314961d50255f58a89a1d464e55fbdb70db9afcdefb54b,40b9b0708d888a015abe5043bb273c3c6ee601ae,5ee7257be5a09c9862c2ead2f98416e1e8d1b2fa875624ca009df5cb95934bbb,input_manifest.json; commands_run.md; coverage_integrity_report.json
HM-251,40b9b0708d888a015abe5043bb273c3c6ee601ae,NUDT5_Finished_Paper_1.docx:word/document.xml,11ef96824597f47daa1e6152caea8dc87cb3ebd6d78fd41be3baad14d31cca35,P315,ORIGINAL_RELEASE@8c2a1b6990df1e140e15ab5a0eabea69b70eee14,1884. Validation: Y-randomization (n = 30 permutations) with p-value.,PARTIALLY IMPLEMENTED,scripts/scripts/pipeline.py:main:195-280;enrichment_factor:106-112;bedroc:114-126,"Original row-wise fivefold with replicated decoys; active LOOCV is executed; positional range(min(18,na)) holdout not scaffold grouping; five permutations not30; uncorrected p ratio; defective BEDROC normalization.",docx_blocks.json:P315; original-manuscript.txt matching paragraph marker where present,Describe current diagnostics and limitations separately from broken historical procedure; no generalization proof.,"DESCRIBED ONLY for theoretical/citation claims means no executed-method evidence, not an assertion that source literature is false. No biological conclusions follow from software presence.",audit_provenance.json; commands_run.md,,48ac351437d5f6a337314961d50255f58a89a1d464e55fbdb70db9afcdefb54b,40b9b0708d888a015abe5043bb273c3c6ee601ae,5ee7257be5a09c9862c2ead2f98416e1e8d1b2fa875624ca009df5cb95934bbb,input_manifest.json; commands_run.md; coverage_integrity_report.json
HM-252,40b9b0708d888a015abe5043bb273c3c6ee601ae,NUDT5_Finished_Paper_1.docx:word/document.xml,11ef96824597f47daa1e6152caea8dc87cb3ebd6d78fd41be3baad14d31cca35,P315,CURRENT@40b9b0708d888a015abe5043bb273c3c6ee601ae,1884. Validation: Y-randomization (n = 30 permutations) with p-value.,PARTIALLY IMPLEMENTED,scripts/scripts/pipeline.py:out_of_fold:448-492;scaffold_splits:286-300;series_splits:303-331;randomized_label_diagnostic:367-407;metrics:269-283,Current unique/scaffold/series schemes; 99 permutations in manifest; correct finite-list BEDROC/tie handling; no active-only LOOCV,docx_blocks.json:P315; original-manuscript.txt matching paragraph marker where present,Describe current diagnostics and limitations separately from broken historical procedure; no generalization proof.,"DESCRIBED ONLY for theoretical/citation claims means no executed-method evidence, not an assertion that source literature is false. No biological conclusions follow from software presence.",audit_provenance.json; commands_run.md,,48ac351437d5f6a337314961d50255f58a89a1d464e55fbdb70db9afcdefb54b,40b9b0708d888a015abe5043bb273c3c6ee601ae,5ee7257be5a09c9862c2ead2f98416e1e8d1b2fa875624ca009df5cb95934bbb,input_manifest.json; commands_run.md; coverage_integrity_report.json
HM-253,40b9b0708d888a015abe5043bb273c3c6ee601ae,NUDT5_Finished_Paper_1.docx:word/document.xml,11ef96824597f47daa1e6152caea8dc87cb3ebd6d78fd41be3baad14d31cca35,P316,ORIGINAL_RELEASE@8c2a1b6990df1e140e15ab5a0eabea69b70eee14,1895. Generalization: Leave-sca old-out (TH5427 series ↔ ibrutinib series).,PARTIALLY IMPLEMENTED,scripts/scripts/pipeline.py:main:195-280;enrichment_factor:106-112;bedroc:114-126,"Original row-wise fivefold with replicated decoys; active LOOCV is executed; positional range(min(18,na)) holdout not scaffold grouping; five permutations not30; uncorrected p ratio; defective BEDROC normalization.",docx_blocks.json:P316; original-manuscript.txt matching paragraph marker where present,Describe current diagnostics and limitations separately from broken historical procedure; no generalization proof.,"DESCRIBED ONLY for theoretical/citation claims means no executed-method evidence, not an assertion that source literature is false. No biological conclusions follow from software presence.",audit_provenance.json; commands_run.md,,48ac351437d5f6a337314961d50255f58a89a1d464e55fbdb70db9afcdefb54b,40b9b0708d888a015abe5043bb273c3c6ee601ae,5ee7257be5a09c9862c2ead2f98416e1e8d1b2fa875624ca009df5cb95934bbb,input_manifest.json; commands_run.md; coverage_integrity_report.json
HM-254,40b9b0708d888a015abe5043bb273c3c6ee601ae,NUDT5_Finished_Paper_1.docx:word/document.xml,11ef96824597f47daa1e6152caea8dc87cb3ebd6d78fd41be3baad14d31cca35,P316,CURRENT@40b9b0708d888a015abe5043bb273c3c6ee601ae,1895. Generalization: Leave-sca old-out (TH5427 series ↔ ibrutinib series).,PARTIALLY IMPLEMENTED,scripts/scripts/pipeline.py:out_of_fold:448-492;scaffold_splits:286-300;series_splits:303-331;randomized_label_diagnostic:367-407;metrics:269-283,Current unique/scaffold/series schemes; 99 permutations in manifest; correct finite-list BEDROC/tie handling; no active-only LOOCV,docx_blocks.json:P316; original-manuscript.txt matching paragraph marker where present,Describe current diagnostics and limitations separately from broken historical procedure; no generalization proof.,"DESCRIBED ONLY for theoretical/citation claims means no executed-method evidence, not an assertion that source literature is false. No biological conclusions follow from software presence.",audit_provenance.json; commands_run.md,,48ac351437d5f6a337314961d50255f58a89a1d464e55fbdb70db9afcdefb54b,40b9b0708d888a015abe5043bb273c3c6ee601ae,5ee7257be5a09c9862c2ead2f98416e1e8d1b2fa875624ca009df5cb95934bbb,input_manifest.json; commands_run.md; coverage_integrity_report.json
HM-255,40b9b0708d888a015abe5043bb273c3c6ee601ae,NUDT5_Finished_Paper_1.docx:word/document.xml,11ef96824597f47daa1e6152caea8dc87cb3ebd6d78fd41be3baad14d31cca35,P317,ORIGINAL_RELEASE@8c2a1b6990df1e140e15ab5a0eabea69b70eee14,190This benchmarking protocol is itself a contribution: we argue that any virtual screening,DESCRIBED ONLY,No corresponding implementation in ORIGINAL tracked executable source; source_file_inventory.json,No corresponding model parameters/artifacts supplied.,docx_blocks.json:P317; original-manuscript.txt matching paragraph marker where present,"These are theoretical/performance/novelty assertions, not executable procedures. No inspected code demonstrates uncorrelated failures, superiority, calibrated confidence or novel transfer learning; remove or tightly source/qualify, with no stronger claims in Path B.","DESCRIBED ONLY for theoretical/citation claims means no executed-method evidence, not an assertion that source literature is false. No biological conclusions follow from software presence.",audit_provenance.json; commands_run.md,,48ac351437d5f6a337314961d50255f58a89a1d464e55fbdb70db9afcdefb54b,40b9b0708d888a015abe5043bb273c3c6ee601ae,5ee7257be5a09c9862c2ead2f98416e1e8d1b2fa875624ca009df5cb95934bbb,input_manifest.json; commands_run.md; coverage_integrity_report.json
HM-256,40b9b0708d888a015abe5043bb273c3c6ee601ae,NUDT5_Finished_Paper_1.docx:word/document.xml,11ef96824597f47daa1e6152caea8dc87cb3ebd6d78fd41be3baad14d31cca35,P317,CURRENT@40b9b0708d888a015abe5043bb273c3c6ee601ae,190This benchmarking protocol is itself a contribution: we argue that any virtual screening,DESCRIBED ONLY,No corresponding implementation in CURRENT tracked executable source; source_file_inventory.json,No corresponding model parameters/artifacts supplied.,docx_blocks.json:P317; original-manuscript.txt matching paragraph marker where present,"These are theoretical/performance/novelty assertions, not executable procedures. No inspected code demonstrates uncorrelated failures, superiority, calibrated confidence or novel transfer learning; remove or tightly source/qualify, with no stronger claims in Path B.","DESCRIBED ONLY for theoretical/citation claims means no executed-method evidence, not an assertion that source literature is false. No biological conclusions follow from software presence.",audit_provenance.json; commands_run.md,,48ac351437d5f6a337314961d50255f58a89a1d464e55fbdb70db9afcdefb54b,40b9b0708d888a015abe5043bb273c3c6ee601ae,5ee7257be5a09c9862c2ead2f98416e1e8d1b2fa875624ca009df5cb95934bbb,input_manifest.json; commands_run.md; coverage_integrity_report.json
HM-257,40b9b0708d888a015abe5043bb273c3c6ee601ae,NUDT5_Finished_Paper_1.docx:word/document.xml,11ef96824597f47daa1e6152caea8dc87cb3ebd6d78fd41be3baad14d31cca35,P318,ORIGINAL_RELEASE@8c2a1b6990df1e140e15ab5a0eabea69b70eee14,191  study on a low-data target should report these comparisons to justify the choice of method.,DESCRIBED ONLY,No corresponding implementation in ORIGINAL tracked executable source; source_file_inventory.json,No corresponding model parameters/artifacts supplied.,docx_blocks.json:P318; original-manuscript.txt matching paragraph marker where present,"These are theoretical/performance/novelty assertions, not executable procedures. No inspected code demonstrates uncorrelated failures, superiority, calibrated confidence or novel transfer learning; remove or tightly source/qualify, with no stronger claims in Path B.","DESCRIBED ONLY for theoretical/citation claims means no executed-method evidence, not an assertion that source literature is false. No biological conclusions follow from software presence.",audit_provenance.json; commands_run.md,,48ac351437d5f6a337314961d50255f58a89a1d464e55fbdb70db9afcdefb54b,40b9b0708d888a015abe5043bb273c3c6ee601ae,5ee7257be5a09c9862c2ead2f98416e1e8d1b2fa875624ca009df5cb95934bbb,input_manifest.json; commands_run.md; coverage_integrity_report.json
HM-258,40b9b0708d888a015abe5043bb273c3c6ee601ae,NUDT5_Finished_Paper_1.docx:word/document.xml,11ef96824597f47daa1e6152caea8dc87cb3ebd6d78fd41be3baad14d31cca35,P318,CURRENT@40b9b0708d888a015abe5043bb273c3c6ee601ae,191  study on a low-data target should report these comparisons to justify the choice of method.,DESCRIBED ONLY,No corresponding implementation in CURRENT tracked executable source; source_file_inventory.json,No corresponding model parameters/artifacts supplied.,docx_blocks.json:P318; original-manuscript.txt matching paragraph marker where present,"These are theoretical/performance/novelty assertions, not executable procedures. No inspected code demonstrates uncorrelated failures, superiority, calibrated confidence or novel transfer learning; remove or tightly source/qualify, with no stronger claims in Path B.","DESCRIBED ONLY for theoretical/citation claims means no executed-method evidence, not an assertion that source literature is false. No biological conclusions follow from software presence.",audit_provenance.json; commands_run.md,,48ac351437d5f6a337314961d50255f58a89a1d464e55fbdb70db9afcdefb54b,40b9b0708d888a015abe5043bb273c3c6ee601ae,5ee7257be5a09c9862c2ead2f98416e1e8d1b2fa875624ca009df5cb95934bbb,input_manifest.json; commands_run.md; coverage_integrity_report.json
HM-259,40b9b0708d888a015abe5043bb273c3c6ee601ae,NUDT5_Finished_Paper_1.docx:word/document.xml,11ef96824597f47daa1e6152caea8dc87cb3ebd6d78fd41be3baad14d31cca35,P321,ORIGINAL_RELEASE@8c2a1b6990df1e140e15ab5a0eabea69b70eee14,193  Five tiers: pharmacophore → Glide SP → XP + MM-GBSA → ML consensus → visual,DESCRIBED ONLY,No corresponding implementation in ORIGINAL tracked executable source; source_file_inventory.json,No corresponding model parameters/artifacts supplied.,docx_blocks.json:P321; original-manuscript.txt matching paragraph marker where present,Cut as an executed-method claim from Path B; at most identify it as historical unsupported description.,"DESCRIBED ONLY for theoretical/citation claims means no executed-method evidence, not an assertion that source literature is false. No biological conclusions follow from software presence.",audit_provenance.json; commands_run.md,,48ac351437d5f6a337314961d50255f58a89a1d464e55fbdb70db9afcdefb54b,40b9b0708d888a015abe5043bb273c3c6ee601ae,5ee7257be5a09c9862c2ead2f98416e1e8d1b2fa875624ca009df5cb95934bbb,input_manifest.json; commands_run.md; coverage_integrity_report.json
HM-260,40b9b0708d888a015abe5043bb273c3c6ee601ae,NUDT5_Finished_Paper_1.docx:word/document.xml,11ef96824597f47daa1e6152caea8dc87cb3ebd6d78fd41be3baad14d31cca35,P321,CURRENT@40b9b0708d888a015abe5043bb273c3c6ee601ae,193  Five tiers: pharmacophore → Glide SP → XP + MM-GBSA → ML consensus → visual,DESCRIBED ONLY,No corresponding implementation in CURRENT tracked executable source; source_file_inventory.json,No corresponding model parameters/artifacts supplied.,docx_blocks.json:P321; original-manuscript.txt matching paragraph marker where present,Cut as an executed-method claim from Path B; at most identify it as historical unsupported description.,"DESCRIBED ONLY for theoretical/citation claims means no executed-method evidence, not an assertion that source literature is false. No biological conclusions follow from software presence.",audit_provenance.json; commands_run.md,,48ac351437d5f6a337314961d50255f58a89a1d464e55fbdb70db9afcdefb54b,40b9b0708d888a015abe5043bb273c3c6ee601ae,5ee7257be5a09c9862c2ead2f98416e1e8d1b2fa875624ca009df5cb95934bbb,input_manifest.json; commands_run.md; coverage_integrity_report.json
HM-261,40b9b0708d888a015abe5043bb273c3c6ee601ae,NUDT5_Finished_Paper_1.docx:word/document.xml,11ef96824597f47daa1e6152caea8dc87cb3ebd6d78fd41be3baad14d31cca35,P322,ORIGINAL_RELEASE@8c2a1b6990df1e140e15ab5a0eabea69b70eee14,194  triage.,DESCRIBED ONLY,No corresponding implementation in ORIGINAL tracked executable source; source_file_inventory.json,No corresponding model parameters/artifacts supplied.,docx_blocks.json:P322; original-manuscript.txt matching paragraph marker where present,Cut as an executed-method claim from Path B; at most identify it as historical unsupported description.,"DESCRIBED ONLY for theoretical/citation claims means no executed-method evidence, not an assertion that source literature is false. No biological conclusions follow from software presence.",audit_provenance.json; commands_run.md,,48ac351437d5f6a337314961d50255f58a89a1d464e55fbdb70db9afcdefb54b,40b9b0708d888a015abe5043bb273c3c6ee601ae,5ee7257be5a09c9862c2ead2f98416e1e8d1b2fa875624ca009df5cb95934bbb,input_manifest.json; commands_run.md; coverage_integrity_report.json
HM-262,40b9b0708d888a015abe5043bb273c3c6ee601ae,NUDT5_Finished_Paper_1.docx:word/document.xml,11ef96824597f47daa1e6152caea8dc87cb3ebd6d78fd41be3baad14d31cca35,P322,CURRENT@40b9b0708d888a015abe5043bb273c3c6ee601ae,194  triage.,DESCRIBED ONLY,No corresponding implementation in CURRENT tracked executable source; source_file_inventory.json,No corresponding model parameters/artifacts supplied.,docx_blocks.json:P322; original-manuscript.txt matching paragraph marker where present,Cut as an executed-method claim from Path B; at most identify it as historical unsupported description.,"DESCRIBED ONLY for theoretical/citation claims means no executed-method evidence, not an assertion that source literature is false. No biological conclusions follow from software presence.",audit_provenance.json; commands_run.md,,48ac351437d5f6a337314961d50255f58a89a1d464e55fbdb70db9afcdefb54b,40b9b0708d888a015abe5043bb273c3c6ee601ae,5ee7257be5a09c9862c2ead2f98416e1e8d1b2fa875624ca009df5cb95934bbb,input_manifest.json; commands_run.md; coverage_integrity_report.json
HM-263,40b9b0708d888a015abe5043bb273c3c6ee601ae,NUDT5_Finished_Paper_1.docx:word/document.xml,11ef96824597f47daa1e6152caea8dc87cb3ebd6d78fd41be3baad14d31cca35,P323,ORIGINAL_RELEASE@8c2a1b6990df1e140e15ab5a0eabea69b70eee14,44195Consensus scoring: Rcon(m) = 1 [RXP + RGB + RRF + RPh].,DESCRIBED ONLY,No corresponding implementation in ORIGINAL tracked executable source; source_file_inventory.json,No corresponding model parameters/artifacts supplied.,docx_blocks.json:P323; original-manuscript.txt matching paragraph marker where present,Cut as an executed-method claim from Path B; at most identify it as historical unsupported description.,"DESCRIBED ONLY for theoretical/citation claims means no executed-method evidence, not an assertion that source literature is false. No biological conclusions follow from software presence.",audit_provenance.json; commands_run.md,,48ac351437d5f6a337314961d50255f58a89a1d464e55fbdb70db9afcdefb54b,40b9b0708d888a015abe5043bb273c3c6ee601ae,5ee7257be5a09c9862c2ead2f98416e1e8d1b2fa875624ca009df5cb95934bbb,input_manifest.json; commands_run.md; coverage_integrity_report.json
HM-264,40b9b0708d888a015abe5043bb273c3c6ee601ae,NUDT5_Finished_Paper_1.docx:word/document.xml,11ef96824597f47daa1e6152caea8dc87cb3ebd6d78fd41be3baad14d31cca35,P323,CURRENT@40b9b0708d888a015abe5043bb273c3c6ee601ae,44195Consensus scoring: Rcon(m) = 1 [RXP + RGB + RRF + RPh].,DESCRIBED ONLY,No corresponding implementation in CURRENT tracked executable source; source_file_inventory.json,No corresponding model parameters/artifacts supplied.,docx_blocks.json:P323; original-manuscript.txt matching paragraph marker where present,Cut as an executed-method claim from Path B; at most identify it as historical unsupported description.,"DESCRIBED ONLY for theoretical/citation claims means no executed-method evidence, not an assertion that source literature is false. No biological conclusions follow from software presence.",audit_provenance.json; commands_run.md,,48ac351437d5f6a337314961d50255f58a89a1d464e55fbdb70db9afcdefb54b,40b9b0708d888a015abe5043bb273c3c6ee601ae,5ee7257be5a09c9862c2ead2f98416e1e8d1b2fa875624ca009df5cb95934bbb,input_manifest.json; commands_run.md; coverage_integrity_report.json
