method_id,input_revision,source_path,source_sha256,location,comparison_version,exact_methods_quote,status,actual_file_function_line,parameter_evidence,data_or_source_anchor,mismatch_and_required_action,statistical_limit_not_missing_code,audit_provenance,consolidation_erratum,upstream_file_sha256,Baseline,Manuscript SHA256,Audit context
CM-001,40b9b0708d888a015abe5043bb273c3c6ee601ae,research/manuscript.md,5ee7257be5a09c9862c2ead2f98416e1e8d1b2fa875624ca009df5cb95934bbb,L37:C1,CURRENT@40b9b0708d888a015abe5043bb273c3c6ee601ae,Every row is parsed with RDKit default sanitization.,PARTIALLY IMPLEMENTED,scripts/scripts/pipeline.py:molecule:60-64;read_compounds:67-132;deduplicate:135-154;main:642-711,"Chem.MolFromSmiles default sanitize=True; MolToSmiles(isomericSmiles=True); MurckoScaffoldSmiles(...,False); acyclic=ACYCLIC; representative=lowest sorted ID; benchmark acknowledgement and --allow-invalid required","research/results/audit.json:/invalid_records,/duplicate_structures",Narrow to structurally parseable CSV records: malformed CSV rows are quarantined before molecule parsing; RDKit default sanitization is present.,,audit_provenance.json; commands_run.md,,70a604c9bede215f0e3c154aa02a9677e7936eb6d4acea74bbeb7012606e71c2,40b9b0708d888a015abe5043bb273c3c6ee601ae,5ee7257be5a09c9862c2ead2f98416e1e8d1b2fa875624ca009df5cb95934bbb,input_manifest.json; commands_run.md; coverage_integrity_report.json
CM-002,40b9b0708d888a015abe5043bb273c3c6ee601ae,research/manuscript.md,5ee7257be5a09c9862c2ead2f98416e1e8d1b2fa875624ca009df5cb95934bbb,L37:C54,CURRENT@40b9b0708d888a015abe5043bb273c3c6ee601ae,"Failures are retained and reported with line number, identifier and parser error rather than skipped; benchmarking the remaining records requires an explicit `--allow-invalid` flag.",PARTIALLY IMPLEMENTED,scripts/scripts/pipeline.py:molecule:60-64;read_compounds:67-132;deduplicate:135-154;main:642-711,"Chem.MolFromSmiles default sanitize=True; MolToSmiles(isomericSmiles=True); MurckoScaffoldSmiles(...,False); acyclic=ACYCLIC; representative=lowest sorted ID; benchmark acknowledgement and --allow-invalid required","research/results/audit.json:/invalid_records,/duplicate_structures","Errors are retained, but line is logical CSV-record index (enumerate start2), not robust physical multiline line number; JSON holds generic Invalid or empty SMILES, not full RDKit parser diagnostics. Fatal CSV syntax/header errors abort. Clarify these distinctions.","Deliberate inferential/scope limit, separate from missing code. Do not infer activity, calibration, coverage, homology, energy or new measurements.",audit_provenance.json; commands_run.md,,70a604c9bede215f0e3c154aa02a9677e7936eb6d4acea74bbeb7012606e71c2,40b9b0708d888a015abe5043bb273c3c6ee601ae,5ee7257be5a09c9862c2ead2f98416e1e8d1b2fa875624ca009df5cb95934bbb,input_manifest.json; commands_run.md; coverage_integrity_report.json
CM-003,40b9b0708d888a015abe5043bb273c3c6ee601ae,research/manuscript.md,5ee7257be5a09c9862c2ead2f98416e1e8d1b2fa875624ca009df5cb95934bbb,L37:C236,CURRENT@40b9b0708d888a015abe5043bb273c3c6ee601ae,Invalid structures themselves are never scored.,IMPLEMENTED,scripts/scripts/pipeline.py:molecule:60-64;read_compounds:67-132;deduplicate:135-154;main:642-711,"Chem.MolFromSmiles default sanitize=True; MolToSmiles(isomericSmiles=True); MurckoScaffoldSmiles(...,False); acyclic=ACYCLIC; representative=lowest sorted ID; benchmark acknowledgement and --allow-invalid required","research/results/audit.json:/invalid_records,/duplicate_structures",Retain bounded wording; implementation present. This status is not scientific validation.,"Deliberate inferential/scope limit, separate from missing code. Do not infer activity, calibration, coverage, homology, energy or new measurements.",audit_provenance.json; commands_run.md,,70a604c9bede215f0e3c154aa02a9677e7936eb6d4acea74bbeb7012606e71c2,40b9b0708d888a015abe5043bb273c3c6ee601ae,5ee7257be5a09c9862c2ead2f98416e1e8d1b2fa875624ca009df5cb95934bbb,input_manifest.json; commands_run.md; coverage_integrity_report.json
CM-004,40b9b0708d888a015abe5043bb273c3c6ee601ae,research/manuscript.md,5ee7257be5a09c9862c2ead2f98416e1e8d1b2fa875624ca009df5cb95934bbb,L37:C284,CURRENT@40b9b0708d888a015abe5043bb273c3c6ee601ae,Valid records receive canonical isomeric SMILES and an exact Bemis-Murcko scaffold.,IMPLEMENTED,scripts/scripts/pipeline.py:molecule:60-64;read_compounds:67-132;deduplicate:135-154;main:642-711,"Chem.MolFromSmiles default sanitize=True; MolToSmiles(isomericSmiles=True); MurckoScaffoldSmiles(...,False); acyclic=ACYCLIC; representative=lowest sorted ID; benchmark acknowledgement and --allow-invalid required","research/results/audit.json:/invalid_records,/duplicate_structures",Retain bounded wording; implementation present. This status is not scientific validation.,,audit_provenance.json; commands_run.md,,70a604c9bede215f0e3c154aa02a9677e7936eb6d4acea74bbeb7012606e71c2,40b9b0708d888a015abe5043bb273c3c6ee601ae,5ee7257be5a09c9862c2ead2f98416e1e8d1b2fa875624ca009df5cb95934bbb,input_manifest.json; commands_run.md; coverage_integrity_report.json
CM-005,40b9b0708d888a015abe5043bb273c3c6ee601ae,research/manuscript.md,5ee7257be5a09c9862c2ead2f98416e1e8d1b2fa875624ca009df5cb95934bbb,L37:C368,CURRENT@40b9b0708d888a015abe5043bb273c3c6ee601ae,Records are grouped by canonical identity; duplicates collapse to a recorded representative and conflicting labels raise an error.,IMPLEMENTED,scripts/scripts/pipeline.py:molecule:60-64;read_compounds:67-132;deduplicate:135-154;main:642-711,"Chem.MolFromSmiles default sanitize=True; MolToSmiles(isomericSmiles=True); MurckoScaffoldSmiles(...,False); acyclic=ACYCLIC; representative=lowest sorted ID; benchmark acknowledgement and --allow-invalid required","research/results/audit.json:/invalid_records,/duplicate_structures",Retain bounded wording; implementation present. This status is not scientific validation.,,audit_provenance.json; commands_run.md,,70a604c9bede215f0e3c154aa02a9677e7936eb6d4acea74bbeb7012606e71c2,40b9b0708d888a015abe5043bb273c3c6ee601ae,5ee7257be5a09c9862c2ead2f98416e1e8d1b2fa875624ca009df5cb95934bbb,input_manifest.json; commands_run.md; coverage_integrity_report.json
CM-006,40b9b0708d888a015abe5043bb273c3c6ee601ae,research/manuscript.md,5ee7257be5a09c9862c2ead2f98416e1e8d1b2fa875624ca009df5cb95934bbb,L37:C499,CURRENT@40b9b0708d888a015abe5043bb273c3c6ee601ae,"This is exact graph identity under one pinned RDKit version - not salt, tautomer, protomer or stereochemical equivalence.",IMPLEMENTED,scripts/scripts/pipeline.py:molecule:60-64;read_compounds:67-132;deduplicate:135-154;main:642-711,"Chem.MolFromSmiles default sanitize=True; MolToSmiles(isomericSmiles=True); MurckoScaffoldSmiles(...,False); acyclic=ACYCLIC; representative=lowest sorted ID; benchmark acknowledgement and --allow-invalid required","research/results/audit.json:/invalid_records,/duplicate_structures",Retain bounded wording; implementation present. This status is not scientific validation.,"Deliberate inferential/scope limit, separate from missing code. Do not infer activity, calibration, coverage, homology, energy or new measurements.",audit_provenance.json; commands_run.md,,70a604c9bede215f0e3c154aa02a9677e7936eb6d4acea74bbeb7012606e71c2,40b9b0708d888a015abe5043bb273c3c6ee601ae,5ee7257be5a09c9862c2ead2f98416e1e8d1b2fa875624ca009df5cb95934bbb,input_manifest.json; commands_run.md; coverage_integrity_report.json
CM-007,40b9b0708d888a015abe5043bb273c3c6ee601ae,research/manuscript.md,5ee7257be5a09c9862c2ead2f98416e1e8d1b2fa875624ca009df5cb95934bbb,L39:C1,CURRENT@40b9b0708d888a015abe5043bb273c3c6ee601ae,"Candidates are audited against training records for exact identity, nearest neighbour, maximum Tanimoto similarity, descriptor agreement, PAINS alerts and rule-of-five/Veber compliance.",IMPLEMENTED,scripts/scripts/pipeline.py:candidate_audit:520-587;compute_props:170-180;main:642-782,"Morgan radius=2, nBits=2048; full training and active-only similarities; RDKit PAINS; Ro5 and Veber flags; original CSVs read-only",research/results/audit.json:/candidates,Retain bounded wording; implementation present. This status is not scientific validation.,,audit_provenance.json; commands_run.md,,70a604c9bede215f0e3c154aa02a9677e7936eb6d4acea74bbeb7012606e71c2,40b9b0708d888a015abe5043bb273c3c6ee601ae,5ee7257be5a09c9862c2ead2f98416e1e8d1b2fa875624ca009df5cb95934bbb,input_manifest.json; commands_run.md; coverage_integrity_report.json
CM-008,40b9b0708d888a015abe5043bb273c3c6ee601ae,research/manuscript.md,5ee7257be5a09c9862c2ead2f98416e1e8d1b2fa875624ca009df5cb95934bbb,L39:C187,CURRENT@40b9b0708d888a015abe5043bb273c3c6ee601ae,Original inputs are never rewritten.,IMPLEMENTED,scripts/scripts/pipeline.py:candidate_audit:520-587;compute_props:170-180;main:642-782,"Morgan radius=2, nBits=2048; full training and active-only similarities; RDKit PAINS; Ro5 and Veber flags; original CSVs read-only",research/results/audit.json:/candidates,Retain bounded wording; implementation present. This status is not scientific validation.,"Deliberate inferential/scope limit, separate from missing code. Do not infer activity, calibration, coverage, homology, energy or new measurements.",audit_provenance.json; commands_run.md,,70a604c9bede215f0e3c154aa02a9677e7936eb6d4acea74bbeb7012606e71c2,40b9b0708d888a015abe5043bb273c3c6ee601ae,5ee7257be5a09c9862c2ead2f98416e1e8d1b2fa875624ca009df5cb95934bbb,input_manifest.json; commands_run.md; coverage_integrity_report.json
CM-009,40b9b0708d888a015abe5043bb273c3c6ee601ae,research/manuscript.md,5ee7257be5a09c9862c2ead2f98416e1e8d1b2fa875624ca009df5cb95934bbb,L43:C1,CURRENT@40b9b0708d888a015abe5043bb273c3c6ee601ae,"ECFP4 means RDKit Morgan fingerprints, radius 2, 2,048 bits, default bond typing, no chirality.",IMPLEMENTED,scripts/scripts/pipeline.py:smiles_to_bitvect:157-161;compute_props:170-180;fit_scores:410-445,"GetMorganGenerator(radius=2,fpSize=2048,includeChirality=False); default useBondTypes=True; StandardScaler only in descriptor LR pipeline; full estimator defaults in estimator_parameters.json",requirements.lock; research/results/manifest.json:/versions,Retain bounded wording; implementation present. This status is not scientific validation.,,audit_provenance.json; commands_run.md,,70a604c9bede215f0e3c154aa02a9677e7936eb6d4acea74bbeb7012606e71c2,40b9b0708d888a015abe5043bb273c3c6ee601ae,5ee7257be5a09c9862c2ead2f98416e1e8d1b2fa875624ca009df5cb95934bbb,input_manifest.json; commands_run.md; coverage_integrity_report.json
CM-010,40b9b0708d888a015abe5043bb273c3c6ee601ae,research/manuscript.md,5ee7257be5a09c9862c2ead2f98416e1e8d1b2fa875624ca009df5cb95934bbb,L43:C97,CURRENT@40b9b0708d888a015abe5043bb273c3c6ee601ae,"The descriptor vector is molecular weight, cLogP, TPSA, hydrogen-bond donor count (HBD), hydrogen-bond acceptor count (HBA), rotatable bonds and fraction of sp3-hybridized carbon atoms (Fsp3), standardized inside each training fold.",IMPLEMENTED,scripts/scripts/pipeline.py:smiles_to_bitvect:157-161;compute_props:170-180;fit_scores:410-445,"GetMorganGenerator(radius=2,fpSize=2048,includeChirality=False); default useBondTypes=True; StandardScaler only in descriptor LR pipeline; full estimator defaults in estimator_parameters.json",requirements.lock; research/results/manifest.json:/versions,Retain bounded wording; implementation present. This status is not scientific validation.,,audit_provenance.json; commands_run.md,,70a604c9bede215f0e3c154aa02a9677e7936eb6d4acea74bbeb7012606e71c2,40b9b0708d888a015abe5043bb273c3c6ee601ae,5ee7257be5a09c9862c2ead2f98416e1e8d1b2fa875624ca009df5cb95934bbb,input_manifest.json; commands_run.md; coverage_integrity_report.json
CM-011,40b9b0708d888a015abe5043bb273c3c6ee601ae,research/manuscript.md,5ee7257be5a09c9862c2ead2f98416e1e8d1b2fa875624ca009df5cb95934bbb,L45:C1,CURRENT@40b9b0708d888a015abe5043bb273c3c6ee601ae,"Six scoring methods are evaluated: random forest (100 trees), scikit-learn gradient-boosted trees (100 estimators, depth 3) and an RBF SVM (C = 10) on fingerprints; a logistic regression on the seven descriptors; maximum Tanimoto similarity to training actives only; and `Equal_mean`, the fixed arithmetic mean of the first three plus the similarity baseline.",IMPLEMENTED,scripts/scripts/pipeline.py:fit_scores:410-445;consensus_scores:228-254;out_of_fold:448-492,"RF=100,max_features=sqrt,n_jobs=1; GBT=100,depth=3,lr=.1; SVC=RBF,C=10,probability=True,gamma=scale; LR=C1,max_iter2000; mean=RF/GBT/SVM_RBF/Nearest_active at .25 each",research/results/manifest.json:/arguments; estimator_parameters.json,Retain bounded wording; implementation present. This status is not scientific validation.,,audit_provenance.json; commands_run.md,,70a604c9bede215f0e3c154aa02a9677e7936eb6d4acea74bbeb7012606e71c2,40b9b0708d888a015abe5043bb273c3c6ee601ae,5ee7257be5a09c9862c2ead2f98416e1e8d1b2fa875624ca009df5cb95934bbb,input_manifest.json; commands_run.md; coverage_integrity_report.json
CM-012,40b9b0708d888a015abe5043bb273c3c6ee601ae,research/manuscript.md,5ee7257be5a09c9862c2ead2f98416e1e8d1b2fa875624ca009df5cb95934bbb,L45:C361,CURRENT@40b9b0708d888a015abe5043bb273c3c6ee601ae,`Equal_mean` is the operation the original code actually performs.,PARTIALLY IMPLEMENTED,"scripts/scripts/pipeline.py:fit_scores:410-445;consensus_scores:228-254;out_of_fold:448-492; ORIGINAL scripts/scripts/pipeline.py:normalize:131-133;twcs_consensus:135-142;main:184-220,304-310","RF=100,max_features=sqrt,n_jobs=1; GBT=100,depth=3,lr=.1; SVC=RBF,C=10,probability=True,gamma=scale; LR=C1,max_iter2000; mean=RF/GBT/SVM_RBF/Nearest_active at .25 each",research/results/manifest.json:/arguments; estimator_parameters.json,"Correct provenance only: current mean is raw bounded four-score average. Original benchmark min-max normalizes each full OOF component; original candidate loop takes raw mean but similarity is to named TH5427, not nearest training active. The current operation itself is implemented, not a TWCS++ mismatch.",,audit_provenance.json; commands_run.md,,70a604c9bede215f0e3c154aa02a9677e7936eb6d4acea74bbeb7012606e71c2,40b9b0708d888a015abe5043bb273c3c6ee601ae,5ee7257be5a09c9862c2ead2f98416e1e8d1b2fa875624ca009df5cb95934bbb,input_manifest.json; commands_run.md; coverage_integrity_report.json
CM-013,40b9b0708d888a015abe5043bb273c3c6ee601ae,research/manuscript.md,5ee7257be5a09c9862c2ead2f98416e1e8d1b2fa875624ca009df5cb95934bbb,L45:C428,CURRENT@40b9b0708d888a015abe5043bb273c3c6ee601ae,"We do not call it transfer learning, consensus calibration or Transferability-Weighted Consensus Scoring, because no proxy weighting or transfer loss exists in the released code.",IMPLEMENTED,"scripts/scripts/pipeline.py:fit_scores:410-445;consensus_scores:228-254;out_of_fold:448-492; ORIGINAL scripts/scripts/pipeline.py:normalize:131-133;twcs_consensus:135-142;main:184-220,304-310","RF=100,max_features=sqrt,n_jobs=1; GBT=100,depth=3,lr=.1; SVC=RBF,C=10,probability=True,gamma=scale; LR=C1,max_iter2000; mean=RF/GBT/SVM_RBF/Nearest_active at .25 each",research/results/manifest.json:/arguments; estimator_parameters.json,Retain bounded wording; implementation present. This status is not scientific validation.,"Deliberate inferential/scope limit, separate from missing code. Do not infer activity, calibration, coverage, homology, energy or new measurements.",audit_provenance.json; commands_run.md,,70a604c9bede215f0e3c154aa02a9677e7936eb6d4acea74bbeb7012606e71c2,40b9b0708d888a015abe5043bb273c3c6ee601ae,5ee7257be5a09c9862c2ead2f98416e1e8d1b2fa875624ca009df5cb95934bbb,input_manifest.json; commands_run.md; coverage_integrity_report.json
CM-014,40b9b0708d888a015abe5043bb273c3c6ee601ae,research/manuscript.md,5ee7257be5a09c9862c2ead2f98416e1e8d1b2fa875624ca009df5cb95934bbb,L45:C607,CURRENT@40b9b0708d888a015abe5043bb273c3c6ee601ae,"Hyperparameters are fixed, not tuned against test folds.",IMPLEMENTED,"scripts/scripts/pipeline.py:fit_scores:410-445;consensus_scores:228-254;out_of_fold:448-492; ORIGINAL scripts/scripts/pipeline.py:normalize:131-133;twcs_consensus:135-142;main:184-220,304-310","RF=100,max_features=sqrt,n_jobs=1; GBT=100,depth=3,lr=.1; SVC=RBF,C=10,probability=True,gamma=scale; LR=C1,max_iter2000; mean=RF/GBT/SVM_RBF/Nearest_active at .25 each",research/results/manifest.json:/arguments; estimator_parameters.json,Retain bounded wording; implementation present. This status is not scientific validation.,"Deliberate inferential/scope limit, separate from missing code. Do not infer activity, calibration, coverage, homology, energy or new measurements.",audit_provenance.json; commands_run.md,,70a604c9bede215f0e3c154aa02a9677e7936eb6d4acea74bbeb7012606e71c2,40b9b0708d888a015abe5043bb273c3c6ee601ae,5ee7257be5a09c9862c2ead2f98416e1e8d1b2fa875624ca009df5cb95934bbb,input_manifest.json; commands_run.md; coverage_integrity_report.json
CM-015,40b9b0708d888a015abe5043bb273c3c6ee601ae,research/manuscript.md,5ee7257be5a09c9862c2ead2f98416e1e8d1b2fa875624ca009df5cb95934bbb,L49:C1,CURRENT@40b9b0708d888a015abe5043bb273c3c6ee601ae,1.,IMPLEMENTED,scripts/scripts/pipeline.py:deduplicate:135-154;out_of_fold:448-492,"StratifiedKFold(n_splits=5,shuffle=True,random_state=42); seeds42-46 retained",research/results/benchmark.json:/molecule/assignments,Retain bounded wording; implementation present. This status is not scientific validation.,,audit_provenance.json; commands_run.md,,70a604c9bede215f0e3c154aa02a9677e7936eb6d4acea74bbeb7012606e71c2,40b9b0708d888a015abe5043bb273c3c6ee601ae,5ee7257be5a09c9862c2ead2f98416e1e8d1b2fa875624ca009df5cb95934bbb,input_manifest.json; commands_run.md; coverage_integrity_report.json
CM-016,40b9b0708d888a015abe5043bb273c3c6ee601ae,research/manuscript.md,5ee7257be5a09c9862c2ead2f98416e1e8d1b2fa875624ca009df5cb95934bbb,L49:C4,CURRENT@40b9b0708d888a015abe5043bb273c3c6ee601ae,**Unique-molecule**: stratified five-fold over deduplicated molecules.,IMPLEMENTED,scripts/scripts/pipeline.py:deduplicate:135-154;out_of_fold:448-492,"StratifiedKFold(n_splits=5,shuffle=True,random_state=42); seeds42-46 retained",research/results/benchmark.json:/molecule/assignments,Retain bounded wording; implementation present. This status is not scientific validation.,,audit_provenance.json; commands_run.md,,70a604c9bede215f0e3c154aa02a9677e7936eb6d4acea74bbeb7012606e71c2,40b9b0708d888a015abe5043bb273c3c6ee601ae,5ee7257be5a09c9862c2ead2f98416e1e8d1b2fa875624ca009df5cb95934bbb,input_manifest.json; commands_run.md; coverage_integrity_report.json
CM-017,40b9b0708d888a015abe5043bb273c3c6ee601ae,research/manuscript.md,5ee7257be5a09c9862c2ead2f98416e1e8d1b2fa875624ca009df5cb95934bbb,L49:C75,CURRENT@40b9b0708d888a015abe5043bb273c3c6ee601ae,Removes the replication artifact but allows close analogues across folds.,IMPLEMENTED,scripts/scripts/pipeline.py:deduplicate:135-154;out_of_fold:448-492,"StratifiedKFold(n_splits=5,shuffle=True,random_state=42); seeds42-46 retained",research/results/benchmark.json:/molecule/assignments,Retain bounded wording; implementation present. This status is not scientific validation.,,audit_provenance.json; commands_run.md,,70a604c9bede215f0e3c154aa02a9677e7936eb6d4acea74bbeb7012606e71c2,40b9b0708d888a015abe5043bb273c3c6ee601ae,5ee7257be5a09c9862c2ead2f98416e1e8d1b2fa875624ca009df5cb95934bbb,input_manifest.json; commands_run.md; coverage_integrity_report.json
CM-018,40b9b0708d888a015abe5043bb273c3c6ee601ae,research/manuscript.md,5ee7257be5a09c9862c2ead2f98416e1e8d1b2fa875624ca009df5cb95934bbb,L50:C1,CURRENT@40b9b0708d888a015abe5043bb273c3c6ee601ae,2.,IMPLEMENTED,scripts/scripts/pipeline.py:scaffold_splits:286-300;out_of_fold:448-492,"StratifiedGroupKFold(n_splits=5,shuffle=True,random_state=seed); exact nonchiral Murcko scaffold disjoint assertion",research/results/benchmark.json:/scaffold/assignments,Retain bounded wording; implementation present. This status is not scientific validation.,,audit_provenance.json; commands_run.md,,70a604c9bede215f0e3c154aa02a9677e7936eb6d4acea74bbeb7012606e71c2,40b9b0708d888a015abe5043bb273c3c6ee601ae,5ee7257be5a09c9862c2ead2f98416e1e8d1b2fa875624ca009df5cb95934bbb,input_manifest.json; commands_run.md; coverage_integrity_report.json
CM-019,40b9b0708d888a015abe5043bb273c3c6ee601ae,research/manuscript.md,5ee7257be5a09c9862c2ead2f98416e1e8d1b2fa875624ca009df5cb95934bbb,L50:C4,CURRENT@40b9b0708d888a015abe5043bb273c3c6ee601ae,"**Exact-scaffold**: `StratifiedGroupKFold` on exact Murcko scaffolds, with asserted train/test scaffold disjointness.",IMPLEMENTED,scripts/scripts/pipeline.py:scaffold_splits:286-300;out_of_fold:448-492,"StratifiedGroupKFold(n_splits=5,shuffle=True,random_state=seed); exact nonchiral Murcko scaffold disjoint assertion",research/results/benchmark.json:/scaffold/assignments,Retain bounded wording; implementation present. This status is not scientific validation.,,audit_provenance.json; commands_run.md,,70a604c9bede215f0e3c154aa02a9677e7936eb6d4acea74bbeb7012606e71c2,40b9b0708d888a015abe5043bb273c3c6ee601ae,5ee7257be5a09c9862c2ead2f98416e1e8d1b2fa875624ca009df5cb95934bbb,input_manifest.json; commands_run.md; coverage_integrity_report.json
CM-020,40b9b0708d888a015abe5043bb273c3c6ee601ae,research/manuscript.md,5ee7257be5a09c9862c2ead2f98416e1e8d1b2fa875624ca009df5cb95934bbb,L50:C122,CURRENT@40b9b0708d888a015abe5043bb273c3c6ee601ae,Analogues sharing a broad SAR series can still cross folds.,IMPLEMENTED,scripts/scripts/pipeline.py:scaffold_splits:286-300;out_of_fold:448-492,"StratifiedGroupKFold(n_splits=5,shuffle=True,random_state=seed); exact nonchiral Murcko scaffold disjoint assertion",research/results/benchmark.json:/scaffold/assignments,Retain bounded wording; implementation present. This status is not scientific validation.,,audit_provenance.json; commands_run.md,,70a604c9bede215f0e3c154aa02a9677e7936eb6d4acea74bbeb7012606e71c2,40b9b0708d888a015abe5043bb273c3c6ee601ae,5ee7257be5a09c9862c2ead2f98416e1e8d1b2fa875624ca009df5cb95934bbb,input_manifest.json; commands_run.md; coverage_integrity_report.json
CM-021,40b9b0708d888a015abe5043bb273c3c6ee601ae,research/manuscript.md,5ee7257be5a09c9862c2ead2f98416e1e8d1b2fa875624ca009df5cb95934bbb,L51:C1,CURRENT@40b9b0708d888a015abe5043bb273c3c6ee601ae,3.,IMPLEMENTED,scripts/scripts/pipeline.py:series_splits:303-331;out_of_fold:448-492,"Sorted supplied positive series; decoys permuted using np.random.default_rng(seed), np.array_split into n_series folds; two observed series",compounds.csv:series; research/results/benchmark.json:/series/assignments,Retain bounded wording; implementation present. This status is not scientific validation.,,audit_provenance.json; commands_run.md,,70a604c9bede215f0e3c154aa02a9677e7936eb6d4acea74bbeb7012606e71c2,40b9b0708d888a015abe5043bb273c3c6ee601ae,5ee7257be5a09c9862c2ead2f98416e1e8d1b2fa875624ca009df5cb95934bbb,input_manifest.json; commands_run.md; coverage_integrity_report.json
CM-022,40b9b0708d888a015abe5043bb273c3c6ee601ae,research/manuscript.md,5ee7257be5a09c9862c2ead2f98416e1e8d1b2fa875624ca009df5cb95934bbb,L51:C4,CURRENT@40b9b0708d888a015abe5043bb273c3c6ee601ae,**Positive-series holdout**: each labelled positive series is held out entirely with a disjoint random partition of decoys.,IMPLEMENTED,scripts/scripts/pipeline.py:series_splits:303-331;out_of_fold:448-492,"Sorted supplied positive series; decoys permuted using np.random.default_rng(seed), np.array_split into n_series folds; two observed series",compounds.csv:series; research/results/benchmark.json:/series/assignments,Retain bounded wording; implementation present. This status is not scientific validation.,,audit_provenance.json; commands_run.md,,70a604c9bede215f0e3c154aa02a9677e7936eb6d4acea74bbeb7012606e71c2,40b9b0708d888a015abe5043bb273c3c6ee601ae,5ee7257be5a09c9862c2ead2f98416e1e8d1b2fa875624ca009df5cb95934bbb,input_manifest.json; commands_run.md; coverage_integrity_report.json
CM-023,40b9b0708d888a015abe5043bb273c3c6ee601ae,research/manuscript.md,5ee7257be5a09c9862c2ead2f98416e1e8d1b2fa875624ca009df5cb95934bbb,L51:C128,CURRENT@40b9b0708d888a015abe5043bb273c3c6ee601ae,This withholds a broader grouping than an exact Murcko scaffold.,IMPLEMENTED,scripts/scripts/pipeline.py:series_splits:303-331;out_of_fold:448-492,"Sorted supplied positive series; decoys permuted using np.random.default_rng(seed), np.array_split into n_series folds; two observed series",compounds.csv:series; research/results/benchmark.json:/series/assignments,Retain bounded wording; implementation present. This status is not scientific validation.,"Deliberate inferential/scope limit, separate from missing code. Do not infer activity, calibration, coverage, homology, energy or new measurements.",audit_provenance.json; commands_run.md,,70a604c9bede215f0e3c154aa02a9677e7936eb6d4acea74bbeb7012606e71c2,40b9b0708d888a015abe5043bb273c3c6ee601ae,5ee7257be5a09c9862c2ead2f98416e1e8d1b2fa875624ca009df5cb95934bbb,input_manifest.json; commands_run.md; coverage_integrity_report.json
CM-024,40b9b0708d888a015abe5043bb273c3c6ee601ae,research/manuscript.md,5ee7257be5a09c9862c2ead2f98416e1e8d1b2fa875624ca009df5cb95934bbb,L51:C193,CURRENT@40b9b0708d888a015abe5043bb273c3c6ee601ae,"The supplied series labels are descriptive, not independently validated chemical taxonomies.",IMPLEMENTED,scripts/scripts/pipeline.py:series_splits:303-331;out_of_fold:448-492,"Sorted supplied positive series; decoys permuted using np.random.default_rng(seed), np.array_split into n_series folds; two observed series",compounds.csv:series; research/results/benchmark.json:/series/assignments,Retain bounded wording; implementation present. This status is not scientific validation.,"Deliberate inferential/scope limit, separate from missing code. Do not infer activity, calibration, coverage, homology, energy or new measurements.",audit_provenance.json; commands_run.md,,70a604c9bede215f0e3c154aa02a9677e7936eb6d4acea74bbeb7012606e71c2,40b9b0708d888a015abe5043bb273c3c6ee601ae,5ee7257be5a09c9862c2ead2f98416e1e8d1b2fa875624ca009df5cb95934bbb,input_manifest.json; commands_run.md; coverage_integrity_report.json
CM-025,40b9b0708d888a015abe5043bb273c3c6ee601ae,research/manuscript.md,5ee7257be5a09c9862c2ead2f98416e1e8d1b2fa875624ca009df5cb95934bbb,L51:C286,CURRENT@40b9b0708d888a015abe5043bb273c3c6ee601ae,"With two positive series, this evaluation has two folds, not five.",IMPLEMENTED,scripts/scripts/pipeline.py:series_splits:303-331;out_of_fold:448-492,"Sorted supplied positive series; decoys permuted using np.random.default_rng(seed), np.array_split into n_series folds; two observed series",compounds.csv:series; research/results/benchmark.json:/series/assignments,Retain bounded wording; implementation present. This status is not scientific validation.,"Deliberate inferential/scope limit, separate from missing code. Do not infer activity, calibration, coverage, homology, energy or new measurements.",audit_provenance.json; commands_run.md,,70a604c9bede215f0e3c154aa02a9677e7936eb6d4acea74bbeb7012606e71c2,40b9b0708d888a015abe5043bb273c3c6ee601ae,5ee7257be5a09c9862c2ead2f98416e1e8d1b2fa875624ca009df5cb95934bbb,input_manifest.json; commands_run.md; coverage_integrity_report.json
CM-026,40b9b0708d888a015abe5043bb273c3c6ee601ae,research/manuscript.md,5ee7257be5a09c9862c2ead2f98416e1e8d1b2fa875624ca009df5cb95934bbb,L55:C1,CURRENT@40b9b0708d888a015abe5043bb273c3c6ee601ae,"ROC-AUC, average precision, enrichment factor and BEDROC20 are computed on pooled out-of-fold scores.",IMPLEMENTED,scripts/scripts/pipeline.py:expected_rank_labels:195-204;enrichment_factor:207-212;bedroc:215-225;metrics:269-283;main:707-734; tests/test_pipeline.py:104-116,"ceil(fraction*N), alpha20, ties averaged; exhaustive binary rankings n=2..9 sum(2**n-2)=1004 (not 1004 independent datasets)",research/results/benchmark.json:/molecule/metrics,Retain bounded wording; implementation present. This status is not scientific validation.,,audit_provenance.json; commands_run.md,,70a604c9bede215f0e3c154aa02a9677e7936eb6d4acea74bbeb7012606e71c2,40b9b0708d888a015abe5043bb273c3c6ee601ae,5ee7257be5a09c9862c2ead2f98416e1e8d1b2fa875624ca009df5cb95934bbb,input_manifest.json; commands_run.md; coverage_integrity_report.json
CM-027,40b9b0708d888a015abe5043bb273c3c6ee601ae,research/manuscript.md,5ee7257be5a09c9862c2ead2f98416e1e8d1b2fa875624ca009df5cb95934bbb,L55:C103,CURRENT@40b9b0708d888a015abe5043bb273c3c6ee601ae,"EF uses `ceil(fraction * N)` and reports the realized cutoff count, which at N = 45 means one molecule for nominal EF1%.",IMPLEMENTED,scripts/scripts/pipeline.py:expected_rank_labels:195-204;enrichment_factor:207-212;bedroc:215-225;metrics:269-283;main:707-734; tests/test_pipeline.py:104-116,"ceil(fraction*N), alpha20, ties averaged; exhaustive binary rankings n=2..9 sum(2**n-2)=1004 (not 1004 independent datasets)",research/results/benchmark.json:/molecule/metrics,Retain bounded wording; implementation present. This status is not scientific validation.,,audit_provenance.json; commands_run.md,,70a604c9bede215f0e3c154aa02a9677e7936eb6d4acea74bbeb7012606e71c2,40b9b0708d888a015abe5043bb273c3c6ee601ae,5ee7257be5a09c9862c2ead2f98416e1e8d1b2fa875624ca009df5cb95934bbb,input_manifest.json; commands_run.md; coverage_integrity_report.json
CM-028,40b9b0708d888a015abe5043bb273c3c6ee601ae,research/manuscript.md,5ee7257be5a09c9862c2ead2f98416e1e8d1b2fa875624ca009df5cb95934bbb,L55:C224,CURRENT@40b9b0708d888a015abe5043bb273c3c6ee601ae,BEDROC uses the normalized finite-list exponential formulation; exactly tied scores receive expected within-tie contributions so that input order cannot change a result.,IMPLEMENTED,scripts/scripts/pipeline.py:expected_rank_labels:195-204;enrichment_factor:207-212;bedroc:215-225;metrics:269-283;main:707-734; tests/test_pipeline.py:104-116,"ceil(fraction*N), alpha20, ties averaged; exhaustive binary rankings n=2..9 sum(2**n-2)=1004 (not 1004 independent datasets)",research/results/benchmark.json:/molecule/metrics,Retain bounded wording; implementation present. This status is not scientific validation.,"Deliberate inferential/scope limit, separate from missing code. Do not infer activity, calibration, coverage, homology, energy or new measurements.",audit_provenance.json; commands_run.md,,70a604c9bede215f0e3c154aa02a9677e7936eb6d4acea74bbeb7012606e71c2,40b9b0708d888a015abe5043bb273c3c6ee601ae,5ee7257be5a09c9862c2ead2f98416e1e8d1b2fa875624ca009df5cb95934bbb,input_manifest.json; commands_run.md; coverage_integrity_report.json
CM-029,40b9b0708d888a015abe5043bb273c3c6ee601ae,research/manuscript.md,5ee7257be5a09c9862c2ead2f98416e1e8d1b2fa875624ca009df5cb95934bbb,L55:C394,CURRENT@40b9b0708d888a015abe5043bb273c3c6ee601ae,"The implementation is tested against RDKit `CalcBEDROC` across 1,004 ranking patterns.",IMPLEMENTED,scripts/scripts/pipeline.py:expected_rank_labels:195-204;enrichment_factor:207-212;bedroc:215-225;metrics:269-283;main:707-734; tests/test_pipeline.py:104-116,"ceil(fraction*N), alpha20, ties averaged; exhaustive binary rankings n=2..9 sum(2**n-2)=1004 (not 1004 independent datasets)",research/results/benchmark.json:/molecule/metrics,Retain bounded wording; implementation present. This status is not scientific validation.,,audit_provenance.json; commands_run.md,,70a604c9bede215f0e3c154aa02a9677e7936eb6d4acea74bbeb7012606e71c2,40b9b0708d888a015abe5043bb273c3c6ee601ae,5ee7257be5a09c9862c2ead2f98416e1e8d1b2fa875624ca009df5cb95934bbb,input_manifest.json; commands_run.md; coverage_integrity_report.json
CM-030,40b9b0708d888a015abe5043bb273c3c6ee601ae,research/manuscript.md,5ee7257be5a09c9862c2ead2f98416e1e8d1b2fa875624ca009df5cb95934bbb,L57:C1,CURRENT@40b9b0708d888a015abe5043bb273c3c6ee601ae,Reported bootstrap intervals use **conditional cluster resampling** of exact-scaffold groups from fixed out-of-fold predictions.,IMPLEMENTED,scripts/scripts/pipeline.py:auc_resampling:334-364;fold_statistics:495-517;main:714-758,1000 sampled exact-scaffold clusters with replacement; quantiles .025/.975; skip/count one-class draws; seeds42..46 refit except reuse42,research/results/manifest.json:/arguments; research/results/benchmark.json:/seed_sensitivity,Retain bounded wording; implementation present. This status is not scientific validation.,,audit_provenance.json; commands_run.md,,70a604c9bede215f0e3c154aa02a9677e7936eb6d4acea74bbeb7012606e71c2,40b9b0708d888a015abe5043bb273c3c6ee601ae,5ee7257be5a09c9862c2ead2f98416e1e8d1b2fa875624ca009df5cb95934bbb,input_manifest.json; commands_run.md; coverage_integrity_report.json
CM-031,40b9b0708d888a015abe5043bb273c3c6ee601ae,research/manuscript.md,5ee7257be5a09c9862c2ead2f98416e1e8d1b2fa875624ca009df5cb95934bbb,L57:C130,CURRENT@40b9b0708d888a015abe5043bb273c3c6ee601ae,"Separately, seeds 42–46 assess sensitivity to repeated fitting and splitting.",IMPLEMENTED,scripts/scripts/pipeline.py:auc_resampling:334-364;fold_statistics:495-517;main:714-758,1000 sampled exact-scaffold clusters with replacement; quantiles .025/.975; skip/count one-class draws; seeds42..46 refit except reuse42,research/results/manifest.json:/arguments; research/results/benchmark.json:/seed_sensitivity,Retain bounded wording; implementation present. This status is not scientific validation.,,audit_provenance.json; commands_run.md,,70a604c9bede215f0e3c154aa02a9677e7936eb6d4acea74bbeb7012606e71c2,40b9b0708d888a015abe5043bb273c3c6ee601ae,5ee7257be5a09c9862c2ead2f98416e1e8d1b2fa875624ca009df5cb95934bbb,input_manifest.json; commands_run.md; coverage_integrity_report.json
CM-032,40b9b0708d888a015abe5043bb273c3c6ee601ae,research/manuscript.md,5ee7257be5a09c9862c2ead2f98416e1e8d1b2fa875624ca009df5cb95934bbb,L57:C208,CURRENT@40b9b0708d888a015abe5043bb273c3c6ee601ae,The fixed-prediction bootstrap does not refit models or include training-set uncertainty.,IMPLEMENTED,scripts/scripts/pipeline.py:auc_resampling:334-364;fold_statistics:495-517;main:714-758,1000 sampled exact-scaffold clusters with replacement; quantiles .025/.975; skip/count one-class draws; seeds42..46 refit except reuse42,research/results/manifest.json:/arguments; research/results/benchmark.json:/seed_sensitivity,Retain bounded wording; implementation present. This status is not scientific validation.,"Deliberate inferential/scope limit, separate from missing code. Do not infer activity, calibration, coverage, homology, energy or new measurements.",audit_provenance.json; commands_run.md,,70a604c9bede215f0e3c154aa02a9677e7936eb6d4acea74bbeb7012606e71c2,40b9b0708d888a015abe5043bb273c3c6ee601ae,5ee7257be5a09c9862c2ead2f98416e1e8d1b2fa875624ca009df5cb95934bbb,input_manifest.json; commands_run.md; coverage_integrity_report.json
CM-033,40b9b0708d888a015abe5043bb273c3c6ee601ae,research/manuscript.md,5ee7257be5a09c9862c2ead2f98416e1e8d1b2fa875624ca009df5cb95934bbb,L57:C298,CURRENT@40b9b0708d888a015abe5043bb273c3c6ee601ae,The seed analysis does refit models but is not a population confidence interval; neither supports clinical inference.,IMPLEMENTED,scripts/scripts/pipeline.py:auc_resampling:334-364;fold_statistics:495-517;main:714-758,1000 sampled exact-scaffold clusters with replacement; quantiles .025/.975; skip/count one-class draws; seeds42..46 refit except reuse42,research/results/manifest.json:/arguments; research/results/benchmark.json:/seed_sensitivity,Retain bounded wording; implementation present. This status is not scientific validation.,"Deliberate inferential/scope limit, separate from missing code. Do not infer activity, calibration, coverage, homology, energy or new measurements.",audit_provenance.json; commands_run.md,,70a604c9bede215f0e3c154aa02a9677e7936eb6d4acea74bbeb7012606e71c2,40b9b0708d888a015abe5043bb273c3c6ee601ae,5ee7257be5a09c9862c2ead2f98416e1e8d1b2fa875624ca009df5cb95934bbb,input_manifest.json; commands_run.md; coverage_integrity_report.json
CM-034,40b9b0708d888a015abe5043bb273c3c6ee601ae,research/manuscript.md,5ee7257be5a09c9862c2ead2f98416e1e8d1b2fa875624ca009df5cb95934bbb,L57:C416,CURRENT@40b9b0708d888a015abe5043bb273c3c6ee601ae,Single-class draws and single-class test folds are counted and reported.,IMPLEMENTED,scripts/scripts/pipeline.py:auc_resampling:334-364;fold_statistics:495-517;main:714-758,1000 sampled exact-scaffold clusters with replacement; quantiles .025/.975; skip/count one-class draws; seeds42..46 refit except reuse42,research/results/manifest.json:/arguments; research/results/benchmark.json:/seed_sensitivity,Retain bounded wording; implementation present. This status is not scientific validation.,,audit_provenance.json; commands_run.md,,70a604c9bede215f0e3c154aa02a9677e7936eb6d4acea74bbeb7012606e71c2,40b9b0708d888a015abe5043bb273c3c6ee601ae,5ee7257be5a09c9862c2ead2f98416e1e8d1b2fa875624ca009df5cb95934bbb,input_manifest.json; commands_run.md; coverage_integrity_report.json
CM-035,40b9b0708d888a015abe5043bb273c3c6ee601ae,research/manuscript.md,5ee7257be5a09c9862c2ead2f98416e1e8d1b2fa875624ca009df5cb95934bbb,L59:C1,CURRENT@40b9b0708d888a015abe5043bb273c3c6ee601ae,"The label-randomization diagnostic refits the entire molecule-split procedure on each of 99 permuted label vectors and reports `(exceedances + 1)/(B + 1)`, whose floor is 0.01.",IMPLEMENTED,scripts/scripts/pipeline.py:randomized_label_diagnostic:367-407;permutation_pvalue:257-266,99 permutations configured in frozen manifest (CLI default0); seed42; molecule five-fold repeated; p=(count(null>=observed)+1)/(B+1),research/results/manifest.json:/arguments/permutations; research/results/benchmark.json:/label_randomization,Retain bounded wording; implementation present. This status is not scientific validation.,,audit_provenance.json; commands_run.md,,70a604c9bede215f0e3c154aa02a9677e7936eb6d4acea74bbeb7012606e71c2,40b9b0708d888a015abe5043bb273c3c6ee601ae,5ee7257be5a09c9862c2ead2f98416e1e8d1b2fa875624ca009df5cb95934bbb,input_manifest.json; commands_run.md; coverage_integrity_report.json
CM-036,40b9b0708d888a015abe5043bb273c3c6ee601ae,research/manuscript.md,5ee7257be5a09c9862c2ead2f98416e1e8d1b2fa875624ca009df5cb95934bbb,L59:C178,CURRENT@40b9b0708d888a015abe5043bb273c3c6ee601ae,"Because correlated chemical series are not biologically exchangeable, we treat this as a sanity check on the fitting procedure, not as evidence of biological signal.",IMPLEMENTED,scripts/scripts/pipeline.py:randomized_label_diagnostic:367-407;permutation_pvalue:257-266,99 permutations configured in frozen manifest (CLI default0); seed42; molecule five-fold repeated; p=(count(null>=observed)+1)/(B+1),research/results/manifest.json:/arguments/permutations; research/results/benchmark.json:/label_randomization,Retain bounded wording; implementation present. This status is not scientific validation.,"Deliberate inferential/scope limit, separate from missing code. Do not infer activity, calibration, coverage, homology, energy or new measurements.",audit_provenance.json; commands_run.md,,70a604c9bede215f0e3c154aa02a9677e7936eb6d4acea74bbeb7012606e71c2,40b9b0708d888a015abe5043bb273c3c6ee601ae,5ee7257be5a09c9862c2ead2f98416e1e8d1b2fa875624ca009df5cb95934bbb,input_manifest.json; commands_run.md; coverage_integrity_report.json
CM-037,40b9b0708d888a015abe5043bb273c3c6ee601ae,research/manuscript.md,5ee7257be5a09c9862c2ead2f98416e1e8d1b2fa875624ca009df5cb95934bbb,L63:C1,CURRENT@40b9b0708d888a015abe5043bb273c3c6ee601ae,"Before running the extension, we recorded the design locally in `extension_design.md`; this is not an external preregistration.",PARTIALLY IMPLEMENTED,scripts/scripts/controls.py:ablation_scores:334-375;evaluate:444-588;run:591-714,"seeds42..46; constant.5, training prevalence, fingerprint LR C1/max_iter2000, five-neighbour uniform precomputed Tanimoto; 7 single/7 leave-out LR; combined RF; four fusion exclusions",research/extension_design.md; research/results/controls-manifest.json:/arguments; research/results/controls.json:/evaluations/full_valid_set,"Design file and execution manifest hash exist, but independent pre-outcome chronology is not established by these artifacts alone. Retain local-plan/non-preregistration limit; do not upgrade to prospective registration.","Deliberate inferential/scope limit, separate from missing code. Do not infer activity, calibration, coverage, homology, energy or new measurements.",audit_provenance.json; commands_run.md,,70a604c9bede215f0e3c154aa02a9677e7936eb6d4acea74bbeb7012606e71c2,40b9b0708d888a015abe5043bb273c3c6ee601ae,5ee7257be5a09c9862c2ead2f98416e1e8d1b2fa875624ca009df5cb95934bbb,input_manifest.json; commands_run.md; coverage_integrity_report.json
CM-038,40b9b0708d888a015abe5043bb273c3c6ee601ae,research/manuscript.md,5ee7257be5a09c9862c2ead2f98416e1e8d1b2fa875624ca009df5cb95934bbb,L63:C129,CURRENT@40b9b0708d888a015abe5043bb273c3c6ee601ae,"Fixed seeds 42–46 and unchanged model hyperparameters are retained, with no best-run selection.",IMPLEMENTED,scripts/scripts/controls.py:ablation_scores:334-375;evaluate:444-588;run:591-714,"seeds42..46; constant.5, training prevalence, fingerprint LR C1/max_iter2000, five-neighbour uniform precomputed Tanimoto; 7 single/7 leave-out LR; combined RF; four fusion exclusions",research/extension_design.md; research/results/controls-manifest.json:/arguments; research/results/controls.json:/evaluations/full_valid_set,Retain bounded wording; implementation present. This status is not scientific validation.,,audit_provenance.json; commands_run.md,,70a604c9bede215f0e3c154aa02a9677e7936eb6d4acea74bbeb7012606e71c2,40b9b0708d888a015abe5043bb273c3c6ee601ae,5ee7257be5a09c9862c2ead2f98416e1e8d1b2fa875624ca009df5cb95934bbb,input_manifest.json; commands_run.md; coverage_integrity_report.json
CM-039,40b9b0708d888a015abe5043bb273c3c6ee601ae,research/manuscript.md,5ee7257be5a09c9862c2ead2f98416e1e8d1b2fa875624ca009df5cb95934bbb,L63:C225,CURRENT@40b9b0708d888a015abe5043bb273c3c6ee601ae,"Additional baselines are constant 0.5, fold training prevalence, fingerprint logistic regression (C = 1), and five-neighbour classification using precomputed Tanimoto distance and uniform weights.",IMPLEMENTED,scripts/scripts/controls.py:ablation_scores:334-375;evaluate:444-588;run:591-714,"seeds42..46; constant.5, training prevalence, fingerprint LR C1/max_iter2000, five-neighbour uniform precomputed Tanimoto; 7 single/7 leave-out LR; combined RF; four fusion exclusions",research/extension_design.md; research/results/controls-manifest.json:/arguments; research/results/controls.json:/evaluations/full_valid_set,Retain bounded wording; implementation present. This status is not scientific validation.,,audit_provenance.json; commands_run.md,,70a604c9bede215f0e3c154aa02a9677e7936eb6d4acea74bbeb7012606e71c2,40b9b0708d888a015abe5043bb273c3c6ee601ae,5ee7257be5a09c9862c2ead2f98416e1e8d1b2fa875624ca009df5cb95934bbb,input_manifest.json; commands_run.md; coverage_integrity_report.json
CM-040,40b9b0708d888a015abe5043bb273c3c6ee601ae,research/manuscript.md,5ee7257be5a09c9862c2ead2f98416e1e8d1b2fa875624ca009df5cb95934bbb,L63:C422,CURRENT@40b9b0708d888a015abe5043bb273c3c6ee601ae,"We fit seven single-descriptor and seven leave-one-descriptor-out logistic models, fingerprint-plus-properties random forests, and four leave-one-component-out fusion variants.",IMPLEMENTED,scripts/scripts/controls.py:ablation_scores:334-375;evaluate:444-588;run:591-714,"seeds42..46; constant.5, training prevalence, fingerprint LR C1/max_iter2000, five-neighbour uniform precomputed Tanimoto; 7 single/7 leave-out LR; combined RF; four fusion exclusions",research/extension_design.md; research/results/controls-manifest.json:/arguments; research/results/controls.json:/evaluations/full_valid_set,Retain bounded wording; implementation present. This status is not scientific validation.,,audit_provenance.json; commands_run.md,,70a604c9bede215f0e3c154aa02a9677e7936eb6d4acea74bbeb7012606e71c2,40b9b0708d888a015abe5043bb273c3c6ee601ae,5ee7257be5a09c9862c2ead2f98416e1e8d1b2fa875624ca009df5cb95934bbb,input_manifest.json; commands_run.md; coverage_integrity_report.json
CM-041,40b9b0708d888a015abe5043bb273c3c6ee601ae,research/manuscript.md,5ee7257be5a09c9862c2ead2f98416e1e8d1b2fa875624ca009df5cb95934bbb,L63:C599,CURRENT@40b9b0708d888a015abe5043bb273c3c6ee601ae,Predictive standardization is learned within training folds only.,IMPLEMENTED,scripts/scripts/controls.py:ablation_scores:334-375;evaluate:444-588;run:591-714,"seeds42..46; constant.5, training prevalence, fingerprint LR C1/max_iter2000, five-neighbour uniform precomputed Tanimoto; 7 single/7 leave-out LR; combined RF; four fusion exclusions",research/extension_design.md; research/results/controls-manifest.json:/arguments; research/results/controls.json:/evaluations/full_valid_set,Retain bounded wording; implementation present. This status is not scientific validation.,,audit_provenance.json; commands_run.md,,70a604c9bede215f0e3c154aa02a9677e7936eb6d4acea74bbeb7012606e71c2,40b9b0708d888a015abe5043bb273c3c6ee601ae,5ee7257be5a09c9862c2ead2f98416e1e8d1b2fa875624ca009df5cb95934bbb,input_manifest.json; commands_run.md; coverage_integrity_report.json
CM-042,40b9b0708d888a015abe5043bb273c3c6ee601ae,research/manuscript.md,5ee7257be5a09c9862c2ead2f98416e1e8d1b2fa875624ca009df5cb95934bbb,L65:C1,CURRENT@40b9b0708d888a015abe5043bb273c3c6ee601ae,"A separate exploratory cohort-design sensitivity standardizes seven descriptors across the full cohort, processes positives in ID order and greedily chooses the nearest unused decoy in Euclidean property distance.",IMPLEMENTED,scripts/scripts/controls.py:standardize:73-78;balance_report:81-96;match_property_pairs:99-127;similarity_components:387-403;evaluate:444-465;run:591-714,"full-cohort mean/SD(ddof0); SD0->1; positives and negatives ID sorted, argmin tie to first; no reuse; caliper max absolute z gap<=.5; T>=.70 components; 5 grouped folds","research/results/controls.json:/property_matching,/evaluations/similarity_component_split",Retain bounded wording; implementation present. This status is not scientific validation.,,audit_provenance.json; commands_run.md,,70a604c9bede215f0e3c154aa02a9677e7936eb6d4acea74bbeb7012606e71c2,40b9b0708d888a015abe5043bb273c3c6ee601ae,5ee7257be5a09c9862c2ead2f98416e1e8d1b2fa875624ca009df5cb95934bbb,input_manifest.json; commands_run.md; coverage_integrity_report.json
CM-043,40b9b0708d888a015abe5043bb273c3c6ee601ae,research/manuscript.md,5ee7257be5a09c9862c2ead2f98416e1e8d1b2fa875624ca009df5cb95934bbb,L65:C215,CURRENT@40b9b0708d888a015abe5043bb273c3c6ee601ae,It reports balance in full-cohort SD units and the existence of matches within 0.5 SD on every descriptor; it does not claim unbiased or independent adjustment.,IMPLEMENTED,scripts/scripts/controls.py:standardize:73-78;balance_report:81-96;match_property_pairs:99-127;similarity_components:387-403;evaluate:444-465;run:591-714,"full-cohort mean/SD(ddof0); SD0->1; positives and negatives ID sorted, argmin tie to first; no reuse; caliper max absolute z gap<=.5; T>=.70 components; 5 grouped folds","research/results/controls.json:/property_matching,/evaluations/similarity_component_split",Retain bounded wording; implementation present. This status is not scientific validation.,"Deliberate inferential/scope limit, separate from missing code. Do not infer activity, calibration, coverage, homology, energy or new measurements.",audit_provenance.json; commands_run.md,,70a604c9bede215f0e3c154aa02a9677e7936eb6d4acea74bbeb7012606e71c2,40b9b0708d888a015abe5043bb273c3c6ee601ae,5ee7257be5a09c9862c2ead2f98416e1e8d1b2fa875624ca009df5cb95934bbb,input_manifest.json; commands_run.md; coverage_integrity_report.json
CM-044,40b9b0708d888a015abe5043bb273c3c6ee601ae,research/manuscript.md,5ee7257be5a09c9862c2ead2f98416e1e8d1b2fa875624ca009df5cb95934bbb,L65:C376,CURRENT@40b9b0708d888a015abe5043bb273c3c6ee601ae,Another evaluation separates connected components of a fixed Morgan-Tanimoto >=0.70 graph with grouped folds.,IMPLEMENTED,scripts/scripts/controls.py:standardize:73-78;balance_report:81-96;match_property_pairs:99-127;similarity_components:387-403;evaluate:444-465;run:591-714,"full-cohort mean/SD(ddof0); SD0->1; positives and negatives ID sorted, argmin tie to first; no reuse; caliper max absolute z gap<=.5; T>=.70 components; 5 grouped folds","research/results/controls.json:/property_matching,/evaluations/similarity_component_split",Retain bounded wording; implementation present. This status is not scientific validation.,"Deliberate inferential/scope limit, separate from missing code. Do not infer activity, calibration, coverage, homology, energy or new measurements.",audit_provenance.json; commands_run.md,,70a604c9bede215f0e3c154aa02a9677e7936eb6d4acea74bbeb7012606e71c2,40b9b0708d888a015abe5043bb273c3c6ee601ae,5ee7257be5a09c9862c2ead2f98416e1e8d1b2fa875624ca009df5cb95934bbb,input_manifest.json; commands_run.md; coverage_integrity_report.json
CM-045,40b9b0708d888a015abe5043bb273c3c6ee601ae,research/manuscript.md,5ee7257be5a09c9862c2ead2f98416e1e8d1b2fa875624ca009df5cb95934bbb,L65:C486,CURRENT@40b9b0708d888a015abe5043bb273c3c6ee601ae,"This partition is different from, not necessarily harder than, exact-Murcko grouping.",IMPLEMENTED,scripts/scripts/controls.py:standardize:73-78;balance_report:81-96;match_property_pairs:99-127;similarity_components:387-403;evaluate:444-465;run:591-714,"full-cohort mean/SD(ddof0); SD0->1; positives and negatives ID sorted, argmin tie to first; no reuse; caliper max absolute z gap<=.5; T>=.70 components; 5 grouped folds","research/results/controls.json:/property_matching,/evaluations/similarity_component_split",Retain bounded wording; implementation present. This status is not scientific validation.,"Deliberate inferential/scope limit, separate from missing code. Do not infer activity, calibration, coverage, homology, energy or new measurements.",audit_provenance.json; commands_run.md,,70a604c9bede215f0e3c154aa02a9677e7936eb6d4acea74bbeb7012606e71c2,40b9b0708d888a015abe5043bb273c3c6ee601ae,5ee7257be5a09c9862c2ead2f98416e1e8d1b2fa875624ca009df5cb95934bbb,input_manifest.json; commands_run.md; coverage_integrity_report.json
CM-046,40b9b0708d888a015abe5043bb273c3c6ee601ae,research/manuscript.md,5ee7257be5a09c9862c2ead2f98416e1e8d1b2fa875624ca009df5cb95934bbb,L65:C572,CURRENT@40b9b0708d888a015abe5043bb273c3c6ee601ae,"Prespecified infeasible splits are reported, not repaired by outcome-driven threshold changes.",IMPLEMENTED,scripts/scripts/controls.py:standardize:73-78;balance_report:81-96;match_property_pairs:99-127;similarity_components:387-403;evaluate:444-465;run:591-714,"full-cohort mean/SD(ddof0); SD0->1; positives and negatives ID sorted, argmin tie to first; no reuse; caliper max absolute z gap<=.5; T>=.70 components; 5 grouped folds","research/results/controls.json:/property_matching,/evaluations/similarity_component_split",Retain bounded wording; implementation present. This status is not scientific validation.,"Deliberate inferential/scope limit, separate from missing code. Do not infer activity, calibration, coverage, homology, energy or new measurements.",audit_provenance.json; commands_run.md,,70a604c9bede215f0e3c154aa02a9677e7936eb6d4acea74bbeb7012606e71c2,40b9b0708d888a015abe5043bb273c3c6ee601ae,5ee7257be5a09c9862c2ead2f98416e1e8d1b2fa875624ca009df5cb95934bbb,input_manifest.json; commands_run.md; coverage_integrity_report.json
CM-047,40b9b0708d888a015abe5043bb273c3c6ee601ae,research/manuscript.md,5ee7257be5a09c9862c2ead2f98416e1e8d1b2fa875624ca009df5cb95934bbb,L67:C1,CURRENT@40b9b0708d888a015abe5043bb273c3c6ee601ae,"We retain pooled and per-fold ROC-AUC, AP and trapezoidal PR-AUC separately; sensitivity, specificity, precision, NPV, MCC, F1 and balanced accuracy at an arbitrary score threshold 0.5; Brier score and five equal-width reliability bins.",IMPLEMENTED,scripts/scripts/controls.py:extended_metrics:144-176;calibration_bins:179-202;similarity_bins:205-235;paired_auc_interval:406-441;evaluate:444-588,"threshold>=.5; reliability np.linspace(0,1,6); similarity [0,.3,.5,.7,.85,1]; draws1000; scaffold bootstrap fixed scores; ECE not computed or fitted",research/results/controls.json:/evaluations/full_valid_set,Retain bounded wording; implementation present. This status is not scientific validation.,,audit_provenance.json; commands_run.md,"SUPERSEDES parameter_evidence phrase ""ECE not computed or fitted"": controls.calibration_bins lines179–202 computes descriptive expected_calibration_error, stored in controls.json. No trained calibration of the fused score is implemented. Other evidence/status unchanged.",70a604c9bede215f0e3c154aa02a9677e7936eb6d4acea74bbeb7012606e71c2,40b9b0708d888a015abe5043bb273c3c6ee601ae,5ee7257be5a09c9862c2ead2f98416e1e8d1b2fa875624ca009df5cb95934bbb,input_manifest.json; commands_run.md; coverage_integrity_report.json
CM-048,40b9b0708d888a015abe5043bb273c3c6ee601ae,research/manuscript.md,5ee7257be5a09c9862c2ead2f98416e1e8d1b2fa875624ca009df5cb95934bbb,L67:C238,CURRENT@40b9b0708d888a015abe5043bb273c3c6ee601ae,"Nearest-training and nearest-positive similarities use bins [0,0.3), [0.3,0.5), [0.5,0.7), [0.7,0.85), [0.85,1]; one-class AUC is undefined.",IMPLEMENTED,scripts/scripts/controls.py:extended_metrics:144-176;calibration_bins:179-202;similarity_bins:205-235;paired_auc_interval:406-441;evaluate:444-588,"threshold>=.5; reliability np.linspace(0,1,6); similarity [0,.3,.5,.7,.85,1]; draws1000; scaffold bootstrap fixed scores; ECE not computed or fitted",research/results/controls.json:/evaluations/full_valid_set,Retain bounded wording; implementation present. This status is not scientific validation.,"Deliberate inferential/scope limit, separate from missing code. Do not infer activity, calibration, coverage, homology, energy or new measurements.",audit_provenance.json; commands_run.md,"SUPERSEDES parameter_evidence phrase ""ECE not computed or fitted"": controls.calibration_bins lines179–202 computes descriptive expected_calibration_error, stored in controls.json. No trained calibration of the fused score is implemented. Other evidence/status unchanged.",70a604c9bede215f0e3c154aa02a9677e7936eb6d4acea74bbeb7012606e71c2,40b9b0708d888a015abe5043bb273c3c6ee601ae,5ee7257be5a09c9862c2ead2f98416e1e8d1b2fa875624ca009df5cb95934bbb,input_manifest.json; commands_run.md; coverage_integrity_report.json
CM-049,40b9b0708d888a015abe5043bb273c3c6ee601ae,research/manuscript.md,5ee7257be5a09c9862c2ead2f98416e1e8d1b2fa875624ca009df5cb95934bbb,L67:C379,CURRENT@40b9b0708d888a015abe5043bb273c3c6ee601ae,"Paired 1,000-draw exact-scaffold bootstraps resample fixed OOF predictions and omit retraining uncertainty.",IMPLEMENTED,scripts/scripts/controls.py:extended_metrics:144-176;calibration_bins:179-202;similarity_bins:205-235;paired_auc_interval:406-441;evaluate:444-588,"threshold>=.5; reliability np.linspace(0,1,6); similarity [0,.3,.5,.7,.85,1]; draws1000; scaffold bootstrap fixed scores; ECE not computed or fitted",research/results/controls.json:/evaluations/full_valid_set,Retain bounded wording; implementation present. This status is not scientific validation.,"Deliberate inferential/scope limit, separate from missing code. Do not infer activity, calibration, coverage, homology, energy or new measurements.",audit_provenance.json; commands_run.md,"SUPERSEDES parameter_evidence phrase ""ECE not computed or fitted"": controls.calibration_bins lines179–202 computes descriptive expected_calibration_error, stored in controls.json. No trained calibration of the fused score is implemented. Other evidence/status unchanged.",70a604c9bede215f0e3c154aa02a9677e7936eb6d4acea74bbeb7012606e71c2,40b9b0708d888a015abe5043bb273c3c6ee601ae,5ee7257be5a09c9862c2ead2f98416e1e8d1b2fa875624ca009df5cb95934bbb,input_manifest.json; commands_run.md; coverage_integrity_report.json
CM-050,40b9b0708d888a015abe5043bb273c3c6ee601ae,research/manuscript.md,5ee7257be5a09c9862c2ead2f98416e1e8d1b2fa875624ca009df5cb95934bbb,L69:C1,CURRENT@40b9b0708d888a015abe5043bb273c3c6ee601ae,"For uncertainty diagnostics, each outer training fold is divided into group-disjoint proper-training and calibration sets using the first of two inner grouped folds.",IMPLEMENTED,scripts/scripts/controls.py:conformal_pvalues:238-241;conformal_sets:244-331; scripts/scripts/pipeline.py:scaffold_splits:286-300,"first of two grouped inner splits; RF100 sqrt seed n_jobs1; nonconformity1-p; >= tie and +1 smoothing; retain p>alpha with alpha=.1,.2; absent class -> p1",research/results/controls.json:/evaluations/full_valid_set/conformal,Retain bounded wording; implementation present. This status is not scientific validation.,"Deliberate inferential/scope limit, separate from missing code. Do not infer activity, calibration, coverage, homology, energy or new measurements.",audit_provenance.json; commands_run.md,,70a604c9bede215f0e3c154aa02a9677e7936eb6d4acea74bbeb7012606e71c2,40b9b0708d888a015abe5043bb273c3c6ee601ae,5ee7257be5a09c9862c2ead2f98416e1e8d1b2fa875624ca009df5cb95934bbb,input_manifest.json; commands_run.md; coverage_integrity_report.json
CM-051,40b9b0708d888a015abe5043bb273c3c6ee601ae,research/manuscript.md,5ee7257be5a09c9862c2ead2f98416e1e8d1b2fa875624ca009df5cb95934bbb,L69:C167,CURRENT@40b9b0708d888a015abe5043bb273c3c6ee601ae,A fixed 100-tree RF fits only proper-training records.,IMPLEMENTED,scripts/scripts/controls.py:conformal_pvalues:238-241;conformal_sets:244-331; scripts/scripts/pipeline.py:scaffold_splits:286-300,"first of two grouped inner splits; RF100 sqrt seed n_jobs1; nonconformity1-p; >= tie and +1 smoothing; retain p>alpha with alpha=.1,.2; absent class -> p1",research/results/controls.json:/evaluations/full_valid_set/conformal,Retain bounded wording; implementation present. This status is not scientific validation.,,audit_provenance.json; commands_run.md,,70a604c9bede215f0e3c154aa02a9677e7936eb6d4acea74bbeb7012606e71c2,40b9b0708d888a015abe5043bb273c3c6ee601ae,5ee7257be5a09c9862c2ead2f98416e1e8d1b2fa875624ca009df5cb95934bbb,input_manifest.json; commands_run.md; coverage_integrity_report.json
CM-052,40b9b0708d888a015abe5043bb273c3c6ee601ae,research/manuscript.md,5ee7257be5a09c9862c2ead2f98416e1e8d1b2fa875624ca009df5cb95934bbb,L69:C222,CURRENT@40b9b0708d888a015abe5043bb273c3c6ee601ae,Class-conditional nonconformity is 1 minus the score assigned to the observed label; a candidate label's p-value is (1 + count of calibration nonconformities at least as large)/(1 + class calibration count).,IMPLEMENTED,scripts/scripts/controls.py:conformal_pvalues:238-241;conformal_sets:244-331; scripts/scripts/pipeline.py:scaffold_splits:286-300,"first of two grouped inner splits; RF100 sqrt seed n_jobs1; nonconformity1-p; >= tie and +1 smoothing; retain p>alpha with alpha=.1,.2; absent class -> p1",research/results/controls.json:/evaluations/full_valid_set/conformal,Retain bounded wording; implementation present. This status is not scientific validation.,,audit_provenance.json; commands_run.md,,70a604c9bede215f0e3c154aa02a9677e7936eb6d4acea74bbeb7012606e71c2,40b9b0708d888a015abe5043bb273c3c6ee601ae,5ee7257be5a09c9862c2ead2f98416e1e8d1b2fa875624ca009df5cb95934bbb,input_manifest.json; commands_run.md; coverage_integrity_report.json
CM-053,40b9b0708d888a015abe5043bb273c3c6ee601ae,research/manuscript.md,5ee7257be5a09c9862c2ead2f98416e1e8d1b2fa875624ca009df5cb95934bbb,L69:C430,CURRENT@40b9b0708d888a015abe5043bb273c3c6ee601ae,Sets retain labels with p > alpha for alpha 0.1/0.2.,IMPLEMENTED,scripts/scripts/controls.py:conformal_pvalues:238-241;conformal_sets:244-331; scripts/scripts/pipeline.py:scaffold_splits:286-300,"first of two grouped inner splits; RF100 sqrt seed n_jobs1; nonconformity1-p; >= tie and +1 smoothing; retain p>alpha with alpha=.1,.2; absent class -> p1",research/results/controls.json:/evaluations/full_valid_set/conformal,Retain bounded wording; implementation present. This status is not scientific validation.,,audit_provenance.json; commands_run.md,,70a604c9bede215f0e3c154aa02a9677e7936eb6d4acea74bbeb7012606e71c2,40b9b0708d888a015abe5043bb273c3c6ee601ae,5ee7257be5a09c9862c2ead2f98416e1e8d1b2fa875624ca009df5cb95934bbb,input_manifest.json; commands_run.md; coverage_integrity_report.json
CM-054,40b9b0708d888a015abe5043bb273c3c6ee601ae,research/manuscript.md,5ee7257be5a09c9862c2ead2f98416e1e8d1b2fa875624ca009df5cb95934bbb,L69:C483,CURRENT@40b9b0708d888a015abe5043bb273c3c6ee601ae,"Class counts, finite p-value resolution, assignments, coverage and efficiency are released.",IMPLEMENTED,scripts/scripts/controls.py:conformal_pvalues:238-241;conformal_sets:244-331; scripts/scripts/pipeline.py:scaffold_splits:286-300,"first of two grouped inner splits; RF100 sqrt seed n_jobs1; nonconformity1-p; >= tie and +1 smoothing; retain p>alpha with alpha=.1,.2; absent class -> p1",research/results/controls.json:/evaluations/full_valid_set/conformal,Retain bounded wording; implementation present. This status is not scientific validation.,,audit_provenance.json; commands_run.md,,70a604c9bede215f0e3c154aa02a9677e7936eb6d4acea74bbeb7012606e71c2,40b9b0708d888a015abe5043bb273c3c6ee601ae,5ee7257be5a09c9862c2ead2f98416e1e8d1b2fa875624ca009df5cb95934bbb,input_manifest.json; commands_run.md; coverage_integrity_report.json
CM-055,40b9b0708d888a015abe5043bb273c3c6ee601ae,research/manuscript.md,5ee7257be5a09c9862c2ead2f98416e1e8d1b2fa875624ca009df5cb95934bbb,L69:C575,CURRENT@40b9b0708d888a015abe5043bb273c3c6ee601ae,Group shift and label uncertainty mean exchangeability and future coverage are not assured.,IMPLEMENTED,scripts/scripts/controls.py:conformal_pvalues:238-241;conformal_sets:244-331; scripts/scripts/pipeline.py:scaffold_splits:286-300,"first of two grouped inner splits; RF100 sqrt seed n_jobs1; nonconformity1-p; >= tie and +1 smoothing; retain p>alpha with alpha=.1,.2; absent class -> p1",research/results/controls.json:/evaluations/full_valid_set/conformal,Retain bounded wording; implementation present. This status is not scientific validation.,"Deliberate inferential/scope limit, separate from missing code. Do not infer activity, calibration, coverage, homology, energy or new measurements.",audit_provenance.json; commands_run.md,,70a604c9bede215f0e3c154aa02a9677e7936eb6d4acea74bbeb7012606e71c2,40b9b0708d888a015abe5043bb273c3c6ee601ae,5ee7257be5a09c9862c2ead2f98416e1e8d1b2fa875624ca009df5cb95934bbb,input_manifest.json; commands_run.md; coverage_integrity_report.json
CM-056,40b9b0708d888a015abe5043bb273c3c6ee601ae,research/manuscript.md,5ee7257be5a09c9862c2ead2f98416e1e8d1b2fa875624ca009df5cb95934bbb,L73:C1,CURRENT@40b9b0708d888a015abe5043bb273c3c6ee601ae,"We fit the original six methods on all 45 valid structures and score the previously inspected Balikci ledger [2], excluding exact, neutral-fragment-parent or canonical-parent-tautomer training overlaps, and all untested structures.",PARTIALLY IMPLEMENTED,scripts/scripts/transfer.py:score_panel:100-133;measured_challenge:136-196;identity:37-56;identity_matches:59-65;run:359-432,seed42; current six fit_scores methods on valid deduplicated45; all23 source rows scored before exclusions; strict numeric<cutoff at1/10/50; overlap exact/neutral parent/parent tautomer,research/results/transfer.json:/measured_source_challenge,"Replace original six with current six fixed methods: original benchmark included Random and lacked Property_LR, and used a different similarity/normalization procedure. Full-fit/exclusion code is present.",,audit_provenance.json; commands_run.md,,70a604c9bede215f0e3c154aa02a9677e7936eb6d4acea74bbeb7012606e71c2,40b9b0708d888a015abe5043bb273c3c6ee601ae,5ee7257be5a09c9862c2ead2f98416e1e8d1b2fa875624ca009df5cb95934bbb,input_manifest.json; commands_run.md; coverage_integrity_report.json
CM-057,40b9b0708d888a015abe5043bb273c3c6ee601ae,research/manuscript.md,5ee7257be5a09c9862c2ead2f98416e1e8d1b2fa875624ca009df5cb95934bbb,L73:C233,CURRENT@40b9b0708d888a015abe5043bb273c3c6ee601ae,"For each of the fixed 1, 10 and 50 µM cutoffs, numeric IC50 below cutoff defines the threshold-positive group; values above a lower cutoff are threshold negatives, not inactive compounds.",IMPLEMENTED,scripts/scripts/transfer.py:score_panel:100-133;measured_challenge:136-196;identity:37-56;identity_matches:59-65;run:359-432,seed42; current six fit_scores methods on valid deduplicated45; all23 source rows scored before exclusions; strict numeric<cutoff at1/10/50; overlap exact/neutral parent/parent tautomer,research/results/transfer.json:/measured_source_challenge,Retain bounded wording; implementation present. This status is not scientific validation.,"Deliberate inferential/scope limit, separate from missing code. Do not infer activity, calibration, coverage, homology, energy or new measurements.",audit_provenance.json; commands_run.md,,70a604c9bede215f0e3c154aa02a9677e7936eb6d4acea74bbeb7012606e71c2,40b9b0708d888a015abe5043bb273c3c6ee601ae,5ee7257be5a09c9862c2ead2f98416e1e8d1b2fa875624ca009df5cb95934bbb,input_manifest.json; commands_run.md; coverage_integrity_report.json
CM-058,40b9b0708d888a015abe5043bb273c3c6ee601ae,research/manuscript.md,5ee7257be5a09c9862c2ead2f98416e1e8d1b2fa875624ca009df5cb95934bbb,L73:C421,CURRENT@40b9b0708d888a015abe5043bb273c3c6ee601ae,"The source's five reported inactives remain censored >50 µM, never exact 50 µM observations.",IMPLEMENTED,scripts/scripts/transfer.py:score_panel:100-133;measured_challenge:136-196;identity:37-56;identity_matches:59-65;run:359-432,seed42; current six fit_scores methods on valid deduplicated45; all23 source rows scored before exclusions; strict numeric<cutoff at1/10/50; overlap exact/neutral parent/parent tautomer,research/results/transfer.json:/measured_source_challenge,Retain bounded wording; implementation present. This status is not scientific validation.,"Deliberate inferential/scope limit, separate from missing code. Do not infer activity, calibration, coverage, homology, energy or new measurements.",audit_provenance.json; commands_run.md,,70a604c9bede215f0e3c154aa02a9677e7936eb6d4acea74bbeb7012606e71c2,40b9b0708d888a015abe5043bb273c3c6ee601ae,5ee7257be5a09c9862c2ead2f98416e1e8d1b2fa875624ca009df5cb95934bbb,input_manifest.json; commands_run.md; coverage_integrity_report.json
CM-059,40b9b0708d888a015abe5043bb273c3c6ee601ae,research/manuscript.md,5ee7257be5a09c9862c2ead2f98416e1e8d1b2fa875624ca009df5cb95934bbb,L73:C514,CURRENT@40b9b0708d888a015abe5043bb273c3c6ee601ae,All cutoffs are retained without selection; no external set tunes the model.,IMPLEMENTED,scripts/scripts/transfer.py:score_panel:100-133;measured_challenge:136-196;identity:37-56;identity_matches:59-65;run:359-432,seed42; current six fit_scores methods on valid deduplicated45; all23 source rows scored before exclusions; strict numeric<cutoff at1/10/50; overlap exact/neutral parent/parent tautomer,research/results/transfer.json:/measured_source_challenge,Retain bounded wording; implementation present. This status is not scientific validation.,,audit_provenance.json; commands_run.md,,70a604c9bede215f0e3c154aa02a9677e7936eb6d4acea74bbeb7012606e71c2,40b9b0708d888a015abe5043bb273c3c6ee601ae,5ee7257be5a09c9862c2ead2f98416e1e8d1b2fa875624ca009df5cb95934bbb,input_manifest.json; commands_run.md; coverage_integrity_report.json
CM-060,40b9b0708d888a015abe5043bb273c3c6ee601ae,research/manuscript.md,5ee7257be5a09c9862c2ead2f98416e1e8d1b2fa875624ca009df5cb95934bbb,L75:C1,CURRENT@40b9b0708d888a015abe5043bb273c3c6ee601ae,A bounded ChEMBL/BindingDB and primary-source search yielded an additional six unique graphs with eight measurement rows.,PARTIALLY IMPLEMENTED,scripts/scripts/transfer.py:identity:37-56;probe_challenge:199-261;run:359-432; scripts/build_pubchem_audit.py:validated_snapshots:23-39;build_audit:56-156,Endpoint-family separation; standard InChIKey+neutral parent+canonical parent tautomer; one-to-one PubChem joins on ChEMBL assay ID/InChIKey/endpoint/value; relations come from ledger not concise API,"research/external/summary_counts.json:/ledger_rows,/ledger_unique_graphs; research/external/pubchem/audit.json:/counts,/assay_catalog; research/external/NUDT5_external_evidence_report.md","Six graphs/eight measurement rows supported by frozen ledger summary. Retrieval provenance is archived, not an independently repeated exhaustive database search in this audit.",,audit_provenance.json; commands_run.md,,70a604c9bede215f0e3c154aa02a9677e7936eb6d4acea74bbeb7012606e71c2,40b9b0708d888a015abe5043bb273c3c6ee601ae,5ee7257be5a09c9862c2ead2f98416e1e8d1b2fa875624ca009df5cb95934bbb,input_manifest.json; commands_run.md; coverage_integrity_report.json
CM-061,40b9b0708d888a015abe5043bb273c3c6ee601ae,research/manuscript.md,5ee7257be5a09c9862c2ead2f98416e1e8d1b2fa875624ca009df5cb95934bbb,L75:C123,CURRENT@40b9b0708d888a015abe5043bb273c3c6ee601ae,Database mirrors are not independent experiments.,IMPLEMENTED,scripts/scripts/transfer.py:identity:37-56;probe_challenge:199-261;run:359-432; scripts/build_pubchem_audit.py:validated_snapshots:23-39;build_audit:56-156,Endpoint-family separation; standard InChIKey+neutral parent+canonical parent tautomer; one-to-one PubChem joins on ChEMBL assay ID/InChIKey/endpoint/value; relations come from ledger not concise API,"research/external/summary_counts.json:/ledger_rows,/ledger_unique_graphs; research/external/pubchem/audit.json:/counts,/assay_catalog; research/external/NUDT5_external_evidence_report.md",Retain bounded wording; implementation present. This status is not scientific validation.,"Deliberate inferential/scope limit, separate from missing code. Do not infer activity, calibration, coverage, homology, energy or new measurements.",audit_provenance.json; commands_run.md,,70a604c9bede215f0e3c154aa02a9677e7936eb6d4acea74bbeb7012606e71c2,40b9b0708d888a015abe5043bb273c3c6ee601ae,5ee7257be5a09c9862c2ead2f98416e1e8d1b2fa875624ca009df5cb95934bbb,input_manifest.json; commands_run.md; coverage_integrity_report.json
CM-062,40b9b0708d888a015abe5043bb273c3c6ee601ae,research/manuscript.md,5ee7257be5a09c9862c2ead2f98416e1e8d1b2fa875624ca009df5cb95934bbb,L75:C173,CURRENT@40b9b0708d888a015abe5043bb273c3c6ee601ae,"IC50, the SGC curve-label EC50 discrepancy, surface plasmon resonance (SPR) KD, lysate Kinobead apparent Kd and cell-viability endpoints are not pooled.",IMPLEMENTED,scripts/scripts/transfer.py:identity:37-56;probe_challenge:199-261;run:359-432; scripts/build_pubchem_audit.py:validated_snapshots:23-39;build_audit:56-156,Endpoint-family separation; standard InChIKey+neutral parent+canonical parent tautomer; one-to-one PubChem joins on ChEMBL assay ID/InChIKey/endpoint/value; relations come from ledger not concise API,"research/external/summary_counts.json:/ledger_rows,/ledger_unique_graphs; research/external/pubchem/audit.json:/counts,/assay_catalog; research/external/NUDT5_external_evidence_report.md",Retain bounded wording; implementation present. This status is not scientific validation.,"Deliberate inferential/scope limit, separate from missing code. Do not infer activity, calibration, coverage, homology, energy or new measurements.",audit_provenance.json; commands_run.md,,70a604c9bede215f0e3c154aa02a9677e7936eb6d4acea74bbeb7012606e71c2,40b9b0708d888a015abe5043bb273c3c6ee601ae,5ee7257be5a09c9862c2ead2f98416e1e8d1b2fa875624ca009df5cb95934bbb,input_manifest.json; commands_run.md; coverage_integrity_report.json
CM-063,40b9b0708d888a015abe5043bb273c3c6ee601ae,research/manuscript.md,5ee7257be5a09c9862c2ead2f98416e1e8d1b2fa875624ca009df5cb95934bbb,L75:C326,CURRENT@40b9b0708d888a015abe5043bb273c3c6ee601ae,"The SGC/MSD MRK pair is a known, exposed one-pair diagnostic [10]; species/construct and control stereochemistry uncertainties remain visible.",IMPLEMENTED,scripts/scripts/transfer.py:identity:37-56;probe_challenge:199-261;run:359-432; scripts/build_pubchem_audit.py:validated_snapshots:23-39;build_audit:56-156,Endpoint-family separation; standard InChIKey+neutral parent+canonical parent tautomer; one-to-one PubChem joins on ChEMBL assay ID/InChIKey/endpoint/value; relations come from ledger not concise API,"research/external/summary_counts.json:/ledger_rows,/ledger_unique_graphs; research/external/pubchem/audit.json:/counts,/assay_catalog; research/external/NUDT5_external_evidence_report.md",Retain bounded wording; implementation present. This status is not scientific validation.,,audit_provenance.json; commands_run.md,,70a604c9bede215f0e3c154aa02a9677e7936eb6d4acea74bbeb7012606e71c2,40b9b0708d888a015abe5043bb273c3c6ee601ae,5ee7257be5a09c9862c2ead2f98416e1e8d1b2fa875624ca009df5cb95934bbb,input_manifest.json; commands_run.md; coverage_integrity_report.json
CM-064,40b9b0708d888a015abe5043bb273c3c6ee601ae,research/manuscript.md,5ee7257be5a09c9862c2ead2f98416e1e8d1b2fa875624ca009df5cb95934bbb,L75:C469,CURRENT@40b9b0708d888a015abe5043bb273c3c6ee601ae,Standard InChI/InChIKey and neutral-parent/tautomer flags supplement exact identity checks without editing training graphs or inferring equal bioactivity.,IMPLEMENTED,scripts/scripts/transfer.py:identity:37-56;probe_challenge:199-261;run:359-432; scripts/build_pubchem_audit.py:validated_snapshots:23-39;build_audit:56-156,Endpoint-family separation; standard InChIKey+neutral parent+canonical parent tautomer; one-to-one PubChem joins on ChEMBL assay ID/InChIKey/endpoint/value; relations come from ledger not concise API,"research/external/summary_counts.json:/ledger_rows,/ledger_unique_graphs; research/external/pubchem/audit.json:/counts,/assay_catalog; research/external/NUDT5_external_evidence_report.md",Retain bounded wording; implementation present. This status is not scientific validation.,,audit_provenance.json; commands_run.md,,70a604c9bede215f0e3c154aa02a9677e7936eb6d4acea74bbeb7012606e71c2,40b9b0708d888a015abe5043bb273c3c6ee601ae,5ee7257be5a09c9862c2ead2f98416e1e8d1b2fa875624ca009df5cb95934bbb,input_manifest.json; commands_run.md; coverage_integrity_report.json
CM-065,40b9b0708d888a015abe5043bb273c3c6ee601ae,research/manuscript.md,5ee7257be5a09c9862c2ead2f98416e1e8d1b2fa875624ca009df5cb95934bbb,L75:C624,CURRENT@40b9b0708d888a015abe5043bb273c3c6ee601ae,Original source structures and endpoint records are retained alongside predictions.,IMPLEMENTED,scripts/scripts/transfer.py:identity:37-56;probe_challenge:199-261;run:359-432; scripts/build_pubchem_audit.py:validated_snapshots:23-39;build_audit:56-156,Endpoint-family separation; standard InChIKey+neutral parent+canonical parent tautomer; one-to-one PubChem joins on ChEMBL assay ID/InChIKey/endpoint/value; relations come from ledger not concise API,"research/external/summary_counts.json:/ledger_rows,/ledger_unique_graphs; research/external/pubchem/audit.json:/counts,/assay_catalog; research/external/NUDT5_external_evidence_report.md",Retain bounded wording; implementation present. This status is not scientific validation.,,audit_provenance.json; commands_run.md,,70a604c9bede215f0e3c154aa02a9677e7936eb6d4acea74bbeb7012606e71c2,40b9b0708d888a015abe5043bb273c3c6ee601ae,5ee7257be5a09c9862c2ead2f98416e1e8d1b2fa875624ca009df5cb95934bbb,input_manifest.json; commands_run.md; coverage_integrity_report.json
CM-066,40b9b0708d888a015abe5043bb273c3c6ee601ae,research/manuscript.md,5ee7257be5a09c9862c2ead2f98416e1e8d1b2fa875624ca009df5cb95934bbb,L75:C708,CURRENT@40b9b0708d888a015abe5043bb273c3c6ee601ae,"A subsequent two-index PubChem provenance cross-check (`research/external/pubchem/`) found 21 assay descriptions (12 RNAi screens, 9 ChEMBL-deposited protein assays).",IMPLEMENTED,scripts/scripts/transfer.py:identity:37-56;probe_challenge:199-261;run:359-432; scripts/build_pubchem_audit.py:validated_snapshots:23-39;build_audit:56-156,Endpoint-family separation; standard InChIKey+neutral parent+canonical parent tautomer; one-to-one PubChem joins on ChEMBL assay ID/InChIKey/endpoint/value; relations come from ledger not concise API,"research/external/summary_counts.json:/ledger_rows,/ledger_unique_graphs; research/external/pubchem/audit.json:/counts,/assay_catalog; research/external/NUDT5_external_evidence_report.md",Retain bounded wording; implementation present. This status is not scientific validation.,,audit_provenance.json; commands_run.md,,70a604c9bede215f0e3c154aa02a9677e7936eb6d4acea74bbeb7012606e71c2,40b9b0708d888a015abe5043bb273c3c6ee601ae,5ee7257be5a09c9862c2ead2f98416e1e8d1b2fa875624ca009df5cb95934bbb,input_manifest.json; commands_run.md; coverage_integrity_report.json
CM-067,40b9b0708d888a015abe5043bb273c3c6ee601ae,research/manuscript.md,5ee7257be5a09c9862c2ead2f98416e1e8d1b2fa875624ca009df5cb95934bbb,L75:C875,CURRENT@40b9b0708d888a015abe5043bb273c3c6ee601ae,"All 26 concise rows across 16 CIDs linked to existing ledger records, not new independent evidence.",IMPLEMENTED,scripts/scripts/transfer.py:identity:37-56;probe_challenge:199-261;run:359-432; scripts/build_pubchem_audit.py:validated_snapshots:23-39;build_audit:56-156,Endpoint-family separation; standard InChIKey+neutral parent+canonical parent tautomer; one-to-one PubChem joins on ChEMBL assay ID/InChIKey/endpoint/value; relations come from ledger not concise API,"research/external/summary_counts.json:/ledger_rows,/ledger_unique_graphs; research/external/pubchem/audit.json:/counts,/assay_catalog; research/external/NUDT5_external_evidence_report.md",Retain bounded wording; implementation present. This status is not scientific validation.,"Deliberate inferential/scope limit, separate from missing code. Do not infer activity, calibration, coverage, homology, energy or new measurements.",audit_provenance.json; commands_run.md,,70a604c9bede215f0e3c154aa02a9677e7936eb6d4acea74bbeb7012606e71c2,40b9b0708d888a015abe5043bb273c3c6ee601ae,5ee7257be5a09c9862c2ead2f98416e1e8d1b2fa875624ca009df5cb95934bbb,input_manifest.json; commands_run.md; coverage_integrity_report.json
CM-068,40b9b0708d888a015abe5043bb273c3c6ee601ae,research/manuscript.md,5ee7257be5a09c9862c2ead2f98416e1e8d1b2fa875624ca009df5cb95934bbb,L75:C975,CURRENT@40b9b0708d888a015abe5043bb273c3c6ee601ae,"Six ledger values are censored and two missing; the concise API omits relation symbols, so its numbers are not treated as exact measurements.",IMPLEMENTED,scripts/scripts/transfer.py:identity:37-56;probe_challenge:199-261;run:359-432; scripts/build_pubchem_audit.py:validated_snapshots:23-39;build_audit:56-156,Endpoint-family separation; standard InChIKey+neutral parent+canonical parent tautomer; one-to-one PubChem joins on ChEMBL assay ID/InChIKey/endpoint/value; relations come from ledger not concise API,"research/external/summary_counts.json:/ledger_rows,/ledger_unique_graphs; research/external/pubchem/audit.json:/counts,/assay_catalog; research/external/NUDT5_external_evidence_report.md",Retain bounded wording; implementation present. This status is not scientific validation.,"Deliberate inferential/scope limit, separate from missing code. Do not infer activity, calibration, coverage, homology, energy or new measurements.",audit_provenance.json; commands_run.md,,70a604c9bede215f0e3c154aa02a9677e7936eb6d4acea74bbeb7012606e71c2,40b9b0708d888a015abe5043bb273c3c6ee601ae,5ee7257be5a09c9862c2ead2f98416e1e8d1b2fa875624ca009df5cb95934bbb,input_manifest.json; commands_run.md; coverage_integrity_report.json
CM-069,40b9b0708d888a015abe5043bb273c3c6ee601ae,research/manuscript.md,5ee7257be5a09c9862c2ead2f98416e1e8d1b2fa875624ca009df5cb95934bbb,L79:C1,CURRENT@40b9b0708d888a015abe5043bb273c3c6ee601ae,"The paired ledger retains 23 Balikci source graphs and all 46 NUDT5/NUDT14 endpoint cells [2, Table 1 and supplementary CSV].",IMPLEMENTED,scripts/scripts/selectivity.py:validate_source_rows:484-555;validate_endpoint:241-287;ratio:290-333;eligibility:475-481;join_scores:558-637;analyze:666-735,23 graphs x2 targets; numerator NUDT14; strict censor bounds; SD preserved no propagation; two frozen scenarios with six identity-joined methods; no refit or ROC,research/selectivity/paired_evidence.json:/rows; research/selectivity/summary_counts.json; research/results/selectivity.json,Retain bounded wording; implementation present. This status is not scientific validation.,,audit_provenance.json; commands_run.md,,70a604c9bede215f0e3c154aa02a9677e7936eb6d4acea74bbeb7012606e71c2,40b9b0708d888a015abe5043bb273c3c6ee601ae,5ee7257be5a09c9862c2ead2f98416e1e8d1b2fa875624ca009df5cb95934bbb,input_manifest.json; commands_run.md; coverage_integrity_report.json
CM-070,40b9b0708d888a015abe5043bb273c3c6ee601ae,research/manuscript.md,5ee7257be5a09c9862c2ead2f98416e1e8d1b2fa875624ca009df5cb95934bbb,L79:C127,CURRENT@40b9b0708d888a015abe5043bb273c3c6ee601ae,"We compute R = reported mean catalytic IC50(NUDT14)/reported mean catalytic IC50(NUDT5), and log10 R, only where identified.",IMPLEMENTED,scripts/scripts/selectivity.py:validate_source_rows:484-555;validate_endpoint:241-287;ratio:290-333;eligibility:475-481;join_scores:558-637;analyze:666-735,23 graphs x2 targets; numerator NUDT14; strict censor bounds; SD preserved no propagation; two frozen scenarios with six identity-joined methods; no refit or ROC,research/selectivity/paired_evidence.json:/rows; research/selectivity/summary_counts.json; research/results/selectivity.json,Retain bounded wording; implementation present. This status is not scientific validation.,,audit_provenance.json; commands_run.md,,70a604c9bede215f0e3c154aa02a9677e7936eb6d4acea74bbeb7012606e71c2,40b9b0708d888a015abe5043bb273c3c6ee601ae,5ee7257be5a09c9862c2ead2f98416e1e8d1b2fa875624ca009df5cb95934bbb,input_manifest.json; commands_run.md; coverage_integrity_report.json
CM-071,40b9b0708d888a015abe5043bb273c3c6ee601ae,research/manuscript.md,5ee7257be5a09c9862c2ead2f98416e1e8d1b2fa875624ca009df5cb95934bbb,L79:C252,CURRENT@40b9b0708d888a015abe5043bb273c3c6ee601ae,A strict censored denominator supplies an upper bound; double censoring identifies neither a finite bound nor direction.,IMPLEMENTED,scripts/scripts/selectivity.py:validate_source_rows:484-555;validate_endpoint:241-287;ratio:290-333;eligibility:475-481;join_scores:558-637;analyze:666-735,23 graphs x2 targets; numerator NUDT14; strict censor bounds; SD preserved no propagation; two frozen scenarios with six identity-joined methods; no refit or ROC,research/selectivity/paired_evidence.json:/rows; research/selectivity/summary_counts.json; research/results/selectivity.json,Retain bounded wording; implementation present. This status is not scientific validation.,,audit_provenance.json; commands_run.md,,70a604c9bede215f0e3c154aa02a9677e7936eb6d4acea74bbeb7012606e71c2,40b9b0708d888a015abe5043bb273c3c6ee601ae,5ee7257be5a09c9862c2ead2f98416e1e8d1b2fa875624ca009df5cb95934bbb,input_manifest.json; commands_run.md; coverage_integrity_report.json
CM-072,40b9b0708d888a015abe5043bb273c3c6ee601ae,research/manuscript.md,5ee7257be5a09c9862c2ead2f98416e1e8d1b2fa875624ca009df5cb95934bbb,L79:C373,CURRENT@40b9b0708d888a015abe5043bb273c3c6ee601ae,Untested is not inactive.,IMPLEMENTED,scripts/scripts/selectivity.py:validate_source_rows:484-555;validate_endpoint:241-287;ratio:290-333;eligibility:475-481;join_scores:558-637;analyze:666-735,23 graphs x2 targets; numerator NUDT14; strict censor bounds; SD preserved no propagation; two frozen scenarios with six identity-joined methods; no refit or ROC,research/selectivity/paired_evidence.json:/rows; research/selectivity/summary_counts.json; research/results/selectivity.json,Retain bounded wording; implementation present. This status is not scientific validation.,"Deliberate inferential/scope limit, separate from missing code. Do not infer activity, calibration, coverage, homology, energy or new measurements.",audit_provenance.json; commands_run.md,,70a604c9bede215f0e3c154aa02a9677e7936eb6d4acea74bbeb7012606e71c2,40b9b0708d888a015abe5043bb273c3c6ee601ae,5ee7257be5a09c9862c2ead2f98416e1e8d1b2fa875624ca009df5cb95934bbb,input_manifest.json; commands_run.md; coverage_integrity_report.json
CM-073,40b9b0708d888a015abe5043bb273c3c6ee601ae,research/manuscript.md,5ee7257be5a09c9862c2ead2f98416e1e8d1b2fa875624ca009df5cb95934bbb,L79:C399,CURRENT@40b9b0708d888a015abe5043bb273c3c6ee601ae,"Published target-level SDs are retained, but raw paired replicates/covariance are unavailable, so ratio uncertainty is not estimated.",IMPLEMENTED,scripts/scripts/selectivity.py:validate_source_rows:484-555;validate_endpoint:241-287;ratio:290-333;eligibility:475-481;join_scores:558-637;analyze:666-735,23 graphs x2 targets; numerator NUDT14; strict censor bounds; SD preserved no propagation; two frozen scenarios with six identity-joined methods; no refit or ROC,research/selectivity/paired_evidence.json:/rows; research/selectivity/summary_counts.json; research/results/selectivity.json,Retain bounded wording; implementation present. This status is not scientific validation.,"Deliberate inferential/scope limit, separate from missing code. Do not infer activity, calibration, coverage, homology, energy or new measurements.",audit_provenance.json; commands_run.md,,70a604c9bede215f0e3c154aa02a9677e7936eb6d4acea74bbeb7012606e71c2,40b9b0708d888a015abe5043bb273c3c6ee601ae,5ee7257be5a09c9862c2ead2f98416e1e8d1b2fa875624ca009df5cb95934bbb,input_manifest.json; commands_run.md; coverage_integrity_report.json
CM-074,40b9b0708d888a015abe5043bb273c3c6ee601ae,research/manuscript.md,5ee7257be5a09c9862c2ead2f98416e1e8d1b2fa875624ca009df5cb95934bbb,L79:C533,CURRENT@40b9b0708d888a015abe5043bb273c3c6ee601ae,Exact/parent/tautomer training overlaps exclude model diagnostics only.,IMPLEMENTED,scripts/scripts/selectivity.py:validate_source_rows:484-555;validate_endpoint:241-287;ratio:290-333;eligibility:475-481;join_scores:558-637;analyze:666-735,23 graphs x2 targets; numerator NUDT14; strict censor bounds; SD preserved no propagation; two frozen scenarios with six identity-joined methods; no refit or ROC,research/selectivity/paired_evidence.json:/rows; research/selectivity/summary_counts.json; research/results/selectivity.json,Retain bounded wording; implementation present. This status is not scientific validation.,,audit_provenance.json; commands_run.md,,70a604c9bede215f0e3c154aa02a9677e7936eb6d4acea74bbeb7012606e71c2,40b9b0708d888a015abe5043bb273c3c6ee601ae,5ee7257be5a09c9862c2ead2f98416e1e8d1b2fa875624ca009df5cb95934bbb,input_manifest.json; commands_run.md; coverage_integrity_report.json
CM-075,40b9b0708d888a015abe5043bb273c3c6ee601ae,research/manuscript.md,5ee7257be5a09c9862c2ead2f98416e1e8d1b2fa875624ca009df5cb95934bbb,L79:C605,CURRENT@40b9b0708d888a015abe5043bb273c3c6ee601ae,"All six previously frozen scores and both graph scenarios are joined without refitting, thresholds, AUC or inferential testing.",IMPLEMENTED,scripts/scripts/selectivity.py:validate_source_rows:484-555;validate_endpoint:241-287;ratio:290-333;eligibility:475-481;join_scores:558-637;analyze:666-735,23 graphs x2 targets; numerator NUDT14; strict censor bounds; SD preserved no propagation; two frozen scenarios with six identity-joined methods; no refit or ROC,research/selectivity/paired_evidence.json:/rows; research/selectivity/summary_counts.json; research/results/selectivity.json,Retain bounded wording; implementation present. This status is not scientific validation.,,audit_provenance.json; commands_run.md,,70a604c9bede215f0e3c154aa02a9677e7936eb6d4acea74bbeb7012606e71c2,40b9b0708d888a015abe5043bb273c3c6ee601ae,5ee7257be5a09c9862c2ead2f98416e1e8d1b2fa875624ca009df5cb95934bbb,input_manifest.json; commands_run.md; coverage_integrity_report.json
CM-076,40b9b0708d888a015abe5043bb273c3c6ee601ae,research/manuscript.md,5ee7257be5a09c9862c2ead2f98416e1e8d1b2fa875624ca009df5cb95934bbb,L81:C1,CURRENT@40b9b0708d888a015abe5043bb273c3c6ee601ae,"Separately, the future-input assay analyzer validates declared hashes/metadata, planned wells, units and technical-replicate aggregation before a bounded descriptive four-parameter fit.",IMPLEMENTED,scripts/scripts/assay.py:load_package:560-604;qualification_reasons:607-631;aggregate_observations:634-661;fit_response:698-879;analyze:882-946,"four parameters bottom/ln amplitude/log10 midpoint/ln hill; trf least_squares,loss linear,x_scale jac; min8 concentrations; 3x3 starts; max_nfev4000/tol1e-10; policy refuses unsupported values; no CI","research/assay/contract.json:/numeric_policy,/solver,/absolute_50_rule; research/assay/handoff_requirements.json",Retain bounded wording; implementation present. This status is not scientific validation.,,audit_provenance.json; commands_run.md,,70a604c9bede215f0e3c154aa02a9677e7936eb6d4acea74bbeb7012606e71c2,40b9b0708d888a015abe5043bb273c3c6ee601ae,5ee7257be5a09c9862c2ead2f98416e1e8d1b2fa875624ca009df5cb95934bbb,input_manifest.json; commands_run.md; coverage_integrity_report.json
CM-077,40b9b0708d888a015abe5043bb273c3c6ee601ae,research/manuscript.md,5ee7257be5a09c9862c2ead2f98416e1e8d1b2fa875624ca009df5cb95934bbb,L81:C187,CURRENT@40b9b0708d888a015abe5043bb273c3c6ee601ae,"It distinguishes the relative fitted midpoint from the absolute control-normalized 50% crossing, refusing unsupported curves rather than inventing potency or confidence intervals.",IMPLEMENTED,scripts/scripts/assay.py:load_package:560-604;qualification_reasons:607-631;aggregate_observations:634-661;fit_response:698-879;analyze:882-946,"four parameters bottom/ln amplitude/log10 midpoint/ln hill; trf least_squares,loss linear,x_scale jac; min8 concentrations; 3x3 starts; max_nfev4000/tol1e-10; policy refuses unsupported values; no CI","research/assay/contract.json:/numeric_policy,/solver,/absolute_50_rule; research/assay/handoff_requirements.json",Retain bounded wording; implementation present. This status is not scientific validation.,"Deliberate inferential/scope limit, separate from missing code. Do not infer activity, calibration, coverage, homology, energy or new measurements.",audit_provenance.json; commands_run.md,,70a604c9bede215f0e3c154aa02a9677e7936eb6d4acea74bbeb7012606e71c2,40b9b0708d888a015abe5043bb273c3c6ee601ae,5ee7257be5a09c9862c2ead2f98416e1e8d1b2fa875624ca009df5cb95934bbb,input_manifest.json; commands_run.md; coverage_integrity_report.json
CM-078,40b9b0708d888a015abe5043bb273c3c6ee601ae,research/manuscript.md,5ee7257be5a09c9862c2ead2f98416e1e8d1b2fa875624ca009df5cb95934bbb,L81:C367,CURRENT@40b9b0708d888a015abe5043bb273c3c6ee601ae,"Synthetic curves are SOFTWARE TESTS ONLY, never measured-source or biological Results.",IMPLEMENTED,scripts/scripts/assay.py:load_package:560-604;qualification_reasons:607-631;aggregate_observations:634-661;fit_response:698-879;analyze:882-946,"four parameters bottom/ln amplitude/log10 midpoint/ln hill; trf least_squares,loss linear,x_scale jac; min8 concentrations; 3x3 starts; max_nfev4000/tol1e-10; policy refuses unsupported values; no CI","research/assay/contract.json:/numeric_policy,/solver,/absolute_50_rule; research/assay/handoff_requirements.json",Retain bounded wording; implementation present. This status is not scientific validation.,"Deliberate inferential/scope limit, separate from missing code. Do not infer activity, calibration, coverage, homology, energy or new measurements.",audit_provenance.json; commands_run.md,,70a604c9bede215f0e3c154aa02a9677e7936eb6d4acea74bbeb7012606e71c2,40b9b0708d888a015abe5043bb273c3c6ee601ae,5ee7257be5a09c9862c2ead2f98416e1e8d1b2fa875624ca009df5cb95934bbb,input_manifest.json; commands_run.md; coverage_integrity_report.json
CM-079,40b9b0708d888a015abe5043bb273c3c6ee601ae,research/manuscript.md,5ee7257be5a09c9862c2ead2f98416e1e8d1b2fa875624ca009df5cb95934bbb,L81:C454,CURRENT@40b9b0708d888a015abe5043bb273c3c6ee601ae,"Software checks cannot authenticate raw vendor values, normalization, actual blinding, independent preparations or laboratory qualification; these remain human responsibilities under the protocol in `research/assay/`.",IMPLEMENTED,scripts/scripts/assay.py:load_package:560-604;qualification_reasons:607-631;aggregate_observations:634-661;fit_response:698-879;analyze:882-946,"four parameters bottom/ln amplitude/log10 midpoint/ln hill; trf least_squares,loss linear,x_scale jac; min8 concentrations; 3x3 starts; max_nfev4000/tol1e-10; policy refuses unsupported values; no CI","research/assay/contract.json:/numeric_policy,/solver,/absolute_50_rule; research/assay/handoff_requirements.json",Retain bounded wording; implementation present. This status is not scientific validation.,"Deliberate inferential/scope limit, separate from missing code. Do not infer activity, calibration, coverage, homology, energy or new measurements.",audit_provenance.json; commands_run.md,,70a604c9bede215f0e3c154aa02a9677e7936eb6d4acea74bbeb7012606e71c2,40b9b0708d888a015abe5043bb273c3c6ee601ae,5ee7257be5a09c9862c2ead2f98416e1e8d1b2fa875624ca009df5cb95934bbb,input_manifest.json; commands_run.md; coverage_integrity_report.json
CM-080,40b9b0708d888a015abe5043bb273c3c6ee601ae,research/manuscript.md,5ee7257be5a09c9862c2ead2f98416e1e8d1b2fa875624ca009df5cb95934bbb,L85:C1,CURRENT@40b9b0708d888a015abe5043bb273c3c6ee601ae,"The archived 8RIY/NUDT5 and 8OTV/NUDT14 mmCIFs contain the same published ligand, compound 9/W0O [2, Figures 3–4].",IMPLEMENTED,scripts/scripts/structure_comparison.py:parse_cif:103-111;parse_structure:272-511;conformers:223-241;assembly_supported:252-269;proximity:523-601;analyze_structure:609-741;load_package:748-955,"Gemmi0.7.3; assembly1 identity,model1,chainsA/B; four W0O sites; H/D excluded; occupancy>0 retained unweighted; local alternatives separate; all retained pairs<=5A; null complete-residue estimates",research/structure_comparison/geometry_contract.json; sources/8RIY.cif;sources/8OTV.cif; primary_excerpts.json:C02-C04,Retain bounded wording; implementation present. This status is not scientific validation.,,audit_provenance.json; commands_run.md,,70a604c9bede215f0e3c154aa02a9677e7936eb6d4acea74bbeb7012606e71c2,40b9b0708d888a015abe5043bb273c3c6ee601ae,5ee7257be5a09c9862c2ead2f98416e1e8d1b2fa875624ca009df5cb95934bbb,input_manifest.json; commands_run.md; coverage_integrity_report.json
CM-081,40b9b0708d888a015abe5043bb273c3c6ee601ae,research/manuscript.md,5ee7257be5a09c9862c2ead2f98416e1e8d1b2fa875624ca009df5cb95934bbb,L85:C116,CURRENT@40b9b0708d888a015abe5043bb273c3c6ee601ae,"Gemmi 0.7.3 parses raw categories with label/author identities, occupancy and alternate/missing tokens retained.",IMPLEMENTED,scripts/scripts/structure_comparison.py:parse_cif:103-111;parse_structure:272-511;conformers:223-241;assembly_supported:252-269;proximity:523-601;analyze_structure:609-741;load_package:748-955,"Gemmi0.7.3; assembly1 identity,model1,chainsA/B; four W0O sites; H/D excluded; occupancy>0 retained unweighted; local alternatives separate; all retained pairs<=5A; null complete-residue estimates",research/structure_comparison/geometry_contract.json; sources/8RIY.cif;sources/8OTV.cif; primary_excerpts.json:C02-C04,Retain bounded wording; implementation present. This status is not scientific validation.,,audit_provenance.json; commands_run.md,,70a604c9bede215f0e3c154aa02a9677e7936eb6d4acea74bbeb7012606e71c2,40b9b0708d888a015abe5043bb273c3c6ee601ae,5ee7257be5a09c9862c2ead2f98416e1e8d1b2fa875624ca009df5cb95934bbb,input_manifest.json; commands_run.md; coverage_integrity_report.json
CM-082,40b9b0708d888a015abe5043bb273c3c6ee601ae,research/manuscript.md,5ee7257be5a09c9862c2ead2f98416e1e8d1b2fa875624ca009df5cb95934bbb,L85:C229,CURRENT@40b9b0708d888a015abe5043bb273c3c6ee601ae,"Hash-checked inputs define model 1, assembly 1 (identity over the deposited dimer), both protein chains and every W0O site.",IMPLEMENTED,scripts/scripts/structure_comparison.py:parse_cif:103-111;parse_structure:272-511;conformers:223-241;assembly_supported:252-269;proximity:523-601;analyze_structure:609-741;load_package:748-955,"Gemmi0.7.3; assembly1 identity,model1,chainsA/B; four W0O sites; H/D excluded; occupancy>0 retained unweighted; local alternatives separate; all retained pairs<=5A; null complete-residue estimates",research/structure_comparison/geometry_contract.json; sources/8RIY.cif;sources/8OTV.cif; primary_excerpts.json:C02-C04,Retain bounded wording; implementation present. This status is not scientific validation.,,audit_provenance.json; commands_run.md,,70a604c9bede215f0e3c154aa02a9677e7936eb6d4acea74bbeb7012606e71c2,40b9b0708d888a015abe5043bb273c3c6ee601ae,5ee7257be5a09c9862c2ead2f98416e1e8d1b2fa875624ca009df5cb95934bbb,input_manifest.json; commands_run.md; coverage_integrity_report.json
CM-083,40b9b0708d888a015abe5043bb273c3c6ee601ae,research/manuscript.md,5ee7257be5a09c9862c2ead2f98416e1e8d1b2fa875624ca009df5cb95934bbb,L85:C353,CURRENT@40b9b0708d888a015abe5043bb273c3c6ee601ae,"For each local residue conformer we compute the minimum Euclidean distance between retained ligand and protein heavy atoms, preserving atom witnesses and every pair within 5.0 Å.",IMPLEMENTED,scripts/scripts/structure_comparison.py:parse_cif:103-111;parse_structure:272-511;conformers:223-241;assembly_supported:252-269;proximity:523-601;analyze_structure:609-741;load_package:748-955,"Gemmi0.7.3; assembly1 identity,model1,chainsA/B; four W0O sites; H/D excluded; occupancy>0 retained unweighted; local alternatives separate; all retained pairs<=5A; null complete-residue estimates",research/structure_comparison/geometry_contract.json; sources/8RIY.cif;sources/8OTV.cif; primary_excerpts.json:C02-C04,Retain bounded wording; implementation present. This status is not scientific validation.,,audit_provenance.json; commands_run.md,,70a604c9bede215f0e3c154aa02a9677e7936eb6d4acea74bbeb7012606e71c2,40b9b0708d888a015abe5043bb273c3c6ee601ae,5ee7257be5a09c9862c2ead2f98416e1e8d1b2fa875624ca009df5cb95934bbb,input_manifest.json; commands_run.md; coverage_integrity_report.json
CM-084,40b9b0708d888a015abe5043bb273c3c6ee601ae,research/manuscript.md,5ee7257be5a09c9862c2ead2f98416e1e8d1b2fa875624ca009df5cb95934bbb,L85:C532,CURRENT@40b9b0708d888a015abe5043bb273c3c6ee601ae,"Hydrogen/deuterium and zero-occupancy atoms are excluded; positive fractional occupancy is flagged, not weighted.",IMPLEMENTED,scripts/scripts/structure_comparison.py:parse_cif:103-111;parse_structure:272-511;conformers:223-241;assembly_supported:252-269;proximity:523-601;analyze_structure:609-741;load_package:748-955,"Gemmi0.7.3; assembly1 identity,model1,chainsA/B; four W0O sites; H/D excluded; occupancy>0 retained unweighted; local alternatives separate; all retained pairs<=5A; null complete-residue estimates",research/structure_comparison/geometry_contract.json; sources/8RIY.cif;sources/8OTV.cif; primary_excerpts.json:C02-C04,Retain bounded wording; implementation present. This status is not scientific validation.,"Deliberate inferential/scope limit, separate from missing code. Do not infer activity, calibration, coverage, homology, energy or new measurements.",audit_provenance.json; commands_run.md,,70a604c9bede215f0e3c154aa02a9677e7936eb6d4acea74bbeb7012606e71c2,40b9b0708d888a015abe5043bb273c3c6ee601ae,5ee7257be5a09c9862c2ead2f98416e1e8d1b2fa875624ca009df5cb95934bbb,input_manifest.json; commands_run.md; coverage_integrity_report.json
CM-085,40b9b0708d888a015abe5043bb273c3c6ee601ae,research/manuscript.md,5ee7257be5a09c9862c2ead2f98416e1e8d1b2fa875624ca009df5cb95934bbb,L85:C646,CURRENT@40b9b0708d888a015abe5043bb273c3c6ee601ae,Alternatives are not merged into joint states.,IMPLEMENTED,scripts/scripts/structure_comparison.py:parse_cif:103-111;parse_structure:272-511;conformers:223-241;assembly_supported:252-269;proximity:523-601;analyze_structure:609-741;load_package:748-955,"Gemmi0.7.3; assembly1 identity,model1,chainsA/B; four W0O sites; H/D excluded; occupancy>0 retained unweighted; local alternatives separate; all retained pairs<=5A; null complete-residue estimates",research/structure_comparison/geometry_contract.json; sources/8RIY.cif;sources/8OTV.cif; primary_excerpts.json:C02-C04,Retain bounded wording; implementation present. This status is not scientific validation.,"Deliberate inferential/scope limit, separate from missing code. Do not infer activity, calibration, coverage, homology, energy or new measurements.",audit_provenance.json; commands_run.md,,70a604c9bede215f0e3c154aa02a9677e7936eb6d4acea74bbeb7012606e71c2,40b9b0708d888a015abe5043bb273c3c6ee601ae,5ee7257be5a09c9862c2ead2f98416e1e8d1b2fa875624ca009df5cb95934bbb,input_manifest.json; commands_run.md; coverage_integrity_report.json
CM-086,40b9b0708d888a015abe5043bb273c3c6ee601ae,research/manuscript.md,5ee7257be5a09c9862c2ead2f98416e1e8d1b2fa875624ca009df5cb95934bbb,L85:C693,CURRENT@40b9b0708d888a015abe5043bb273c3c6ee601ae,"Missing residues receive nulls; partial residues report only observed minima, upper bounds on their unknown complete-residue minima.",IMPLEMENTED,scripts/scripts/structure_comparison.py:parse_cif:103-111;parse_structure:272-511;conformers:223-241;assembly_supported:252-269;proximity:523-601;analyze_structure:609-741;load_package:748-955,"Gemmi0.7.3; assembly1 identity,model1,chainsA/B; four W0O sites; H/D excluded; occupancy>0 retained unweighted; local alternatives separate; all retained pairs<=5A; null complete-residue estimates",research/structure_comparison/geometry_contract.json; sources/8RIY.cif;sources/8OTV.cif; primary_excerpts.json:C02-C04,Retain bounded wording; implementation present. This status is not scientific validation.,"Deliberate inferential/scope limit, separate from missing code. Do not infer activity, calibration, coverage, homology, energy or new measurements.",audit_provenance.json; commands_run.md,,70a604c9bede215f0e3c154aa02a9677e7936eb6d4acea74bbeb7012606e71c2,40b9b0708d888a015abe5043bb273c3c6ee601ae,5ee7257be5a09c9862c2ead2f98416e1e8d1b2fa875624ca009df5cb95934bbb,input_manifest.json; commands_run.md; coverage_integrity_report.json
CM-087,40b9b0708d888a015abe5043bb273c3c6ee601ae,research/manuscript.md,5ee7257be5a09c9862c2ead2f98416e1e8d1b2fa875624ca009df5cb95934bbb,L85:C826,CURRENT@40b9b0708d888a015abe5043bb273c3c6ee601ae,Complete-residue distances are not estimated.,IMPLEMENTED,scripts/scripts/structure_comparison.py:parse_cif:103-111;parse_structure:272-511;conformers:223-241;assembly_supported:252-269;proximity:523-601;analyze_structure:609-741;load_package:748-955,"Gemmi0.7.3; assembly1 identity,model1,chainsA/B; four W0O sites; H/D excluded; occupancy>0 retained unweighted; local alternatives separate; all retained pairs<=5A; null complete-residue estimates",research/structure_comparison/geometry_contract.json; sources/8RIY.cif;sources/8OTV.cif; primary_excerpts.json:C02-C04,Retain bounded wording; implementation present. This status is not scientific validation.,"Deliberate inferential/scope limit, separate from missing code. Do not infer activity, calibration, coverage, homology, energy or new measurements.",audit_provenance.json; commands_run.md,,70a604c9bede215f0e3c154aa02a9677e7936eb6d4acea74bbeb7012606e71c2,40b9b0708d888a015abe5043bb273c3c6ee601ae,5ee7257be5a09c9862c2ead2f98416e1e8d1b2fa875624ca009df5cb95934bbb,input_manifest.json; commands_run.md; coverage_integrity_report.json
CM-088,40b9b0708d888a015abe5043bb273c3c6ee601ae,research/manuscript.md,5ee7257be5a09c9862c2ead2f98416e1e8d1b2fa875624ca009df5cb95934bbb,L87:C1,CURRENT@40b9b0708d888a015abe5043bb273c3c6ee601ae,"Inclusive radii 3.5/4.0/4.5/5.0 Å are fixed descriptive conventions (4.0 Å primary), not affinity thresholds.",IMPLEMENTED,scripts/scripts/structure_comparison.py:proximity:523-601;build_result:972-1035; research/structure_comparison/lab_handoff.md:1-126,inclusive3.5/4/4.5/5A; primary4; no density or energy model; proposals are not measurements,"research/structure_comparison/geometry_contract.json; results/run_provenance.json:/counts; handoff_sources.json; sources/PMC11089510.xml:sec4.2,sec4.3,sec4.8",Retain bounded wording; implementation present. This status is not scientific validation.,"Deliberate inferential/scope limit, separate from missing code. Do not infer activity, calibration, coverage, homology, energy or new measurements.",audit_provenance.json; commands_run.md,,70a604c9bede215f0e3c154aa02a9677e7936eb6d4acea74bbeb7012606e71c2,40b9b0708d888a015abe5043bb273c3c6ee601ae,5ee7257be5a09c9862c2ead2f98416e1e8d1b2fa875624ca009df5cb95934bbb,input_manifest.json; commands_run.md; coverage_integrity_report.json
CM-089,40b9b0708d888a015abe5043bb273c3c6ee601ae,research/manuscript.md,5ee7257be5a09c9862c2ead2f98416e1e8d1b2fa875624ca009df5cb95934bbb,L87:C111,CURRENT@40b9b0708d888a015abe5043bb273c3c6ee601ae,"No density, structure factors, refinement, missing-loop reconstruction or coordinate-uncertainty propagation is performed.",IMPLEMENTED,scripts/scripts/structure_comparison.py:proximity:523-601;build_result:972-1035; research/structure_comparison/lab_handoff.md:1-126,inclusive3.5/4/4.5/5A; primary4; no density or energy model; proposals are not measurements,"research/structure_comparison/geometry_contract.json; results/run_provenance.json:/counts; handoff_sources.json; sources/PMC11089510.xml:sec4.2,sec4.3,sec4.8",Retain bounded wording; implementation present. This status is not scientific validation.,"Deliberate inferential/scope limit, separate from missing code. Do not infer activity, calibration, coverage, homology, energy or new measurements.",audit_provenance.json; commands_run.md,,70a604c9bede215f0e3c154aa02a9677e7936eb6d4acea74bbeb7012606e71c2,40b9b0708d888a015abe5043bb273c3c6ee601ae,5ee7257be5a09c9862c2ead2f98416e1e8d1b2fa875624ca009df5cb95934bbb,input_manifest.json; commands_run.md; coverage_integrity_report.json
CM-090,40b9b0708d888a015abe5043bb273c3c6ee601ae,research/manuscript.md,5ee7257be5a09c9862c2ead2f98416e1e8d1b2fa875624ca009df5cb95934bbb,L87:C234,CURRENT@40b9b0708d888a015abe5043bb273c3c6ee601ae,"Crystal sites are not independent samples; no site-pooled inference, homology mapping or interaction-energy assignment is made.",IMPLEMENTED,scripts/scripts/structure_comparison.py:proximity:523-601;build_result:972-1035; research/structure_comparison/lab_handoff.md:1-126,inclusive3.5/4/4.5/5A; primary4; no density or energy model; proposals are not measurements,"research/structure_comparison/geometry_contract.json; results/run_provenance.json:/counts; handoff_sources.json; sources/PMC11089510.xml:sec4.2,sec4.3,sec4.8",Retain bounded wording; implementation present. This status is not scientific validation.,"Deliberate inferential/scope limit, separate from missing code. Do not infer activity, calibration, coverage, homology, energy or new measurements.",audit_provenance.json; commands_run.md,,70a604c9bede215f0e3c154aa02a9677e7936eb6d4acea74bbeb7012606e71c2,40b9b0708d888a015abe5043bb273c3c6ee601ae,5ee7257be5a09c9862c2ead2f98416e1e8d1b2fa875624ca009df5cb95934bbb,input_manifest.json; commands_run.md; coverage_integrity_report.json
CM-091,40b9b0708d888a015abe5043bb273c3c6ee601ae,research/manuscript.md,5ee7257be5a09c9862c2ead2f98416e1e8d1b2fa875624ca009df5cb95934bbb,L87:C362,CURRENT@40b9b0708d888a015abe5043bb273c3c6ee601ae,The immutable structural input/run records and full tables accompany Figure 7.,IMPLEMENTED,scripts/scripts/structure_comparison.py:proximity:523-601;build_result:972-1035; research/structure_comparison/lab_handoff.md:1-126,inclusive3.5/4/4.5/5A; primary4; no density or energy model; proposals are not measurements,"research/structure_comparison/geometry_contract.json; results/run_provenance.json:/counts; handoff_sources.json; sources/PMC11089510.xml:sec4.2,sec4.3,sec4.8",Retain bounded wording; implementation present. This status is not scientific validation.,,audit_provenance.json; commands_run.md,,70a604c9bede215f0e3c154aa02a9677e7936eb6d4acea74bbeb7012606e71c2,40b9b0708d888a015abe5043bb273c3c6ee601ae,5ee7257be5a09c9862c2ead2f98416e1e8d1b2fa875624ca009df5cb95934bbb,input_manifest.json; commands_run.md; coverage_integrity_report.json
CM-092,40b9b0708d888a015abe5043bb273c3c6ee601ae,research/manuscript.md,5ee7257be5a09c9862c2ead2f98416e1e8d1b2fa875624ca009df5cb95934bbb,L87:C441,CURRENT@40b9b0708d888a015abe5043bb273c3c6ee601ae,"The lab handoff translates these bounded calculations and the published protein/SPR/catalytic Methods [2, sections 4.2, 4.3, 4.8] into the earlier study's H2 falsification, not new experimental evidence.",IMPLEMENTED,scripts/scripts/structure_comparison.py:proximity:523-601;build_result:972-1035; research/structure_comparison/lab_handoff.md:1-126,inclusive3.5/4/4.5/5A; primary4; no density or energy model; proposals are not measurements,"research/structure_comparison/geometry_contract.json; results/run_provenance.json:/counts; handoff_sources.json; sources/PMC11089510.xml:sec4.2,sec4.3,sec4.8",Retain bounded wording; implementation present. This status is not scientific validation.,"Deliberate inferential/scope limit, separate from missing code. Do not infer activity, calibration, coverage, homology, energy or new measurements.",audit_provenance.json; commands_run.md,,70a604c9bede215f0e3c154aa02a9677e7936eb6d4acea74bbeb7012606e71c2,40b9b0708d888a015abe5043bb273c3c6ee601ae,5ee7257be5a09c9862c2ead2f98416e1e8d1b2fa875624ca009df5cb95934bbb,input_manifest.json; commands_run.md; coverage_integrity_report.json
CM-093,40b9b0708d888a015abe5043bb273c3c6ee601ae,research/manuscript.md,5ee7257be5a09c9862c2ead2f98416e1e8d1b2fa875624ca009df5cb95934bbb,L89:C1,CURRENT@40b9b0708d888a015abe5043bb273c3c6ee601ae,"Before structural figure or document publication, the builders reconstruct the fixed-contract result from the trusted checkout's hash-verified archived source package.",IMPLEMENTED,scripts/build_structure_comparison_figures.py:publication_inputs:89-97;validate_source_package:116-135;validate:138-248;load_recorded:251-261; scripts/build_research_documents.py:build:341-416,"rebuild from trusted archived package and compare fields; source fingerprints verified; preserve historical runtime manifest, no retrospective reassignment",tests/test_structure_comparison_figures.py; tests/test_documents.py,Retain bounded wording; implementation present. This status is not scientific validation.,,audit_provenance.json; commands_run.md,,70a604c9bede215f0e3c154aa02a9677e7936eb6d4acea74bbeb7012606e71c2,40b9b0708d888a015abe5043bb273c3c6ee601ae,5ee7257be5a09c9862c2ead2f98416e1e8d1b2fa875624ca009df5cb95934bbb,input_manifest.json; commands_run.md; coverage_integrity_report.json
CM-094,40b9b0708d888a015abe5043bb273c3c6ee601ae,research/manuscript.md,5ee7257be5a09c9862c2ead2f98416e1e8d1b2fa875624ca009df5cb95934bbb,L89:C169,CURRENT@40b9b0708d888a015abe5043bb273c3c6ee601ae,"Every scientific field must match, including the four-site inventory, atom identities, conformers, all retained pairs, target labels and missingness.",IMPLEMENTED,scripts/build_structure_comparison_figures.py:publication_inputs:89-97;validate_source_package:116-135;validate:138-248;load_recorded:251-261; scripts/build_research_documents.py:build:341-416,"rebuild from trusted archived package and compare fields; source fingerprints verified; preserve historical runtime manifest, no retrospective reassignment",tests/test_structure_comparison_figures.py; tests/test_documents.py,Retain bounded wording; implementation present. This status is not scientific validation.,,audit_provenance.json; commands_run.md,,70a604c9bede215f0e3c154aa02a9677e7936eb6d4acea74bbeb7012606e71c2,40b9b0708d888a015abe5043bb273c3c6ee601ae,5ee7257be5a09c9862c2ead2f98416e1e8d1b2fa875624ca009df5cb95934bbb,input_manifest.json; commands_run.md; coverage_integrity_report.json
CM-095,40b9b0708d888a015abe5043bb273c3c6ee601ae,research/manuscript.md,5ee7257be5a09c9862c2ead2f98416e1e8d1b2fa875624ca009df5cb95934bbb,L89:C319,CURRENT@40b9b0708d888a015abe5043bb273c3c6ee601ae,A supplied result hash alone is insufficient.,IMPLEMENTED,scripts/build_structure_comparison_figures.py:publication_inputs:89-97;validate_source_package:116-135;validate:138-248;load_recorded:251-261; scripts/build_research_documents.py:build:341-416,"rebuild from trusted archived package and compare fields; source fingerprints verified; preserve historical runtime manifest, no retrospective reassignment",tests/test_structure_comparison_figures.py; tests/test_documents.py,Retain bounded wording; implementation present. This status is not scientific validation.,,audit_provenance.json; commands_run.md,,70a604c9bede215f0e3c154aa02a9677e7936eb6d4acea74bbeb7012606e71c2,40b9b0708d888a015abe5043bb273c3c6ee601ae,5ee7257be5a09c9862c2ead2f98416e1e8d1b2fa875624ca009df5cb95934bbb,input_manifest.json; commands_run.md; coverage_integrity_report.json
CM-096,40b9b0708d888a015abe5043bb273c3c6ee601ae,research/manuscript.md,5ee7257be5a09c9862c2ead2f98416e1e8d1b2fa875624ca009df5cb95934bbb,L89:C365,CURRENT@40b9b0708d888a015abe5043bb273c3c6ee601ae,Source fingerprints are checked portably; historical runtime provenance is not rewritten.,IMPLEMENTED,scripts/build_structure_comparison_figures.py:publication_inputs:89-97;validate_source_package:116-135;validate:138-248;load_recorded:251-261; scripts/build_research_documents.py:build:341-416,"rebuild from trusted archived package and compare fields; source fingerprints verified; preserve historical runtime manifest, no retrospective reassignment",tests/test_structure_comparison_figures.py; tests/test_documents.py,Retain bounded wording; implementation present. This status is not scientific validation.,"Deliberate inferential/scope limit, separate from missing code. Do not infer activity, calibration, coverage, homology, energy or new measurements.",audit_provenance.json; commands_run.md,,70a604c9bede215f0e3c154aa02a9677e7936eb6d4acea74bbeb7012606e71c2,40b9b0708d888a015abe5043bb273c3c6ee601ae,5ee7257be5a09c9862c2ead2f98416e1e8d1b2fa875624ca009df5cb95934bbb,input_manifest.json; commands_run.md; coverage_integrity_report.json
CM-097,40b9b0708d888a015abe5043bb273c3c6ee601ae,research/manuscript.md,5ee7257be5a09c9862c2ead2f98416e1e8d1b2fa875624ca009df5cb95934bbb,L89:C455,CURRENT@40b9b0708d888a015abe5043bb273c3c6ee601ae,This publication-integrity check reuses the coordinate engine and is not an independent biological validation.,IMPLEMENTED,scripts/build_structure_comparison_figures.py:publication_inputs:89-97;validate_source_package:116-135;validate:138-248;load_recorded:251-261; scripts/build_research_documents.py:build:341-416,"rebuild from trusted archived package and compare fields; source fingerprints verified; preserve historical runtime manifest, no retrospective reassignment",tests/test_structure_comparison_figures.py; tests/test_documents.py,Retain bounded wording; implementation present. This status is not scientific validation.,"Deliberate inferential/scope limit, separate from missing code. Do not infer activity, calibration, coverage, homology, energy or new measurements.",audit_provenance.json; commands_run.md,,70a604c9bede215f0e3c154aa02a9677e7936eb6d4acea74bbeb7012606e71c2,40b9b0708d888a015abe5043bb273c3c6ee601ae,5ee7257be5a09c9862c2ead2f98416e1e8d1b2fa875624ca009df5cb95934bbb,input_manifest.json; commands_run.md; coverage_integrity_report.json
